evaluation,join,shacl_schema_validation,summarization,overall_constraint_evaluation,io,io_histogram,io_piechart,viz_hist,viz_pie,viz_grouped_hist,node_samples,picture_composition,overall
0.0,0.0045680999755859375,0.002885103225708008,0.0,0.0,0.0,0.0,0.0,0.0,0.0,0.0,0.0,0.0,0.009800195693969727
0.0,0.0044786930084228516,0.0029938220977783203,0.0,0.0,0.0,0.0,0.0,0.0,0.0,0.0,0.0,0.0,0.00988316535949707
0.0,0.00453495979309082,0.002983570098876953,0.0,0.0,0.0,0.0,0.0,0.0,0.0,0.0,0.0,0.0,0.009827852249145508
0.0,0.004511356353759766,0.0029082298278808594,0.0,0.0,0.0,0.0,0.0,0.0,0.0,0.0,0.0,0.0,0.009682416915893555
0.0,0.0044591426849365234,0.0030820369720458984,0.0,0.0,0.0,0.0,0.0,0.0,0.0,0.0,0.0,0.0,0.010242223739624023
0.0,0.005588054656982422,0.002980470657348633,0.0,0.0,0.0,0.0,0.0,0.0,0.0,0.0,0.0,0.0,0.010334968566894531
0.0,0.005411386489868164,0.0033397674560546875,0.0,0.0,0.0,0.0,0.0,0.0,0.0,0.0,0.0,0.0,0.010991096496582031
0.0,0.005624532699584961,0.003147125244140625,0.0,0.0,0.0,0.0,0.0,0.0,0.0,0.0,0.0,0.0,0.01063227653503418
0.0,0.005623817443847656,0.0029485225677490234,0.0,0.0,0.0,0.0,0.0,0.0,0.0,0.0,0.0,0.0,0.010524749755859375
0.0,0.005672931671142578,0.0031042098999023438,0.0,0.0,0.0,0.0,0.0,0.0,0.0,0.0,0.0,0.0,0.010555028915405273
0.0,0.005594491958618164,0.0029850006103515625,0.0,0.0,0.0,0.0,0.0,0.0,0.0,0.0,0.0,0.0,0.01071619987487793
0.0,0.005502223968505859,0.0029451847076416016,0.0,0.0,0.0,0.0,0.0,0.0,0.0,0.0,0.0,0.0,0.010270357131958008
0.0,0.005406856536865234,0.0029387474060058594,0.0,0.0,0.0,0.0,0.0,0.0,0.0,0.0,0.0,0.0,0.010182857513427734
0.0,0.005367755889892578,0.0029561519622802734,0.0,0.0,0.0,0.0,0.0,0.0,0.0,0.0,0.0,0.0,0.010185956954956055
0.0,0.005335092544555664,0.0029532909393310547,0.0,0.0,0.0,0.0,0.0,0.0,0.0,0.0,0.0,0.0,0.010173320770263672
0.0,0.426577091217041,0.4941983222961426,0.0,0.0,0.0,0.0,0.0,0.0,0.0,0.0,0.0,0.0,0.9633729457855225
0.0,0.4492950439453125,0.4719834327697754,0.0,0.0,0.0,0.0,0.0,0.0,0.0,0.0,0.0,0.0,0.9800965785980225
0.0,0.448350191116333,0.471721887588501,0.0,0.0,0.0,0.0,0.0,0.0,0.0,0.0,0.0,0.0,0.9786181449890137
0.0,0.45092225074768066,0.47211337089538574,0.0,0.0,0.0,0.0,0.0,0.0,0.0,0.0,0.0,0.0,0.9817652702331543
0.0,0.4499025344848633,0.47177982330322266,0.0,0.0,0.0,0.0,0.0,0.0,0.0,0.0,0.0,0.0,0.9803926944732666
0.0,1.635331392288208,0.4728658199310303,0.0,0.0,0.0,0.0,0.0,0.0,0.0,0.0,0.0,0.0,2.1540369987487793
0.0,1.6246776580810547,0.47218775749206543,0.0,0.0,0.0,0.0,0.0,0.0,0.0,0.0,0.0,0.0,2.1425962448120117
0.0,1.6400132179260254,0.473743200302124,0.0,0.0,0.0,0.0,0.0,0.0,0.0,0.0,0.0,0.0,2.1598336696624756
0.0,1.6371550559997559,0.47441935539245605,0.0,0.0,0.0,0.0,0.0,0.0,0.0,0.0,0.0,0.0,2.157921075820923
0.0,1.628556728363037,0.47188568115234375,0.0,0.0,0.0,0.0,0.0,0.0,0.0,0.0,0.0,0.0,2.1463205814361572
0.0,1.616790771484375,0.4723081588745117,0.0,0.0,0.0,0.0,0.0,0.0,0.0,0.0,0.0,0.0,2.1284162998199463
0.0,1.6133415699005127,0.4727969169616699,0.0,0.0,0.0,0.0,0.0,0.0,0.0,0.0,0.0,0.0,2.125417947769165
0.0,1.6177091598510742,0.47406721115112305,0.0,0.0,0.0,0.0,0.0,0.0,0.0,0.0,0.0,0.0,2.1311378479003906
0.0,1.6160407066345215,0.4736614227294922,0.0,0.0,0.0,0.0,0.0,0.0,0.0,0.0,0.0,0.0,2.1290688514709473
0.0,1.613257646560669,0.47405362129211426,0.0,0.0,0.0,0.0,0.0,0.0,0.0,0.0,0.0,0.0,2.1266238689422607
0.0,0.8502197265625,0.8350145816802979,0.0,0.0,0.0,0.0,0.0,0.0,0.0,0.0,0.0,0.0,1.7711989879608154
0.0,0.8607029914855957,0.7812905311584473,0.0,0.0,0.0,0.0,0.0,0.0,0.0,0.0,0.0,0.0,1.7562017440795898
0.0,0.8592185974121094,0.7813639640808105,0.0,0.0,0.0,0.0,0.0,0.0,0.0,0.0,0.0,0.0,1.7546370029449463
0.0,0.8559439182281494,0.7823390960693359,0.0,0.0,0.0,0.0,0.0,0.0,0.0,0.0,0.0,0.0,1.7524638175964355
0.0,0.8654100894927979,0.7851448059082031,0.0,0.0,0.0,0.0,0.0,0.0,0.0,0.0,0.0,0.0,1.7652499675750732
0.0,3.0091521739959717,0.7814834117889404,0.0,0.0,0.0,0.0,0.0,0.0,0.0,0.0,0.0,0.0,3.881178855895996
0.0,3.0483925342559814,0.7868361473083496,0.0,0.0,0.0,0.0,0.0,0.0,0.0,0.0,0.0,0.0,3.9260425567626953
0.0,3.0237233638763428,0.7854607105255127,0.0,0.0,0.0,0.0,0.0,0.0,0.0,0.0,0.0,0.0,3.8998892307281494
0.0,3.02140474319458,0.7829172611236572,0.0,0.0,0.0,0.0,0.0,0.0,0.0,0.0,0.0,0.0,3.894840955734253
0.0,3.0328824520111084,0.7850019931793213,0.0,0.0,0.0,0.0,0.0,0.0,0.0,0.0,0.0,0.0,3.908700704574585
0.0,3.0078279972076416,0.7841296195983887,0.0,0.0,0.0,0.0,0.0,0.0,0.0,0.0,0.0,0.0,3.8881337642669678
0.0,2.9993605613708496,0.7820632457733154,0.0,0.0,0.0,0.0,0.0,0.0,0.0,0.0,0.0,0.0,3.877631425857544
0.0,3.022249460220337,0.7846977710723877,0.0,0.0,0.0,0.0,0.0,0.0,0.0,0.0,0.0,0.0,3.9035398960113525
0.0,3.00382924079895,0.7825944423675537,0.0,0.0,0.0,0.0,0.0,0.0,0.0,0.0,0.0,0.0,3.882486581802368
0.0,3.0026774406433105,0.7818746566772461,0.0,0.0,0.0,0.0,0.0,0.0,0.0,0.0,0.0,0.0,3.8807437419891357
0.0,1.4408836364746094,1.214350938796997,0.0,0.0,0.0,0.0,0.0,0.0,0.0,0.0,0.0,0.0,2.7766246795654297
0.0,1.4579970836639404,1.2806775569915771,0.0,0.0,0.0,0.0,0.0,0.0,0.0,0.0,0.0,0.0,2.90030574798584
0.0,1.4521992206573486,1.277665376663208,0.0,0.0,0.0,0.0,0.0,0.0,0.0,0.0,0.0,0.0,2.891502857208252
0.0,1.4523286819458008,1.2784061431884766,0.0,0.0,0.0,0.0,0.0,0.0,0.0,0.0,0.0,0.0,2.8928120136260986
0.0,1.4528651237487793,1.2736985683441162,0.0,0.0,0.0,0.0,0.0,0.0,0.0,0.0,0.0,0.0,2.888589382171631
0.0,5.043597459793091,1.2744145393371582,0.0,0.0,0.0,0.0,0.0,0.0,0.0,0.0,0.0,0.0,6.451149225234985
0.0,5.05690860748291,1.2762119770050049,0.0,0.0,0.0,0.0,0.0,0.0,0.0,0.0,0.0,0.0,6.466757535934448
0.0,5.022799253463745,1.2720143795013428,0.0,0.0,0.0,0.0,0.0,0.0,0.0,0.0,0.0,0.0,6.427812099456787
0.0,5.041528940200806,1.2760145664215088,0.0,0.0,0.0,0.0,0.0,0.0,0.0,0.0,0.0,0.0,6.450746059417725
0.0,5.004497051239014,1.272632360458374,0.0,0.0,0.0,0.0,0.0,0.0,0.0,0.0,0.0,0.0,6.41036319732666
0.0,5.114387512207031,1.2754244804382324,0.0,0.0,0.0,0.0,0.0,0.0,0.0,0.0,0.0,0.0,6.523005485534668
0.0,5.094879865646362,1.2734265327453613,0.0,0.0,0.0,0.0,0.0,0.0,0.0,0.0,0.0,0.0,6.501545190811157
0.0,5.114742279052734,1.2753539085388184,0.0,0.0,0.0,0.0,0.0,0.0,0.0,0.0,0.0,0.0,6.523529291152954
0.0,5.077895402908325,1.274888277053833,0.0,0.0,0.0,0.0,0.0,0.0,0.0,0.0,0.0,0.0,6.4860312938690186
0.0,5.1182332038879395,1.2779796123504639,0.0,0.0,0.0,0.0,0.0,0.0,0.0,0.0,0.0,0.0,6.529888391494751
0.0,2.006648063659668,1.622715711593628,0.0,0.0,0.0,0.0,0.0,0.0,0.0,0.0,0.0,0.0,3.7991671562194824
0.0,1.8704261779785156,1.493788480758667,0.0,0.0,0.0,0.0,0.0,0.0,0.0,0.0,0.0,0.0,3.572155475616455
0.0,1.8700473308563232,1.4924402236938477,0.0,0.0,0.0,0.0,0.0,0.0,0.0,0.0,0.0,0.0,3.569938898086548
0.0,1.8711559772491455,1.4900016784667969,0.0,0.0,0.0,0.0,0.0,0.0,0.0,0.0,0.0,0.0,3.569352149963379
0.0,1.8716108798980713,1.489990472793579,0.0,0.0,0.0,0.0,0.0,0.0,0.0,0.0,0.0,0.0,3.5689449310302734
0.0,6.399552822113037,1.4924910068511963,0.0,0.0,0.0,0.0,0.0,0.0,0.0,0.0,0.0,0.0,8.067861557006836
0.0,6.403639554977417,1.4909696578979492,0.0,0.0,0.0,0.0,0.0,0.0,0.0,0.0,0.0,0.0,8.070316553115845
0.0,6.406631946563721,1.4887416362762451,0.0,0.0,0.0,0.0,0.0,0.0,0.0,0.0,0.0,0.0,8.07125186920166
0.0,6.398417234420776,1.4922959804534912,0.0,0.0,0.0,0.0,0.0,0.0,0.0,0.0,0.0,0.0,8.067556142807007
0.0,6.410208463668823,1.4912786483764648,0.0,0.0,0.0,0.0,0.0,0.0,0.0,0.0,0.0,0.0,8.078052759170532
0.0,6.497795820236206,1.4844462871551514,0.0,0.0,0.0,0.0,0.0,0.0,0.0,0.0,0.0,0.0,8.15737271308899
0.0,6.427248239517212,1.4861431121826172,0.0,0.0,0.0,0.0,0.0,0.0,0.0,0.0,0.0,0.0,8.088382482528687
0.0,6.525988817214966,1.4900505542755127,0.0,0.0,0.0,0.0,0.0,0.0,0.0,0.0,0.0,0.0,8.191356658935547
0.0,6.460752964019775,1.4818925857543945,0.0,0.0,0.0,0.0,0.0,0.0,0.0,0.0,0.0,0.0,8.117967367172241
0.0,6.471482276916504,1.4833035469055176,0.0,0.0,0.0,0.0,0.0,0.0,0.0,0.0,0.0,0.0,8.130398035049438
0.0,2.424377202987671,1.756819725036621,0.0,0.0,0.0,0.0,0.0,0.0,0.0,0.0,0.0,0.0,4.403781414031982
0.0,2.5591211318969727,1.7726960182189941,0.0,0.0,0.0,0.0,0.0,0.0,0.0,0.0,0.0,0.0,4.597976207733154
0.0,2.5892648696899414,1.7797324657440186,0.0,0.0,0.0,0.0,0.0,0.0,0.0,0.0,0.0,0.0,4.635390758514404
0.0,2.5860445499420166,1.7828655242919922,0.0,0.0,0.0,0.0,0.0,0.0,0.0,0.0,0.0,0.0,4.635625600814819
0.0,2.590237855911255,1.7807364463806152,0.0,0.0,0.0,0.0,0.0,0.0,0.0,0.0,0.0,0.0,4.63762354850769
0.0,7.539611101150513,1.7706212997436523,0.0,0.0,0.0,0.0,0.0,0.0,0.0,0.0,0.0,0.0,9.533224105834961
0.0,7.538039207458496,1.7715439796447754,0.0,0.0,0.0,0.0,0.0,0.0,0.0,0.0,0.0,0.0,9.532164335250854
0.0,7.546290636062622,1.771592378616333,0.0,0.0,0.0,0.0,0.0,0.0,0.0,0.0,0.0,0.0,9.540740966796875
0.0,7.580095052719116,1.7715563774108887,0.0,0.0,0.0,0.0,0.0,0.0,0.0,0.0,0.0,0.0,9.575175762176514
0.0,7.545121669769287,1.7718617916107178,0.0,0.0,0.0,0.0,0.0,0.0,0.0,0.0,0.0,0.0,9.539880514144897
0.0,7.450870037078857,1.7746083736419678,0.0,0.0,0.0,0.0,0.0,0.0,0.0,0.0,0.0,0.0,9.439227104187012
0.0,7.518768072128296,1.7816002368927002,0.0,0.0,0.0,0.0,0.0,0.0,0.0,0.0,0.0,0.0,9.514046669006348
0.0,7.4344494342803955,1.773108959197998,0.0,0.0,0.0,0.0,0.0,0.0,0.0,0.0,0.0,0.0,9.42065691947937
0.0,7.436361074447632,1.76878023147583,0.0,0.0,0.0,0.0,0.0,0.0,0.0,0.0,0.0,0.0,9.41726016998291
0.0,7.446061372756958,1.7754192352294922,0.0,0.0,0.0,0.0,0.0,0.0,0.0,0.0,0.0,0.0,9.434646368026733
0.0,2.9793317317962646,1.7871663570404053,0.0,0.0,0.0,0.0,0.0,0.0,0.0,0.0,0.0,0.0,5.031227111816406
0.0,3.191802978515625,2.04841947555542,0.0,0.0,0.0,0.0,0.0,0.0,0.0,0.0,0.0,0.0,5.555487394332886
0.0,3.224161148071289,2.052381992340088,0.0,0.0,0.0,0.0,0.0,0.0,0.0,0.0,0.0,0.0,5.591694355010986
0.0,3.227252721786499,2.0524191856384277,0.0,0.0,0.0,0.0,0.0,0.0,0.0,0.0,0.0,0.0,5.594970703125
0.0,3.223548650741577,2.0559654235839844,0.0,0.0,0.0,0.0,0.0,0.0,0.0,0.0,0.0,0.0,5.594132661819458
0.0,8.89965295791626,2.0555272102355957,0.0,0.0,0.0,0.0,0.0,0.0,0.0,0.0,0.0,0.0,11.216400623321533
0.0,8.927933692932129,2.0542972087860107,0.0,0.0,0.0,0.0,0.0,0.0,0.0,0.0,0.0,0.0,11.243541479110718
0.0,8.923736572265625,2.053548574447632,0.0,0.0,0.0,0.0,0.0,0.0,0.0,0.0,0.0,0.0,11.238840579986572
0.0,8.803039312362671,2.053959608078003,0.0,0.0,0.0,0.0,0.0,0.0,0.0,0.0,0.0,0.0,11.117372035980225
0.0,8.8246591091156,2.0472922325134277,0.0,0.0,0.0,0.0,0.0,0.0,0.0,0.0,0.0,0.0,11.132511615753174
0.0,8.911192655563354,2.0467991828918457,0.0,0.0,0.0,0.0,0.0,0.0,0.0,0.0,0.0,0.0,11.219212055206299
0.0,8.911422729492188,2.0474109649658203,0.0,0.0,0.0,0.0,0.0,0.0,0.0,0.0,0.0,0.0,11.219654083251953
0.0,8.968843221664429,2.05908465385437,0.0,0.0,0.0,0.0,0.0,0.0,0.0,0.0,0.0,0.0,11.28986668586731
0.0,8.943994998931885,2.0572214126586914,0.0,0.0,0.0,0.0,0.0,0.0,0.0,0.0,0.0,0.0,11.26223611831665
0.0,8.970093250274658,2.0540876388549805,0.0,0.0,0.0,0.0,0.0,0.0,0.0,0.0,0.0,0.0,11.285362243652344
0.0,3.7471070289611816,2.1285643577575684,0.0,0.0,0.0,0.0,0.0,0.0,0.0,0.0,0.0,0.0,6.182873725891113
0.0,3.734814405441284,2.070763111114502,0.0,0.0,0.0,0.0,0.0,0.0,0.0,0.0,0.0,0.0,6.158764362335205
0.0,3.733654260635376,2.069800615310669,0.0,0.0,0.0,0.0,0.0,0.0,0.0,0.0,0.0,0.0,6.15675163269043
0.0,3.7252211570739746,2.068376302719116,0.0,0.0,0.0,0.0,0.0,0.0,0.0,0.0,0.0,0.0,6.146766662597656
0.0,3.7548584938049316,2.077197551727295,0.0,0.0,0.0,0.0,0.0,0.0,0.0,0.0,0.0,0.0,6.18723726272583
0.0,9.432729482650757,2.073152780532837,0.0,0.0,0.0,0.0,0.0,0.0,0.0,0.0,0.0,0.0,11.79915714263916
0.0,9.54944396018982,2.081414222717285,0.0,0.0,0.0,0.0,0.0,0.0,0.0,0.0,0.0,0.0,11.925301790237427
0.0,9.488164901733398,2.0738775730133057,0.0,0.0,0.0,0.0,0.0,0.0,0.0,0.0,0.0,0.0,11.855532884597778
0.0,9.443884372711182,2.073819160461426,0.0,0.0,0.0,0.0,0.0,0.0,0.0,0.0,0.0,0.0,11.811113119125366
0.0,9.471880435943604,2.077792167663574,0.0,0.0,0.0,0.0,0.0,0.0,0.0,0.0,0.0,0.0,11.842741012573242
0.0,9.203527212142944,2.0688822269439697,0.0,0.0,0.0,0.0,0.0,0.0,0.0,0.0,0.0,0.0,11.566637516021729
0.0,9.312233924865723,2.0783119201660156,0.0,0.0,0.0,0.0,0.0,0.0,0.0,0.0,0.0,0.0,11.685454368591309
0.0,9.205886363983154,2.068796157836914,0.0,0.0,0.0,0.0,0.0,0.0,0.0,0.0,0.0,0.0,11.569522619247437
0.0,9.248136043548584,2.073101282119751,0.0,0.0,0.0,0.0,0.0,0.0,0.0,0.0,0.0,0.0,11.615471363067627
0.0,9.214348077774048,2.0765109062194824,0.0,0.0,0.0,0.0,0.0,0.0,0.0,0.0,0.0,0.0,11.58501648902893
0.0,4.353750944137573,2.1023898124694824,0.0,0.0,0.0,0.0,0.0,0.0,0.0,0.0,0.0,0.0,6.807234048843384
0.0,4.319052457809448,2.343907356262207,0.0,0.0,0.0,0.0,0.0,0.0,0.0,0.0,0.0,0.0,7.0683205127716064
0.0,4.316205024719238,2.3391942977905273,0.0,0.0,0.0,0.0,0.0,0.0,0.0,0.0,0.0,0.0,7.060318470001221
0.0,4.351142883300781,2.3492727279663086,0.0,0.0,0.0,0.0,0.0,0.0,0.0,0.0,0.0,0.0,7.1063103675842285
0.0,4.351254463195801,2.3525259494781494,0.0,0.0,0.0,0.0,0.0,0.0,0.0,0.0,0.0,0.0,7.10934853553772
0.0,10.245160341262817,2.3481662273406982,0.0,0.0,0.0,0.0,0.0,0.0,0.0,0.0,0.0,0.0,12.927623510360718
0.0,10.237394094467163,2.34911847114563,0.0,0.0,0.0,0.0,0.0,0.0,0.0,0.0,0.0,0.0,12.92061448097229
0.0,10.248347520828247,2.352165699005127,0.0,0.0,0.0,0.0,0.0,0.0,0.0,0.0,0.0,0.0,12.934995889663696
0.0,10.249478340148926,2.3542349338531494,0.0,0.0,0.0,0.0,0.0,0.0,0.0,0.0,0.0,0.0,12.93759298324585
0.0,10.191953420639038,2.345998525619507,0.0,0.0,0.0,0.0,0.0,0.0,0.0,0.0,0.0,0.0,12.871510982513428
0.0,10.38409686088562,2.3549134731292725,0.0,0.0,0.0,0.0,0.0,0.0,0.0,0.0,0.0,0.0,13.074422359466553
0.0,10.254592180252075,2.3417434692382812,0.0,0.0,0.0,0.0,0.0,0.0,0.0,0.0,0.0,0.0,12.93027138710022
0.0,10.25564956665039,2.3377599716186523,0.0,0.0,0.0,0.0,0.0,0.0,0.0,0.0,0.0,0.0,12.927244663238525
0.0,10.268012285232544,2.3480591773986816,0.0,0.0,0.0,0.0,0.0,0.0,0.0,0.0,0.0,0.0,12.95041537284851
0.0,10.243871450424194,2.3389790058135986,0.0,0.0,0.0,0.0,0.0,0.0,0.0,0.0,0.0,0.0,12.916913747787476
0.0,4.904263496398926,2.4519686698913574,0.0,0.0,0.0,0.0,0.0,0.0,0.0,0.0,0.0,0.0,7.744696617126465
0.0,5.054822683334351,2.303962230682373,0.0,0.0,0.0,0.0,0.0,0.0,0.0,0.0,0.0,0.0,7.7949254512786865
0.0,5.08866810798645,2.3051986694335938,0.0,0.0,0.0,0.0,0.0,0.0,0.0,0.0,0.0,0.0,7.829410076141357
0.0,5.12452507019043,2.3128490447998047,0.0,0.0,0.0,0.0,0.0,0.0,0.0,0.0,0.0,0.0,7.873526573181152
0.0,5.052434206008911,2.300727605819702,0.0,0.0,0.0,0.0,0.0,0.0,0.0,0.0,0.0,0.0,7.788615465164185
0.0,10.633907556533813,2.3114120960235596,0.0,0.0,0.0,0.0,0.0,0.0,0.0,0.0,0.0,0.0,13.305496215820312
0.0,10.53182601928711,2.2990667819976807,0.0,0.0,0.0,0.0,0.0,0.0,0.0,0.0,0.0,0.0,13.19023323059082
0.0,10.526682138442993,2.302079916000366,0.0,0.0,0.0,0.0,0.0,0.0,0.0,0.0,0.0,0.0,13.188696146011353
0.0,10.518534183502197,2.306234121322632,0.0,0.0,0.0,0.0,0.0,0.0,0.0,0.0,0.0,0.0,13.184561491012573
0.0,10.661839008331299,2.3132169246673584,0.0,0.0,0.0,0.0,0.0,0.0,0.0,0.0,0.0,0.0,13.335616827011108
0.0,10.374359130859375,2.299508571624756,0.0,0.0,0.0,0.0,0.0,0.0,0.0,0.0,0.0,0.0,13.03173303604126
0.0,10.516375541687012,2.3113837242126465,0.0,0.0,0.0,0.0,0.0,0.0,0.0,0.0,0.0,0.0,13.187904596328735
0.0,10.37473726272583,2.314828872680664,0.0,0.0,0.0,0.0,0.0,0.0,0.0,0.0,0.0,0.0,13.04871416091919
0.0,10.511141061782837,2.31347393989563,0.0,0.0,0.0,0.0,0.0,0.0,0.0,0.0,0.0,0.0,13.184542894363403
0.0,10.379527568817139,2.292860507965088,0.0,0.0,0.0,0.0,0.0,0.0,0.0,0.0,0.0,0.0,13.031523704528809
0.0,5.594040870666504,2.3501522541046143,0.0,0.0,0.0,0.0,0.0,0.0,0.0,0.0,0.0,0.0,8.372299432754517
0.0,5.682863235473633,2.391477584838867,0.0,0.0,0.0,0.0,0.0,0.0,0.0,0.0,0.0,0.0,8.552703619003296
0.0,5.683979511260986,2.3887672424316406,0.0,0.0,0.0,0.0,0.0,0.0,0.0,0.0,0.0,0.0,8.551505327224731
0.0,5.689575910568237,2.3862502574920654,0.0,0.0,0.0,0.0,0.0,0.0,0.0,0.0,0.0,0.0,8.55433177947998
0.0,5.766300439834595,2.4019715785980225,0.0,0.0,0.0,0.0,0.0,0.0,0.0,0.0,0.0,0.0,8.648104429244995
0.0,11.102231740951538,2.402473211288452,0.0,0.0,0.0,0.0,0.0,0.0,0.0,0.0,0.0,0.0,13.89935040473938
0.0,11.107452154159546,2.40224289894104,0.0,0.0,0.0,0.0,0.0,0.0,0.0,0.0,0.0,0.0,13.904633522033691
0.0,11.107338428497314,2.4023149013519287,0.0,0.0,0.0,0.0,0.0,0.0,0.0,0.0,0.0,0.0,13.9039146900177
0.0,11.105305433273315,2.4012715816497803,0.0,0.0,0.0,0.0,0.0,0.0,0.0,0.0,0.0,0.0,13.9011070728302
0.0,11.096465826034546,2.4027979373931885,0.0,0.0,0.0,0.0,0.0,0.0,0.0,0.0,0.0,0.0,13.893851518630981
0.0,11.049004316329956,2.404766082763672,0.0,0.0,0.0,0.0,0.0,0.0,0.0,0.0,0.0,0.0,13.847547769546509
0.0,10.942723751068115,2.3923773765563965,0.0,0.0,0.0,0.0,0.0,0.0,0.0,0.0,0.0,0.0,13.728302955627441
0.0,11.072027683258057,2.4040088653564453,0.0,0.0,0.0,0.0,0.0,0.0,0.0,0.0,0.0,0.0,13.869936466217041
0.0,11.066272020339966,2.4012868404388428,0.0,0.0,0.0,0.0,0.0,0.0,0.0,0.0,0.0,0.0,13.862361907958984
0.0,11.059676885604858,2.4037575721740723,0.0,0.0,0.0,0.0,0.0,0.0,0.0,0.0,0.0,0.0,13.857993364334106
0.0,6.242693901062012,2.624514102935791,0.0,0.0,0.0,0.0,0.0,0.0,0.0,0.0,0.0,0.0,9.333697080612183
0.0,6.303548574447632,2.385146379470825,0.0,0.0,0.0,0.0,0.0,0.0,0.0,0.0,0.0,0.0,9.21384859085083
0.0,6.329121351242065,2.392695426940918,0.0,0.0,0.0,0.0,0.0,0.0,0.0,0.0,0.0,0.0,9.24777102470398
0.0,6.332409858703613,2.392167091369629,0.0,0.0,0.0,0.0,0.0,0.0,0.0,0.0,0.0,0.0,9.25055456161499
0.0,6.261974811553955,2.3846635818481445,0.0,0.0,0.0,0.0,0.0,0.0,0.0,0.0,0.0,0.0,9.17268705368042
0.0,11.135160207748413,2.38204026222229,0.0,0.0,0.0,0.0,0.0,0.0,0.0,0.0,0.0,0.0,13.94723916053772
0.0,11.15323257446289,2.383424758911133,0.0,0.0,0.0,0.0,0.0,0.0,0.0,0.0,0.0,0.0,13.966832399368286
0.0,11.161825180053711,2.385944366455078,0.0,0.0,0.0,0.0,0.0,0.0,0.0,0.0,0.0,0.0,13.978227376937866
0.0,11.161800861358643,2.3865208625793457,0.0,0.0,0.0,0.0,0.0,0.0,0.0,0.0,0.0,0.0,13.978134155273438
0.0,11.161368608474731,2.382333755493164,0.0,0.0,0.0,0.0,0.0,0.0,0.0,0.0,0.0,0.0,13.972739458084106
0.0,11.208950996398926,2.3775956630706787,0.0,0.0,0.0,0.0,0.0,0.0,0.0,0.0,0.0,0.0,14.016367673873901
0.0,11.305617094039917,2.385909080505371,0.0,0.0,0.0,0.0,0.0,0.0,0.0,0.0,0.0,0.0,14.122926473617554
0.0,11.306622505187988,2.3836400508880615,0.0,0.0,0.0,0.0,0.0,0.0,0.0,0.0,0.0,0.0,14.12121033668518
0.0,11.234090566635132,2.3821537494659424,0.0,0.0,0.0,0.0,0.0,0.0,0.0,0.0,0.0,0.0,14.046567678451538
0.0,11.37498950958252,2.3996243476867676,0.0,0.0,0.0,0.0,0.0,0.0,0.0,0.0,0.0,0.0,14.206292867660522
0.0,6.521941423416138,2.5506560802459717,0.0,0.0,0.0,0.0,0.0,0.0,0.0,0.0,0.0,0.0,9.584015846252441
0.0,7.119722843170166,2.656245708465576,0.0,0.0,0.0,0.0,0.0,0.0,0.0,0.0,0.0,0.0,10.348216772079468
0.0,7.1185829639434814,2.6595044136047363,0.0,0.0,0.0,0.0,0.0,0.0,0.0,0.0,0.0,0.0,10.348603248596191
0.0,7.116827011108398,2.6604819297790527,0.0,0.0,0.0,0.0,0.0,0.0,0.0,0.0,0.0,0.0,10.348101377487183
0.0,7.107503175735474,2.654080629348755,0.0,0.0,0.0,0.0,0.0,0.0,0.0,0.0,0.0,0.0,10.331376552581787
0.0,12.268301010131836,2.654024600982666,0.0,0.0,0.0,0.0,0.0,0.0,0.0,0.0,0.0,0.0,15.38523006439209
0.0,12.075232982635498,2.6391022205352783,0.0,0.0,0.0,0.0,0.0,0.0,0.0,0.0,0.0,0.0,15.174954652786255
0.0,12.338307857513428,2.648411750793457,0.0,0.0,0.0,0.0,0.0,0.0,0.0,0.0,0.0,0.0,15.460317373275757
0.0,12.137517213821411,2.700909376144409,0.0,0.0,0.0,0.0,0.0,0.0,0.0,0.0,0.0,0.0,15.294595003128052
0.0,12.182540655136108,2.6548705101013184,0.0,0.0,0.0,0.0,0.0,0.0,0.0,0.0,0.0,0.0,15.300108432769775
0.0,11.867594718933105,2.6500556468963623,0.0,0.0,0.0,0.0,0.0,0.0,0.0,0.0,0.0,0.0,14.978841304779053
0.0,11.977643251419067,2.651345729827881,0.0,0.0,0.0,0.0,0.0,0.0,0.0,0.0,0.0,0.0,15.091672420501709
0.0,11.867368221282959,2.652597188949585,0.0,0.0,0.0,0.0,0.0,0.0,0.0,0.0,0.0,0.0,14.982105731964111
0.0,11.96531367301941,2.649202346801758,0.0,0.0,0.0,0.0,0.0,0.0,0.0,0.0,0.0,0.0,15.077380657196045
0.0,11.848526239395142,2.648404121398926,0.0,0.0,0.0,0.0,0.0,0.0,0.0,0.0,0.0,0.0,14.958775520324707
0.0,7.195560932159424,2.9272944927215576,0.0,0.0,0.0,0.0,0.0,0.0,0.0,0.0,0.0,0.0,10.689593315124512
0.0,7.450774431228638,2.629066228866577,0.0,0.0,0.0,0.0,0.0,0.0,0.0,0.0,0.0,0.0,10.68455696105957
0.0,7.511740446090698,2.6270639896392822,0.0,0.0,0.0,0.0,0.0,0.0,0.0,0.0,0.0,0.0,10.744331359863281
0.0,7.441030502319336,2.6285934448242188,0.0,0.0,0.0,0.0,0.0,0.0,0.0,0.0,0.0,0.0,10.67336893081665
0.0,7.45923638343811,2.6301119327545166,0.0,0.0,0.0,0.0,0.0,0.0,0.0,0.0,0.0,0.0,10.694851398468018
0.0,12.246079206466675,2.643723487854004,0.0,0.0,0.0,0.0,0.0,0.0,0.0,0.0,0.0,0.0,15.382745742797852
0.0,12.063186407089233,2.6289889812469482,0.0,0.0,0.0,0.0,0.0,0.0,0.0,0.0,0.0,0.0,15.184415340423584
0.0,12.199957847595215,2.646366834640503,0.0,0.0,0.0,0.0,0.0,0.0,0.0,0.0,0.0,0.0,15.33975100517273
0.0,12.072313070297241,2.629279136657715,0.0,0.0,0.0,0.0,0.0,0.0,0.0,0.0,0.0,0.0,15.193593740463257
0.0,12.078970909118652,2.6337759494781494,0.0,0.0,0.0,0.0,0.0,0.0,0.0,0.0,0.0,0.0,15.205093145370483
0.0,12.456184148788452,2.6358673572540283,0.0,0.0,0.0,0.0,0.0,0.0,0.0,0.0,0.0,0.0,15.58413577079773
0.0,12.580653190612793,2.648599147796631,0.0,0.0,0.0,0.0,0.0,0.0,0.0,0.0,0.0,0.0,15.722606182098389
0.0,12.459089756011963,2.641245126724243,0.0,0.0,0.0,0.0,0.0,0.0,0.0,0.0,0.0,0.0,15.592206239700317
0.0,12.45166540145874,2.636309862136841,0.0,0.0,0.0,0.0,0.0,0.0,0.0,0.0,0.0,0.0,15.578197717666626
0.0,12.440532445907593,2.634775161743164,0.0,0.0,0.0,0.0,0.0,0.0,0.0,0.0,0.0,0.0,15.567244291305542
0.0,7.720274448394775,2.831911563873291,0.0,0.0,0.0,0.0,0.0,0.0,0.0,0.0,0.0,0.0,11.147797346115112
0.0,7.763841867446899,2.3026270866394043,0.0,0.0,0.0,0.0,0.0,0.0,0.0,0.0,0.0,0.0,10.715565919876099
0.0,7.8826892375946045,2.3111298084259033,0.0,0.0,0.0,0.0,0.0,0.0,0.0,0.0,0.0,0.0,10.84503960609436
0.0,7.841323137283325,2.307932138442993,0.0,0.0,0.0,0.0,0.0,0.0,0.0,0.0,0.0,0.0,10.798870325088501
0.0,7.832230567932129,2.306551456451416,0.0,0.0,0.0,0.0,0.0,0.0,0.0,0.0,0.0,0.0,10.787931203842163
0.0,11.718233585357666,2.3020825386047363,0.0,0.0,0.0,0.0,0.0,0.0,0.0,0.0,0.0,0.0,14.546642303466797
0.0,11.673993587493896,2.3062422275543213,0.0,0.0,0.0,0.0,0.0,0.0,0.0,0.0,0.0,0.0,14.505411863327026
0.0,11.71020221710205,2.303356647491455,0.0,0.0,0.0,0.0,0.0,0.0,0.0,0.0,0.0,0.0,14.540553569793701
0.0,11.704885244369507,2.2997889518737793,0.0,0.0,0.0,0.0,0.0,0.0,0.0,0.0,0.0,0.0,14.530915021896362
0.0,11.702288389205933,2.3011629581451416,0.0,0.0,0.0,0.0,0.0,0.0,0.0,0.0,0.0,0.0,14.53032898902893
0.0,12.155608177185059,2.3118717670440674,0.0,0.0,0.0,0.0,0.0,0.0,0.0,0.0,0.0,0.0,14.994541645050049
0.0,12.161339282989502,2.3095006942749023,0.0,0.0,0.0,0.0,0.0,0.0,0.0,0.0,0.0,0.0,14.99867582321167
0.0,12.100870847702026,2.307056427001953,0.0,0.0,0.0,0.0,0.0,0.0,0.0,0.0,0.0,0.0,14.935466051101685
0.0,12.02488899230957,2.3019368648529053,0.0,0.0,0.0,0.0,0.0,0.0,0.0,0.0,0.0,0.0,14.852771282196045
0.0,12.175699234008789,2.314239263534546,0.0,0.0,0.0,0.0,0.0,0.0,0.0,0.0,0.0,0.0,15.0180823802948
0.0,8.244015216827393,2.3580832481384277,0.0,0.0,0.0,0.0,0.0,0.0,0.0,0.0,0.0,0.0,11.237546920776367
0.0,8.75113296508789,2.6088922023773193,0.0,0.0,0.0,0.0,0.0,0.0,0.0,0.0,0.0,0.0,12.051210641860962
0.0,8.621581554412842,2.5918917655944824,0.0,0.0,0.0,0.0,0.0,0.0,0.0,0.0,0.0,0.0,11.9031982421875
0.0,8.630078554153442,2.5992138385772705,0.0,0.0,0.0,0.0,0.0,0.0,0.0,0.0,0.0,0.0,11.91831636428833
0.0,8.676207780838013,2.5942201614379883,0.0,0.0,0.0,0.0,0.0,0.0,0.0,0.0,0.0,0.0,11.959702491760254
0.0,12.707808494567871,2.5927183628082275,0.0,0.0,0.0,0.0,0.0,0.0,0.0,0.0,0.0,0.0,15.858566999435425
0.0,12.71596908569336,2.5989420413970947,0.0,0.0,0.0,0.0,0.0,0.0,0.0,0.0,0.0,0.0,15.873315811157227
0.0,12.688506126403809,2.5885872840881348,0.0,0.0,0.0,0.0,0.0,0.0,0.0,0.0,0.0,0.0,15.83651852607727
0.0,12.845907211303711,2.5987355709075928,0.0,0.0,0.0,0.0,0.0,0.0,0.0,0.0,0.0,0.0,16.005009174346924
0.0,12.760574102401733,2.603614091873169,0.0,0.0,0.0,0.0,0.0,0.0,0.0,0.0,0.0,0.0,15.923205614089966
0.0,12.545379877090454,2.602041006088257,0.0,0.0,0.0,0.0,0.0,0.0,0.0,0.0,0.0,0.0,15.705145835876465
0.0,12.465004920959473,2.5930964946746826,0.0,0.0,0.0,0.0,0.0,0.0,0.0,0.0,0.0,0.0,15.616071701049805
0.0,12.496251344680786,2.5941338539123535,0.0,0.0,0.0,0.0,0.0,0.0,0.0,0.0,0.0,0.0,15.648556232452393
0.0,12.496732711791992,2.600212812423706,0.0,0.0,0.0,0.0,0.0,0.0,0.0,0.0,0.0,0.0,15.654259443283081
0.0,12.463576078414917,2.589801788330078,0.0,0.0,0.0,0.0,0.0,0.0,0.0,0.0,0.0,0.0,15.610795497894287
0.0,9.39664602279663,2.953652858734131,0.0,0.0,0.0,0.0,0.0,0.0,0.0,0.0,0.0,0.0,13.0254807472229
0.0,9.3334059715271,2.6990926265716553,0.0,0.0,0.0,0.0,0.0,0.0,0.0,0.0,0.0,0.0,12.759191513061523
0.0,9.251991271972656,2.717548131942749,0.0,0.0,0.0,0.0,0.0,0.0,0.0,0.0,0.0,0.0,12.695147037506104
0.0,9.248491287231445,2.705838918685913,0.0,0.0,0.0,0.0,0.0,0.0,0.0,0.0,0.0,0.0,12.68008041381836
0.0,9.241732120513916,2.6968157291412354,0.0,0.0,0.0,0.0,0.0,0.0,0.0,0.0,0.0,0.0,12.663751125335693
0.0,13.196233034133911,2.700453042984009,0.0,0.0,0.0,0.0,0.0,0.0,0.0,0.0,0.0,0.0,16.484251022338867
0.0,13.101220607757568,2.699450969696045,0.0,0.0,0.0,0.0,0.0,0.0,0.0,0.0,0.0,0.0,16.389923810958862
0.0,13.107320308685303,2.692960262298584,0.0,0.0,0.0,0.0,0.0,0.0,0.0,0.0,0.0,0.0,16.386838912963867
0.0,13.103234767913818,2.6885178089141846,0.0,0.0,0.0,0.0,0.0,0.0,0.0,0.0,0.0,0.0,16.37839961051941
0.0,13.099855661392212,2.6993584632873535,0.0,0.0,0.0,0.0,0.0,0.0,0.0,0.0,0.0,0.0,16.38710045814514
0.0,13.268496751785278,2.7083349227905273,0.0,0.0,0.0,0.0,0.0,0.0,0.0,0.0,0.0,0.0,16.564643383026123
0.0,13.211490154266357,2.707552433013916,0.0,0.0,0.0,0.0,0.0,0.0,0.0,0.0,0.0,0.0,16.507103443145752
0.0,13.207336187362671,2.6988532543182373,0.0,0.0,0.0,0.0,0.0,0.0,0.0,0.0,0.0,0.0,16.493642568588257
0.0,13.271907329559326,2.7094337940216064,0.0,0.0,0.0,0.0,0.0,0.0,0.0,0.0,0.0,0.0,16.57012677192688
0.0,13.279892683029175,2.7139716148376465,0.0,0.0,0.0,0.0,0.0,0.0,0.0,0.0,0.0,0.0,16.583665370941162
0.0,9.776629209518433,2.612154960632324,0.0,0.0,0.0,0.0,0.0,0.0,0.0,0.0,0.0,0.0,13.11881709098816
0.0,9.833747148513794,2.6220130920410156,0.0,0.0,0.0,0.0,0.0,0.0,0.0,0.0,0.0,0.0,13.236828804016113
0.0,9.82170820236206,2.6313388347625732,0.0,0.0,0.0,0.0,0.0,0.0,0.0,0.0,0.0,0.0,13.230220079421997
0.0,9.840165376663208,2.6285839080810547,0.0,0.0,0.0,0.0,0.0,0.0,0.0,0.0,0.0,0.0,13.246540784835815
0.0,9.82090973854065,2.6247551441192627,0.0,0.0,0.0,0.0,0.0,0.0,0.0,0.0,0.0,0.0,13.223274230957031
0.0,13.170486688613892,2.6258254051208496,0.0,0.0,0.0,0.0,0.0,0.0,0.0,0.0,0.0,0.0,16.42238759994507
0.0,13.179504632949829,2.62734055519104,0.0,0.0,0.0,0.0,0.0,0.0,0.0,0.0,0.0,0.0,16.4324734210968
0.0,13.176013946533203,2.631542205810547,0.0,0.0,0.0,0.0,0.0,0.0,0.0,0.0,0.0,0.0,16.434220552444458
0.0,13.329749584197998,2.6583449840545654,0.0,0.0,0.0,0.0,0.0,0.0,0.0,0.0,0.0,0.0,16.616665363311768
0.0,13.330101013183594,2.6563949584960938,0.0,0.0,0.0,0.0,0.0,0.0,0.0,0.0,0.0,0.0,16.613967657089233
0.0,13.13436508178711,2.6393699645996094,0.0,0.0,0.0,0.0,0.0,0.0,0.0,0.0,0.0,0.0,16.40221858024597
0.0,13.07183313369751,2.6316475868225098,0.0,0.0,0.0,0.0,0.0,0.0,0.0,0.0,0.0,0.0,16.3329176902771
0.0,12.996927738189697,2.62784743309021,0.0,0.0,0.0,0.0,0.0,0.0,0.0,0.0,0.0,0.0,16.251578092575073
0.0,13.069929361343384,2.6269116401672363,0.0,0.0,0.0,0.0,0.0,0.0,0.0,0.0,0.0,0.0,16.324241161346436
0.0,12.985846996307373,2.628861427307129,0.0,0.0,0.0,0.0,0.0,0.0,0.0,0.0,0.0,0.0,16.242336988449097
0.0,10.205490589141846,2.479342460632324,0.0,0.0,0.0,0.0,0.0,0.0,0.0,0.0,0.0,0.0,13.471335411071777
0.0,10.496200323104858,2.974156618118286,0.0,0.0,0.0,0.0,0.0,0.0,0.0,0.0,0.0,0.0,14.295015335083008
0.0,10.499387741088867,2.970118761062622,0.0,0.0,0.0,0.0,0.0,0.0,0.0,0.0,0.0,0.0,14.295318365097046
0.0,10.4661705493927,2.9782004356384277,0.0,0.0,0.0,0.0,0.0,0.0,0.0,0.0,0.0,0.0,14.268902778625488
0.0,10.471893787384033,2.977097749710083,0.0,0.0,0.0,0.0,0.0,0.0,0.0,0.0,0.0,0.0,14.272753238677979
0.0,14.029470920562744,2.9749910831451416,0.0,0.0,0.0,0.0,0.0,0.0,0.0,0.0,0.0,0.0,17.6689190864563
0.0,13.996193885803223,2.9737539291381836,0.0,0.0,0.0,0.0,0.0,0.0,0.0,0.0,0.0,0.0,17.633404970169067
0.0,14.017570734024048,2.9722695350646973,0.0,0.0,0.0,0.0,0.0,0.0,0.0,0.0,0.0,0.0,17.65421772003174
0.0,14.02311658859253,2.973785161972046,0.0,0.0,0.0,0.0,0.0,0.0,0.0,0.0,0.0,0.0,17.660887718200684
0.0,14.099660873413086,2.9741690158843994,0.0,0.0,0.0,0.0,0.0,0.0,0.0,0.0,0.0,0.0,17.73882246017456
0.0,14.050466060638428,2.9731578826904297,0.0,0.0,0.0,0.0,0.0,0.0,0.0,0.0,0.0,0.0,17.6878604888916
0.0,14.05566692352295,2.9759435653686523,0.0,0.0,0.0,0.0,0.0,0.0,0.0,0.0,0.0,0.0,17.69573163986206
0.0,14.223546743392944,2.992936372756958,0.0,0.0,0.0,0.0,0.0,0.0,0.0,0.0,0.0,0.0,17.882210969924927
0.0,14.017266750335693,2.9715912342071533,0.0,0.0,0.0,0.0,0.0,0.0,0.0,0.0,0.0,0.0,17.652024030685425
0.0,14.124178409576416,2.981342077255249,0.0,0.0,0.0,0.0,0.0,0.0,0.0,0.0,0.0,0.0,17.769356727600098
0.0,12.075041770935059,2.5668139457702637,0.0,0.0,0.0,0.0,0.0,0.0,0.0,0.0,0.0,0.0,15.451407432556152
0.0,12.055606603622437,2.639716863632202,0.0,0.0,0.0,0.0,0.0,0.0,0.0,0.0,0.0,0.0,15.55583643913269
0.0,12.046935796737671,2.6409130096435547,0.0,0.0,0.0,0.0,0.0,0.0,0.0,0.0,0.0,0.0,15.550001859664917
0.0,12.046029329299927,2.6375315189361572,0.0,0.0,0.0,0.0,0.0,0.0,0.0,0.0,0.0,0.0,15.544120788574219
0.0,12.057953357696533,2.6380860805511475,0.0,0.0,0.0,0.0,0.0,0.0,0.0,0.0,0.0,0.0,15.557498455047607
0.0,13.96471095085144,2.631077527999878,0.0,0.0,0.0,0.0,0.0,0.0,0.0,0.0,0.0,0.0,17.28415560722351
0.0,13.984474658966064,2.6322579383850098,0.0,0.0,0.0,0.0,0.0,0.0,0.0,0.0,0.0,0.0,17.303839445114136
0.0,13.993218421936035,2.6424670219421387,0.0,0.0,0.0,0.0,0.0,0.0,0.0,0.0,0.0,0.0,17.322852849960327
0.0,14.073206663131714,2.6449427604675293,0.0,0.0,0.0,0.0,0.0,0.0,0.0,0.0,0.0,0.0,17.405452489852905
0.0,13.986038208007812,2.6335370540618896,0.0,0.0,0.0,0.0,0.0,0.0,0.0,0.0,0.0,0.0,17.3061306476593
0.0,14.155898571014404,2.6446032524108887,0.0,0.0,0.0,0.0,0.0,0.0,0.0,0.0,0.0,0.0,17.489549160003662
0.0,14.04137659072876,2.6377830505371094,0.0,0.0,0.0,0.0,0.0,0.0,0.0,0.0,0.0,0.0,17.365219354629517
0.0,14.19837236404419,2.6536715030670166,0.0,0.0,0.0,0.0,0.0,0.0,0.0,0.0,0.0,0.0,17.540772914886475
0.0,14.19965648651123,2.6514480113983154,0.0,0.0,0.0,0.0,0.0,0.0,0.0,0.0,0.0,0.0,17.53845500946045
0.0,14.055408000946045,2.633692741394043,0.0,0.0,0.0,0.0,0.0,0.0,0.0,0.0,0.0,0.0,17.3752920627594
0.0,0.7274973392486572,0.004396915435791016,0.0,0.0,0.0,0.0,0.0,0.0,0.0,0.0,0.0,0.0,0.9427456855773926
0.0,0.7397527694702148,0.00386810302734375,0.0,0.0,0.0,0.0,0.0,0.0,0.0,0.0,0.0,0.0,0.9542388916015625
0.0,0.7460315227508545,0.003822803497314453,0.0,0.0,0.0,0.0,0.0,0.0,0.0,0.0,0.0,0.0,0.9609699249267578
0.0,0.7450690269470215,0.003849506378173828,0.0,0.0,0.0,0.0,0.0,0.0,0.0,0.0,0.0,0.0,0.9591984748840332
0.0,0.7438747882843018,0.0038802623748779297,0.0,0.0,0.0,0.0,0.0,0.0,0.0,0.0,0.0,0.0,0.9581623077392578
0.0,0.16980266571044922,0.003859281539916992,0.0,0.0,0.0,0.0,0.0,0.0,0.0,0.0,0.0,0.0,0.33961915969848633
0.0,0.17013239860534668,0.004038572311401367,0.0,0.0,0.0,0.0,0.0,0.0,0.0,0.0,0.0,0.0,0.34055662155151367
0.0,0.17038607597351074,0.004025936126708984,0.0,0.0,0.0,0.0,0.0,0.0,0.0,0.0,0.0,0.0,0.3406853675842285
0.0,0.1698439121246338,0.0038237571716308594,0.0,0.0,0.0,0.0,0.0,0.0,0.0,0.0,0.0,0.0,0.33966493606567383
0.0,0.1696031093597412,0.0038366317749023438,0.0,0.0,0.0,0.0,0.0,0.0,0.0,0.0,0.0,0.0,0.3392925262451172
0.0,0.1698627471923828,0.0038433074951171875,0.0,0.0,0.0,0.0,0.0,0.0,0.0,0.0,0.0,0.0,0.3398618698120117
0.0,0.16965413093566895,0.0038335323333740234,0.0,0.0,0.0,0.0,0.0,0.0,0.0,0.0,0.0,0.0,0.33980870246887207
0.0,0.17026281356811523,0.003841876983642578,0.0,0.0,0.0,0.0,0.0,0.0,0.0,0.0,0.0,0.0,0.3409268856048584
0.0,0.17070770263671875,0.0038640499114990234,0.0,0.0,0.0,0.0,0.0,0.0,0.0,0.0,0.0,0.0,0.3406543731689453
0.0,0.16938471794128418,0.0038406848907470703,0.0,0.0,0.0,0.0,0.0,0.0,0.0,0.0,0.0,0.0,0.33946847915649414
0.0,2.039245843887329,0.4564540386199951,0.0,0.0,0.0,0.0,0.0,0.0,0.0,0.0,0.0,0.0,2.708653211593628
0.0,2.1314384937286377,0.5016629695892334,0.0,0.0,0.0,0.0,0.0,0.0,0.0,0.0,0.0,0.0,2.8446905612945557
0.0,2.144794464111328,0.5035245418548584,0.0,0.0,0.0,0.0,0.0,0.0,0.0,0.0,0.0,0.0,2.8599915504455566
0.0,2.1198959350585938,0.5017406940460205,0.0,0.0,0.0,0.0,0.0,0.0,0.0,0.0,0.0,0.0,2.8335585594177246
0.0,2.1204276084899902,0.5024678707122803,0.0,0.0,0.0,0.0,0.0,0.0,0.0,0.0,0.0,0.0,2.834967851638794
0.0,2.2299070358276367,0.5024013519287109,0.0,0.0,0.0,0.0,0.0,0.0,0.0,0.0,0.0,0.0,2.8997793197631836
0.0,2.2274374961853027,0.503284215927124,0.0,0.0,0.0,0.0,0.0,0.0,0.0,0.0,0.0,0.0,2.898284435272217
0.0,2.215829849243164,0.5016250610351562,0.0,0.0,0.0,0.0,0.0,0.0,0.0,0.0,0.0,0.0,2.8951210975646973
0.0,2.2109193801879883,0.5006575584411621,0.0,0.0,0.0,0.0,0.0,0.0,0.0,0.0,0.0,0.0,2.8889565467834473
0.0,2.232060432434082,0.5057804584503174,0.0,0.0,0.0,0.0,0.0,0.0,0.0,0.0,0.0,0.0,2.915714740753174
0.0,2.229329824447632,0.5024890899658203,0.0,0.0,0.0,0.0,0.0,0.0,0.0,0.0,0.0,0.0,2.909473180770874
0.0,2.2307112216949463,0.5009925365447998,0.0,0.0,0.0,0.0,0.0,0.0,0.0,0.0,0.0,0.0,2.9094364643096924
0.0,2.233398914337158,0.502255916595459,0.0,0.0,0.0,0.0,0.0,0.0,0.0,0.0,0.0,0.0,2.9141016006469727
0.0,2.234311580657959,0.5024623870849609,0.0,0.0,0.0,0.0,0.0,0.0,0.0,0.0,0.0,0.0,2.915148973464966
0.0,2.231752634048462,0.5032401084899902,0.0,0.0,0.0,0.0,0.0,0.0,0.0,0.0,0.0,0.0,2.913543462753296
0.0,2.175553560256958,0.9916050434112549,0.0,0.0,0.0,0.0,0.0,0.0,0.0,0.0,0.0,0.0,3.37817645072937
0.0,2.2029669284820557,0.9387996196746826,0.0,0.0,0.0,0.0,0.0,0.0,0.0,0.0,0.0,0.0,3.3771724700927734
0.0,2.215988874435425,0.9372448921203613,0.0,0.0,0.0,0.0,0.0,0.0,0.0,0.0,0.0,0.0,3.3884153366088867
0.0,2.2011473178863525,0.935279130935669,0.0,0.0,0.0,0.0,0.0,0.0,0.0,0.0,0.0,0.0,3.3712048530578613
0.0,2.1972177028656006,0.9354217052459717,0.0,0.0,0.0,0.0,0.0,0.0,0.0,0.0,0.0,0.0,3.3669657707214355
0.0,4.184865713119507,0.9463217258453369,0.0,0.0,0.0,0.0,0.0,0.0,0.0,0.0,0.0,0.0,5.32368016242981
0.0,4.190321207046509,0.9426171779632568,0.0,0.0,0.0,0.0,0.0,0.0,0.0,0.0,0.0,0.0,5.325498342514038
0.0,4.193091630935669,0.9462592601776123,0.0,0.0,0.0,0.0,0.0,0.0,0.0,0.0,0.0,0.0,5.33288311958313
0.0,4.144477128982544,0.9368603229522705,0.0,0.0,0.0,0.0,0.0,0.0,0.0,0.0,0.0,0.0,5.276137113571167
0.0,4.163707971572876,0.937100887298584,0.0,0.0,0.0,0.0,0.0,0.0,0.0,0.0,0.0,0.0,5.293676137924194
0.0,4.044267416000366,0.9421243667602539,0.0,0.0,0.0,0.0,0.0,0.0,0.0,0.0,0.0,0.0,5.1797754764556885
0.0,4.064031600952148,0.9444007873535156,0.0,0.0,0.0,0.0,0.0,0.0,0.0,0.0,0.0,0.0,5.2017998695373535
0.0,4.0372724533081055,0.9372000694274902,0.0,0.0,0.0,0.0,0.0,0.0,0.0,0.0,0.0,0.0,5.1674644947052
0.0,4.065763711929321,0.9374122619628906,0.0,0.0,0.0,0.0,0.0,0.0,0.0,0.0,0.0,0.0,5.196667671203613
0.0,4.02115273475647,0.9353866577148438,0.0,0.0,0.0,0.0,0.0,0.0,0.0,0.0,0.0,0.0,5.149455308914185
0.0,2.2900900840759277,1.361109972000122,0.0,0.0,0.0,0.0,0.0,0.0,0.0,0.0,0.0,0.0,3.8611714839935303
0.0,2.2793033123016357,1.3545105457305908,0.0,0.0,0.0,0.0,0.0,0.0,0.0,0.0,0.0,0.0,3.8707566261291504
0.0,2.2844009399414062,1.3646140098571777,0.0,0.0,0.0,0.0,0.0,0.0,0.0,0.0,0.0,0.0,3.8858015537261963
0.0,2.280550241470337,1.3549103736877441,0.0,0.0,0.0,0.0,0.0,0.0,0.0,0.0,0.0,0.0,3.8724594116210938
0.0,2.287034511566162,1.3592677116394043,0.0,0.0,0.0,0.0,0.0,0.0,0.0,0.0,0.0,0.0,3.8828513622283936
0.0,5.588167905807495,1.3478481769561768,0.0,0.0,0.0,0.0,0.0,0.0,0.0,0.0,0.0,0.0,7.132251977920532
0.0,5.579627990722656,1.3449535369873047,0.0,0.0,0.0,0.0,0.0,0.0,0.0,0.0,0.0,0.0,7.120115041732788
0.0,5.610753774642944,1.3494820594787598,0.0,0.0,0.0,0.0,0.0,0.0,0.0,0.0,0.0,0.0,7.156795263290405
0.0,5.6128904819488525,1.3491735458374023,0.0,0.0,0.0,0.0,0.0,0.0,0.0,0.0,0.0,0.0,7.15803074836731
0.0,5.608914136886597,1.3458850383758545,0.0,0.0,0.0,0.0,0.0,0.0,0.0,0.0,0.0,0.0,7.151205062866211
0.0,5.665228843688965,1.3470566272735596,0.0,0.0,0.0,0.0,0.0,0.0,0.0,0.0,0.0,0.0,7.208741903305054
0.0,5.665361642837524,1.350177526473999,0.0,0.0,0.0,0.0,0.0,0.0,0.0,0.0,0.0,0.0,7.211535215377808
0.0,5.650110721588135,1.3550159931182861,0.0,0.0,0.0,0.0,0.0,0.0,0.0,0.0,0.0,0.0,7.200812339782715
0.0,5.674739837646484,1.3491477966308594,0.0,0.0,0.0,0.0,0.0,0.0,0.0,0.0,0.0,0.0,7.220414400100708
0.0,5.674158811569214,1.3495070934295654,0.0,0.0,0.0,0.0,0.0,0.0,0.0,0.0,0.0,0.0,7.220550775527954
0.0,2.3137874603271484,1.5662755966186523,0.0,0.0,0.0,0.0,0.0,0.0,0.0,0.0,0.0,0.0,4.0920305252075195
0.0,2.3640661239624023,1.560028076171875,0.0,0.0,0.0,0.0,0.0,0.0,0.0,0.0,0.0,0.0,4.163167476654053
0.0,2.3668365478515625,1.555765151977539,0.0,0.0,0.0,0.0,0.0,0.0,0.0,0.0,0.0,0.0,4.16128945350647
0.0,2.359571933746338,1.551966905593872,0.0,0.0,0.0,0.0,0.0,0.0,0.0,0.0,0.0,0.0,4.14961576461792
0.0,2.363239288330078,1.5629887580871582,0.0,0.0,0.0,0.0,0.0,0.0,0.0,0.0,0.0,0.0,4.165478706359863
0.0,6.783229351043701,1.5587587356567383,0.0,0.0,0.0,0.0,0.0,0.0,0.0,0.0,0.0,0.0,8.542606353759766
0.0,6.783538818359375,1.5557477474212646,0.0,0.0,0.0,0.0,0.0,0.0,0.0,0.0,0.0,0.0,8.54007625579834
0.0,6.7883687019348145,1.552487850189209,0.0,0.0,0.0,0.0,0.0,0.0,0.0,0.0,0.0,0.0,8.54200291633606
0.0,6.853971242904663,1.5605323314666748,0.0,0.0,0.0,0.0,0.0,0.0,0.0,0.0,0.0,0.0,8.616222143173218
0.0,6.845479726791382,1.5579626560211182,0.0,0.0,0.0,0.0,0.0,0.0,0.0,0.0,0.0,0.0,8.604496955871582
0.0,6.872592210769653,1.5565013885498047,0.0,0.0,0.0,0.0,0.0,0.0,0.0,0.0,0.0,0.0,8.628499031066895
0.0,6.8365325927734375,1.5517706871032715,0.0,0.0,0.0,0.0,0.0,0.0,0.0,0.0,0.0,0.0,8.587661027908325
0.0,6.884500741958618,1.5631811618804932,0.0,0.0,0.0,0.0,0.0,0.0,0.0,0.0,0.0,0.0,8.648088216781616
0.0,6.9230637550354,1.570369005203247,0.0,0.0,0.0,0.0,0.0,0.0,0.0,0.0,0.0,0.0,8.69377589225769
0.0,6.8761091232299805,1.5670671463012695,0.0,0.0,0.0,0.0,0.0,0.0,0.0,0.0,0.0,0.0,8.642897129058838
0.0,2.502297878265381,1.9787945747375488,0.0,0.0,0.0,0.0,0.0,0.0,0.0,0.0,0.0,0.0,4.694573879241943
0.0,2.3988137245178223,1.7169654369354248,0.0,0.0,0.0,0.0,0.0,0.0,0.0,0.0,0.0,0.0,4.3716089725494385
0.0,2.3815701007843018,1.7161359786987305,0.0,0.0,0.0,0.0,0.0,0.0,0.0,0.0,0.0,0.0,4.353650808334351
0.0,2.4112648963928223,1.7238380908966064,0.0,0.0,0.0,0.0,0.0,0.0,0.0,0.0,0.0,0.0,4.391142845153809
0.0,2.3737940788269043,1.7120814323425293,0.0,0.0,0.0,0.0,0.0,0.0,0.0,0.0,0.0,0.0,4.340702772140503
0.0,7.354294061660767,1.7122817039489746,0.0,0.0,0.0,0.0,0.0,0.0,0.0,0.0,0.0,0.0,9.281331777572632
0.0,7.350078344345093,1.711846113204956,0.0,0.0,0.0,0.0,0.0,0.0,0.0,0.0,0.0,0.0,9.276232957839966
0.0,7.382494926452637,1.7170279026031494,0.0,0.0,0.0,0.0,0.0,0.0,0.0,0.0,0.0,0.0,9.315572500228882
0.0,7.430947780609131,1.7241332530975342,0.0,0.0,0.0,0.0,0.0,0.0,0.0,0.0,0.0,0.0,9.370048761367798
0.0,7.4338929653167725,1.7233669757843018,0.0,0.0,0.0,0.0,0.0,0.0,0.0,0.0,0.0,0.0,9.372693538665771
0.0,7.546916246414185,1.7232708930969238,0.0,0.0,0.0,0.0,0.0,0.0,0.0,0.0,0.0,0.0,9.485524654388428
0.0,7.5476624965667725,1.7241034507751465,0.0,0.0,0.0,0.0,0.0,0.0,0.0,0.0,0.0,0.0,9.486937284469604
0.0,7.553452730178833,1.722733736038208,0.0,0.0,0.0,0.0,0.0,0.0,0.0,0.0,0.0,0.0,9.49183440208435
0.0,7.440483331680298,1.7129316329956055,0.0,0.0,0.0,0.0,0.0,0.0,0.0,0.0,0.0,0.0,9.367311716079712
0.0,7.5059494972229,1.7163245677947998,0.0,0.0,0.0,0.0,0.0,0.0,0.0,0.0,0.0,0.0,9.437111139297485
0.0,2.3842389583587646,1.8293354511260986,0.0,0.0,0.0,0.0,0.0,0.0,0.0,0.0,0.0,0.0,4.427656412124634
0.0,2.41963791847229,1.81754469871521,0.0,0.0,0.0,0.0,0.0,0.0,0.0,0.0,0.0,0.0,4.492868423461914
0.0,2.4337778091430664,1.820859670639038,0.0,0.0,0.0,0.0,0.0,0.0,0.0,0.0,0.0,0.0,4.510892629623413
0.0,2.435231924057007,1.8232345581054688,0.0,0.0,0.0,0.0,0.0,0.0,0.0,0.0,0.0,0.0,4.514502763748169
0.0,2.4331161975860596,1.8273444175720215,0.0,0.0,0.0,0.0,0.0,0.0,0.0,0.0,0.0,0.0,4.517092704772949
0.0,8.079647541046143,1.8152408599853516,0.0,0.0,0.0,0.0,0.0,0.0,0.0,0.0,0.0,0.0,10.110282897949219
0.0,8.135484457015991,1.820467233657837,0.0,0.0,0.0,0.0,0.0,0.0,0.0,0.0,0.0,0.0,10.172222375869751
0.0,8.126084327697754,1.8158862590789795,0.0,0.0,0.0,0.0,0.0,0.0,0.0,0.0,0.0,0.0,10.158223867416382
0.0,8.088963270187378,1.818824291229248,0.0,0.0,0.0,0.0,0.0,0.0,0.0,0.0,0.0,0.0,10.123614311218262
0.0,8.091552734375,1.8204638957977295,0.0,0.0,0.0,0.0,0.0,0.0,0.0,0.0,0.0,0.0,10.127793788909912
0.0,7.618854522705078,1.8184657096862793,0.0,0.0,0.0,0.0,0.0,0.0,0.0,0.0,0.0,0.0,9.64289402961731
0.0,7.614080190658569,1.8095695972442627,0.0,0.0,0.0,0.0,0.0,0.0,0.0,0.0,0.0,0.0,9.629552125930786
0.0,7.69440221786499,1.8257672786712646,0.0,0.0,0.0,0.0,0.0,0.0,0.0,0.0,0.0,0.0,9.727006435394287
0.0,7.699205636978149,1.8322367668151855,0.0,0.0,0.0,0.0,0.0,0.0,0.0,0.0,0.0,0.0,9.737977266311646
0.0,7.65628719329834,1.8142387866973877,0.0,0.0,0.0,0.0,0.0,0.0,0.0,0.0,0.0,0.0,9.676773309707642
0.0,2.415022611618042,1.9756333827972412,0.0,0.0,0.0,0.0,0.0,0.0,0.0,0.0,0.0,0.0,4.5939812660217285
0.0,2.29609751701355,1.7471413612365723,0.0,0.0,0.0,0.0,0.0,0.0,0.0,0.0,0.0,0.0,4.301056385040283
0.0,2.293593168258667,1.747164011001587,0.0,0.0,0.0,0.0,0.0,0.0,0.0,0.0,0.0,0.0,4.298407316207886
0.0,2.3194189071655273,1.755028486251831,0.0,0.0,0.0,0.0,0.0,0.0,0.0,0.0,0.0,0.0,4.336024522781372
0.0,2.322932004928589,1.7529044151306152,0.0,0.0,0.0,0.0,0.0,0.0,0.0,0.0,0.0,0.0,4.335911273956299
0.0,7.532307386398315,1.7464485168457031,0.0,0.0,0.0,0.0,0.0,0.0,0.0,0.0,0.0,0.0,9.48886251449585
0.0,7.57016921043396,1.747621774673462,0.0,0.0,0.0,0.0,0.0,0.0,0.0,0.0,0.0,0.0,9.528101444244385
0.0,7.528976202011108,1.7517828941345215,0.0,0.0,0.0,0.0,0.0,0.0,0.0,0.0,0.0,0.0,9.49014687538147
0.0,7.621169090270996,1.7503986358642578,0.0,0.0,0.0,0.0,0.0,0.0,0.0,0.0,0.0,0.0,9.58241057395935
0.0,7.608046293258667,1.753265142440796,0.0,0.0,0.0,0.0,0.0,0.0,0.0,0.0,0.0,0.0,9.571491241455078
0.0,7.931643962860107,1.751410722732544,0.0,0.0,0.0,0.0,0.0,0.0,0.0,0.0,0.0,0.0,9.866624355316162
0.0,7.891071081161499,1.749230146408081,0.0,0.0,0.0,0.0,0.0,0.0,0.0,0.0,0.0,0.0,9.82406210899353
0.0,7.842848539352417,1.7456345558166504,0.0,0.0,0.0,0.0,0.0,0.0,0.0,0.0,0.0,0.0,9.771500587463379
0.0,7.930162668228149,1.7560694217681885,0.0,0.0,0.0,0.0,0.0,0.0,0.0,0.0,0.0,0.0,9.87010145187378
0.0,7.849198341369629,1.74552583694458,0.0,0.0,0.0,0.0,0.0,0.0,0.0,0.0,0.0,0.0,9.77767562866211
0.0,2.3661797046661377,2.021458625793457,0.0,0.0,0.0,0.0,0.0,0.0,0.0,0.0,0.0,0.0,4.599092960357666
0.0,2.2911603450775146,1.7810397148132324,0.0,0.0,0.0,0.0,0.0,0.0,0.0,0.0,0.0,0.0,4.330986022949219
0.0,2.295698642730713,1.7892253398895264,0.0,0.0,0.0,0.0,0.0,0.0,0.0,0.0,0.0,0.0,4.343787431716919
0.0,2.301910161972046,1.7876403331756592,0.0,0.0,0.0,0.0,0.0,0.0,0.0,0.0,0.0,0.0,4.348487377166748
0.0,2.291562557220459,1.7818443775177002,0.0,0.0,0.0,0.0,0.0,0.0,0.0,0.0,0.0,0.0,4.3318610191345215
0.0,7.865455389022827,1.7899525165557861,0.0,0.0,0.0,0.0,0.0,0.0,0.0,0.0,0.0,0.0,9.879513263702393
0.0,7.872966766357422,1.7926685810089111,0.0,0.0,0.0,0.0,0.0,0.0,0.0,0.0,0.0,0.0,9.88990569114685
0.0,7.8743979930877686,1.7938008308410645,0.0,0.0,0.0,0.0,0.0,0.0,0.0,0.0,0.0,0.0,9.892467260360718
0.0,7.750840187072754,1.7882263660430908,0.0,0.0,0.0,0.0,0.0,0.0,0.0,0.0,0.0,0.0,9.761273384094238
0.0,7.746894359588623,1.7849175930023193,0.0,0.0,0.0,0.0,0.0,0.0,0.0,0.0,0.0,0.0,9.754155397415161
0.0,8.245915412902832,1.7854647636413574,0.0,0.0,0.0,0.0,0.0,0.0,0.0,0.0,0.0,0.0,10.253540277481079
0.0,8.249329805374146,1.7860159873962402,0.0,0.0,0.0,0.0,0.0,0.0,0.0,0.0,0.0,0.0,10.258008480072021
0.0,8.24540090560913,1.786815881729126,0.0,0.0,0.0,0.0,0.0,0.0,0.0,0.0,0.0,0.0,10.254796028137207
0.0,8.263642072677612,1.7846484184265137,0.0,0.0,0.0,0.0,0.0,0.0,0.0,0.0,0.0,0.0,10.270943641662598
0.0,8.269797086715698,1.7889137268066406,0.0,0.0,0.0,0.0,0.0,0.0,0.0,0.0,0.0,0.0,10.281071186065674
0.0,2.5000863075256348,2.1962082386016846,0.0,0.0,0.0,0.0,0.0,0.0,0.0,0.0,0.0,0.0,4.907796382904053
0.0,2.560026168823242,2.2380683422088623,0.0,0.0,0.0,0.0,0.0,0.0,0.0,0.0,0.0,0.0,5.060431480407715
0.0,2.58785080909729,2.2499420642852783,0.0,0.0,0.0,0.0,0.0,0.0,0.0,0.0,0.0,0.0,5.101340293884277
0.0,2.56337308883667,2.2383780479431152,0.0,0.0,0.0,0.0,0.0,0.0,0.0,0.0,0.0,0.0,5.064088344573975
0.0,2.552730083465576,2.2339141368865967,0.0,0.0,0.0,0.0,0.0,0.0,0.0,0.0,0.0,0.0,5.048515319824219
0.0,9.353666067123413,2.248685359954834,0.0,0.0,0.0,0.0,0.0,0.0,0.0,0.0,0.0,0.0,11.817566871643066
0.0,9.314260244369507,2.2393953800201416,0.0,0.0,0.0,0.0,0.0,0.0,0.0,0.0,0.0,0.0,11.767895936965942
0.0,9.253661632537842,2.2333154678344727,0.0,0.0,0.0,0.0,0.0,0.0,0.0,0.0,0.0,0.0,11.700915813446045
0.0,9.3106210231781,2.240102529525757,0.0,0.0,0.0,0.0,0.0,0.0,0.0,0.0,0.0,0.0,11.765366077423096
0.0,9.307591438293457,2.23749041557312,0.0,0.0,0.0,0.0,0.0,0.0,0.0,0.0,0.0,0.0,11.759425163269043
0.0,8.925076723098755,2.235164165496826,0.0,0.0,0.0,0.0,0.0,0.0,0.0,0.0,0.0,0.0,11.372531175613403
0.0,8.890548944473267,2.2411880493164062,0.0,0.0,0.0,0.0,0.0,0.0,0.0,0.0,0.0,0.0,11.344281435012817
0.0,8.880252122879028,2.2393295764923096,0.0,0.0,0.0,0.0,0.0,0.0,0.0,0.0,0.0,0.0,11.331920862197876
0.0,8.888378620147705,2.238233804702759,0.0,0.0,0.0,0.0,0.0,0.0,0.0,0.0,0.0,0.0,11.338549137115479
0.0,8.893543243408203,2.2404284477233887,0.0,0.0,0.0,0.0,0.0,0.0,0.0,0.0,0.0,0.0,11.345986127853394
0.0,2.4350366592407227,2.1623404026031494,0.0,0.0,0.0,0.0,0.0,0.0,0.0,0.0,0.0,0.0,4.8103673458099365
0.0,2.6009981632232666,2.4770145416259766,0.0,0.0,0.0,0.0,0.0,0.0,0.0,0.0,0.0,0.0,5.339858055114746
0.0,2.619816303253174,2.4830265045166016,0.0,0.0,0.0,0.0,0.0,0.0,0.0,0.0,0.0,0.0,5.364215612411499
0.0,2.6134226322174072,2.4708216190338135,0.0,0.0,0.0,0.0,0.0,0.0,0.0,0.0,0.0,0.0,5.345930099487305
0.0,2.612942934036255,2.471653938293457,0.0,0.0,0.0,0.0,0.0,0.0,0.0,0.0,0.0,0.0,5.346223592758179
0.0,9.637603521347046,2.4727776050567627,0.0,0.0,0.0,0.0,0.0,0.0,0.0,0.0,0.0,0.0,12.325423002243042
0.0,9.635443925857544,2.474655866622925,0.0,0.0,0.0,0.0,0.0,0.0,0.0,0.0,0.0,0.0,12.32364273071289
0.0,9.632007122039795,2.4782538414001465,0.0,0.0,0.0,0.0,0.0,0.0,0.0,0.0,0.0,0.0,12.32506012916565
0.0,9.646575212478638,2.473874568939209,0.0,0.0,0.0,0.0,0.0,0.0,0.0,0.0,0.0,0.0,12.334519147872925
0.0,9.644841194152832,2.5109267234802246,0.0,0.0,0.0,0.0,0.0,0.0,0.0,0.0,0.0,0.0,12.371115922927856
0.0,9.436976909637451,2.4776718616485596,0.0,0.0,0.0,0.0,0.0,0.0,0.0,0.0,0.0,0.0,12.129087448120117
0.0,9.40083360671997,2.475026845932007,0.0,0.0,0.0,0.0,0.0,0.0,0.0,0.0,0.0,0.0,12.090204954147339
0.0,9.390902519226074,2.47334623336792,0.0,0.0,0.0,0.0,0.0,0.0,0.0,0.0,0.0,0.0,12.078611612319946
0.0,9.40619683265686,2.4761383533477783,0.0,0.0,0.0,0.0,0.0,0.0,0.0,0.0,0.0,0.0,12.096621036529541
0.0,9.382014989852905,2.4698665142059326,0.0,0.0,0.0,0.0,0.0,0.0,0.0,0.0,0.0,0.0,12.066176176071167
0.0,2.3590238094329834,2.136464834213257,0.0,0.0,0.0,0.0,0.0,0.0,0.0,0.0,0.0,0.0,4.699163198471069
0.0,2.535219430923462,2.183696985244751,0.0,0.0,0.0,0.0,0.0,0.0,0.0,0.0,0.0,0.0,4.9808924198150635
0.0,2.5239789485931396,2.1902081966400146,0.0,0.0,0.0,0.0,0.0,0.0,0.0,0.0,0.0,0.0,4.976470232009888
0.0,2.5433707237243652,2.181204080581665,0.0,0.0,0.0,0.0,0.0,0.0,0.0,0.0,0.0,0.0,4.9865899085998535
0.0,2.5271341800689697,2.18080472946167,0.0,0.0,0.0,0.0,0.0,0.0,0.0,0.0,0.0,0.0,4.97056245803833
0.0,9.390206813812256,2.1831564903259277,0.0,0.0,0.0,0.0,0.0,0.0,0.0,0.0,0.0,0.0,11.787522077560425
0.0,9.349000453948975,2.196101665496826,0.0,0.0,0.0,0.0,0.0,0.0,0.0,0.0,0.0,0.0,11.759512901306152
0.0,9.379320621490479,2.1848807334899902,0.0,0.0,0.0,0.0,0.0,0.0,0.0,0.0,0.0,0.0,11.778410911560059
0.0,9.345354557037354,2.1836886405944824,0.0,0.0,0.0,0.0,0.0,0.0,0.0,0.0,0.0,0.0,11.74265170097351
0.0,9.387035131454468,2.1868667602539062,0.0,0.0,0.0,0.0,0.0,0.0,0.0,0.0,0.0,0.0,11.787893772125244
0.0,9.16930627822876,2.1816585063934326,0.0,0.0,0.0,0.0,0.0,0.0,0.0,0.0,0.0,0.0,11.575165033340454
0.0,9.220179796218872,2.1818206310272217,0.0,0.0,0.0,0.0,0.0,0.0,0.0,0.0,0.0,0.0,11.626686334609985
0.0,9.176313877105713,2.1762053966522217,0.0,0.0,0.0,0.0,0.0,0.0,0.0,0.0,0.0,0.0,11.577686071395874
0.0,9.166655778884888,2.1834051609039307,0.0,0.0,0.0,0.0,0.0,0.0,0.0,0.0,0.0,0.0,11.574351072311401
0.0,9.167130947113037,2.1789824962615967,0.0,0.0,0.0,0.0,0.0,0.0,0.0,0.0,0.0,0.0,11.57018780708313
0.0,2.4735300540924072,2.227423906326294,0.0,0.0,0.0,0.0,0.0,0.0,0.0,0.0,0.0,0.0,4.903767108917236
0.0,2.4438321590423584,2.1217081546783447,0.0,0.0,0.0,0.0,0.0,0.0,0.0,0.0,0.0,0.0,4.827256679534912
0.0,2.410132646560669,2.114868402481079,0.0,0.0,0.0,0.0,0.0,0.0,0.0,0.0,0.0,0.0,4.785926580429077
0.0,2.419455051422119,2.1126959323883057,0.0,0.0,0.0,0.0,0.0,0.0,0.0,0.0,0.0,0.0,4.792587995529175
0.0,2.4082236289978027,2.109435796737671,0.0,0.0,0.0,0.0,0.0,0.0,0.0,0.0,0.0,0.0,4.778198957443237
0.0,9.055439710617065,2.112525463104248,0.0,0.0,0.0,0.0,0.0,0.0,0.0,0.0,0.0,0.0,11.3826744556427
0.0,9.101612329483032,2.1111810207366943,0.0,0.0,0.0,0.0,0.0,0.0,0.0,0.0,0.0,0.0,11.427775382995605
0.0,9.083481311798096,2.110304832458496,0.0,0.0,0.0,0.0,0.0,0.0,0.0,0.0,0.0,0.0,11.408507108688354
0.0,9.149619102478027,2.118929862976074,0.0,0.0,0.0,0.0,0.0,0.0,0.0,0.0,0.0,0.0,11.484191417694092
0.0,9.051867723464966,2.1111271381378174,0.0,0.0,0.0,0.0,0.0,0.0,0.0,0.0,0.0,0.0,11.376899242401123
0.0,9.176608562469482,2.113710641860962,0.0,0.0,0.0,0.0,0.0,0.0,0.0,0.0,0.0,0.0,11.5148286819458
0.0,9.17611312866211,2.110135078430176,0.0,0.0,0.0,0.0,0.0,0.0,0.0,0.0,0.0,0.0,11.510714292526245
0.0,9.209614753723145,2.1125965118408203,0.0,0.0,0.0,0.0,0.0,0.0,0.0,0.0,0.0,0.0,11.546698331832886
0.0,9.208753824234009,2.108485698699951,0.0,0.0,0.0,0.0,0.0,0.0,0.0,0.0,0.0,0.0,11.54185152053833
0.0,9.261469841003418,2.1231448650360107,0.0,0.0,0.0,0.0,0.0,0.0,0.0,0.0,0.0,0.0,11.610076904296875
0.0,2.5043625831604004,2.4143240451812744,0.0,0.0,0.0,0.0,0.0,0.0,0.0,0.0,0.0,0.0,5.128674268722534
0.0,2.596299409866333,2.4669580459594727,0.0,0.0,0.0,0.0,0.0,0.0,0.0,0.0,0.0,0.0,5.326894044876099
0.0,2.5689375400543213,2.474491596221924,0.0,0.0,0.0,0.0,0.0,0.0,0.0,0.0,0.0,0.0,5.307246685028076
0.0,2.597963809967041,2.4713246822357178,0.0,0.0,0.0,0.0,0.0,0.0,0.0,0.0,0.0,0.0,5.332363128662109
0.0,2.539625883102417,2.4594693183898926,0.0,0.0,0.0,0.0,0.0,0.0,0.0,0.0,0.0,0.0,5.26153564453125
0.0,9.543992519378662,2.4648830890655518,0.0,0.0,0.0,0.0,0.0,0.0,0.0,0.0,0.0,0.0,12.2242591381073
0.0,9.534781455993652,2.4581968784332275,0.0,0.0,0.0,0.0,0.0,0.0,0.0,0.0,0.0,0.0,12.207728624343872
0.0,9.639312267303467,2.469662666320801,0.0,0.0,0.0,0.0,0.0,0.0,0.0,0.0,0.0,0.0,12.32450556755066
0.0,9.662065505981445,2.473165988922119,0.0,0.0,0.0,0.0,0.0,0.0,0.0,0.0,0.0,0.0,12.350999355316162
0.0,9.638977289199829,2.4668219089508057,0.0,0.0,0.0,0.0,0.0,0.0,0.0,0.0,0.0,0.0,12.321520328521729
0.0,9.879295349121094,2.4690232276916504,0.0,0.0,0.0,0.0,0.0,0.0,0.0,0.0,0.0,0.0,12.573963403701782
0.0,9.85091233253479,2.4592654705047607,0.0,0.0,0.0,0.0,0.0,0.0,0.0,0.0,0.0,0.0,12.535223007202148
0.0,9.822462558746338,2.457719326019287,0.0,0.0,0.0,0.0,0.0,0.0,0.0,0.0,0.0,0.0,12.504587411880493
0.0,9.884793758392334,2.472259759902954,0.0,0.0,0.0,0.0,0.0,0.0,0.0,0.0,0.0,0.0,12.582682132720947
0.0,9.821079969406128,2.461487293243408,0.0,0.0,0.0,0.0,0.0,0.0,0.0,0.0,0.0,0.0,12.506738662719727
0.0,2.728280544281006,2.6950013637542725,0.0,0.0,0.0,0.0,0.0,0.0,0.0,0.0,0.0,0.0,5.627643346786499
0.0,2.5218470096588135,2.2542994022369385,0.0,0.0,0.0,0.0,0.0,0.0,0.0,0.0,0.0,0.0,5.037764310836792
0.0,2.5199637413024902,2.255235195159912,0.0,0.0,0.0,0.0,0.0,0.0,0.0,0.0,0.0,0.0,5.036769866943359
0.0,2.520876407623291,2.254302740097046,0.0,0.0,0.0,0.0,0.0,0.0,0.0,0.0,0.0,0.0,5.036894798278809
0.0,2.5203142166137695,2.2541391849517822,0.0,0.0,0.0,0.0,0.0,0.0,0.0,0.0,0.0,0.0,5.036118745803833
0.0,9.38005805015564,2.253706693649292,0.0,0.0,0.0,0.0,0.0,0.0,0.0,0.0,0.0,0.0,11.85863709449768
0.0,9.37983512878418,2.256924867630005,0.0,0.0,0.0,0.0,0.0,0.0,0.0,0.0,0.0,0.0,11.860800981521606
0.0,9.372210025787354,2.25606369972229,0.0,0.0,0.0,0.0,0.0,0.0,0.0,0.0,0.0,0.0,11.852703332901001
0.0,9.419657230377197,2.2577590942382812,0.0,0.0,0.0,0.0,0.0,0.0,0.0,0.0,0.0,0.0,11.902339220046997
0.0,9.365320444107056,2.2561378479003906,0.0,0.0,0.0,0.0,0.0,0.0,0.0,0.0,0.0,0.0,11.845582485198975
0.0,9.635012149810791,2.25816011428833,0.0,0.0,0.0,0.0,0.0,0.0,0.0,0.0,0.0,0.0,12.091171026229858
0.0,9.599262475967407,2.255910634994507,0.0,0.0,0.0,0.0,0.0,0.0,0.0,0.0,0.0,0.0,12.052915573120117
0.0,9.643795490264893,2.2539479732513428,0.0,0.0,0.0,0.0,0.0,0.0,0.0,0.0,0.0,0.0,12.095827579498291
0.0,9.600390672683716,2.2561120986938477,0.0,0.0,0.0,0.0,0.0,0.0,0.0,0.0,0.0,0.0,12.053731203079224
0.0,9.655979633331299,2.261253833770752,0.0,0.0,0.0,0.0,0.0,0.0,0.0,0.0,0.0,0.0,12.115264177322388
0.0,2.3999931812286377,2.262413263320923,0.0,0.0,0.0,0.0,0.0,0.0,0.0,0.0,0.0,0.0,4.8629045486450195
0.0,2.537341356277466,2.240586280822754,0.0,0.0,0.0,0.0,0.0,0.0,0.0,0.0,0.0,0.0,5.0409016609191895
0.0,2.5182111263275146,2.232252597808838,0.0,0.0,0.0,0.0,0.0,0.0,0.0,0.0,0.0,0.0,5.012860298156738
0.0,2.5253360271453857,2.239976644515991,0.0,0.0,0.0,0.0,0.0,0.0,0.0,0.0,0.0,0.0,5.028366565704346
0.0,2.519556999206543,2.2355308532714844,0.0,0.0,0.0,0.0,0.0,0.0,0.0,0.0,0.0,0.0,5.017979145050049
0.0,9.70881962776184,2.2396492958068848,0.0,0.0,0.0,0.0,0.0,0.0,0.0,0.0,0.0,0.0,12.162920713424683
0.0,9.682372570037842,2.2379658222198486,0.0,0.0,0.0,0.0,0.0,0.0,0.0,0.0,0.0,0.0,12.135210752487183
0.0,9.709263563156128,2.2449426651000977,0.0,0.0,0.0,0.0,0.0,0.0,0.0,0.0,0.0,0.0,12.168951988220215
0.0,9.78708028793335,2.2473087310791016,0.0,0.0,0.0,0.0,0.0,0.0,0.0,0.0,0.0,0.0,12.250365257263184
0.0,9.650197267532349,2.2349627017974854,0.0,0.0,0.0,0.0,0.0,0.0,0.0,0.0,0.0,0.0,12.099463939666748
0.0,9.681339502334595,2.236222743988037,0.0,0.0,0.0,0.0,0.0,0.0,0.0,0.0,0.0,0.0,12.143181324005127
0.0,9.653437852859497,2.2312862873077393,0.0,0.0,0.0,0.0,0.0,0.0,0.0,0.0,0.0,0.0,12.109190225601196
0.0,9.679073095321655,2.237908363342285,0.0,0.0,0.0,0.0,0.0,0.0,0.0,0.0,0.0,0.0,12.141772985458374
0.0,9.731623649597168,2.2385032176971436,0.0,0.0,0.0,0.0,0.0,0.0,0.0,0.0,0.0,0.0,12.195348262786865
0.0,9.739449262619019,2.2392990589141846,0.0,0.0,0.0,0.0,0.0,0.0,0.0,0.0,0.0,0.0,12.204397678375244
0.0,2.3507297039031982,2.2989184856414795,0.0,0.0,0.0,0.0,0.0,0.0,0.0,0.0,0.0,0.0,4.84968376159668
0.0,2.352865695953369,2.0615932941436768,0.0,0.0,0.0,0.0,0.0,0.0,0.0,0.0,0.0,0.0,4.680299997329712
0.0,2.3595690727233887,2.067121982574463,0.0,0.0,0.0,0.0,0.0,0.0,0.0,0.0,0.0,0.0,4.692513942718506
0.0,2.359567642211914,2.062793731689453,0.0,0.0,0.0,0.0,0.0,0.0,0.0,0.0,0.0,0.0,4.688611268997192
0.0,2.359139919281006,2.066641330718994,0.0,0.0,0.0,0.0,0.0,0.0,0.0,0.0,0.0,0.0,4.691655874252319
0.0,9.038709163665771,2.0617575645446777,0.0,0.0,0.0,0.0,0.0,0.0,0.0,0.0,0.0,0.0,11.329460382461548
0.0,8.981499433517456,2.0650527477264404,0.0,0.0,0.0,0.0,0.0,0.0,0.0,0.0,0.0,0.0,11.274662256240845
0.0,9.027906656265259,2.0650417804718018,0.0,0.0,0.0,0.0,0.0,0.0,0.0,0.0,0.0,0.0,11.321957111358643
0.0,8.970445394515991,2.065538167953491,0.0,0.0,0.0,0.0,0.0,0.0,0.0,0.0,0.0,0.0,11.263571977615356
0.0,9.038058757781982,2.0712268352508545,0.0,0.0,0.0,0.0,0.0,0.0,0.0,0.0,0.0,0.0,11.338212966918945
0.0,9.249545097351074,2.0637550354003906,0.0,0.0,0.0,0.0,0.0,0.0,0.0,0.0,0.0,0.0,11.542454719543457
0.0,9.290680646896362,2.065235137939453,0.0,0.0,0.0,0.0,0.0,0.0,0.0,0.0,0.0,0.0,11.585179567337036
0.0,9.24985671043396,2.064973831176758,0.0,0.0,0.0,0.0,0.0,0.0,0.0,0.0,0.0,0.0,11.543510437011719
0.0,9.271936416625977,2.0597589015960693,0.0,0.0,0.0,0.0,0.0,0.0,0.0,0.0,0.0,0.0,11.560345649719238
0.0,9.365603685379028,2.0732717514038086,0.0,0.0,0.0,0.0,0.0,0.0,0.0,0.0,0.0,0.0,11.668880462646484
0.0,2.2691197395324707,2.2566604614257812,0.0,0.0,0.0,0.0,0.0,0.0,0.0,0.0,0.0,0.0,4.737841606140137
0.0,2.379944086074829,2.096203565597534,0.0,0.0,0.0,0.0,0.0,0.0,0.0,0.0,0.0,0.0,4.738659620285034
0.0,2.387647867202759,2.094560146331787,0.0,0.0,0.0,0.0,0.0,0.0,0.0,0.0,0.0,0.0,4.744851350784302
0.0,2.3674988746643066,2.0890471935272217,0.0,0.0,0.0,0.0,0.0,0.0,0.0,0.0,0.0,0.0,4.718400001525879
0.0,2.3695478439331055,2.0879993438720703,0.0,0.0,0.0,0.0,0.0,0.0,0.0,0.0,0.0,0.0,4.720245122909546
0.0,9.317262172698975,2.096168041229248,0.0,0.0,0.0,0.0,0.0,0.0,0.0,0.0,0.0,0.0,11.63034987449646
0.0,9.283132791519165,2.090116024017334,0.0,0.0,0.0,0.0,0.0,0.0,0.0,0.0,0.0,0.0,11.589570045471191
0.0,9.352742671966553,2.0995359420776367,0.0,0.0,0.0,0.0,0.0,0.0,0.0,0.0,0.0,0.0,11.668324708938599
0.0,9.276673316955566,2.086495876312256,0.0,0.0,0.0,0.0,0.0,0.0,0.0,0.0,0.0,0.0,11.579316139221191
0.0,9.326183080673218,2.0892112255096436,0.0,0.0,0.0,0.0,0.0,0.0,0.0,0.0,0.0,0.0,11.632202386856079
0.0,9.384009838104248,2.086000919342041,0.0,0.0,0.0,0.0,0.0,0.0,0.0,0.0,0.0,0.0,11.68488359451294
0.0,9.44312310218811,2.0925989151000977,0.0,0.0,0.0,0.0,0.0,0.0,0.0,0.0,0.0,0.0,11.751037359237671
0.0,9.442155599594116,2.0923492908477783,0.0,0.0,0.0,0.0,0.0,0.0,0.0,0.0,0.0,0.0,11.749815702438354
0.0,9.373530387878418,2.090358018875122,0.0,0.0,0.0,0.0,0.0,0.0,0.0,0.0,0.0,0.0,11.67933177947998
0.0,9.407577514648438,2.087141275405884,0.0,0.0,0.0,0.0,0.0,0.0,0.0,0.0,0.0,0.0,11.709441661834717
0.0,2.3537187576293945,2.2608063220977783,0.0,0.0,0.0,0.0,0.0,0.0,0.0,0.0,0.0,0.0,4.825138807296753
0.0,2.5490782260894775,2.5245249271392822,0.0,0.0,0.0,0.0,0.0,0.0,0.0,0.0,0.0,0.0,5.338505029678345
0.0,2.5939085483551025,2.5376734733581543,0.0,0.0,0.0,0.0,0.0,0.0,0.0,0.0,0.0,0.0,5.3970582485198975
0.0,2.5903127193450928,2.529385566711426,0.0,0.0,0.0,0.0,0.0,0.0,0.0,0.0,0.0,0.0,5.384965658187866
0.0,2.5618369579315186,2.53117036819458,0.0,0.0,0.0,0.0,0.0,0.0,0.0,0.0,0.0,0.0,5.358401298522949
0.0,10.350014209747314,2.5336995124816895,0.0,0.0,0.0,0.0,0.0,0.0,0.0,0.0,0.0,0.0,13.102853775024414
0.0,10.324402332305908,2.5353596210479736,0.0,0.0,0.0,0.0,0.0,0.0,0.0,0.0,0.0,0.0,13.081525564193726
0.0,10.365792989730835,2.5446622371673584,0.0,0.0,0.0,0.0,0.0,0.0,0.0,0.0,0.0,0.0,13.129420042037964
0.0,10.35933542251587,2.532945156097412,0.0,0.0,0.0,0.0,0.0,0.0,0.0,0.0,0.0,0.0,13.111016273498535
0.0,10.336787700653076,2.5320231914520264,0.0,0.0,0.0,0.0,0.0,0.0,0.0,0.0,0.0,0.0,13.08781385421753
0.0,10.497265338897705,2.541659116744995,0.0,0.0,0.0,0.0,0.0,0.0,0.0,0.0,0.0,0.0,13.229332447052002
0.0,10.564629554748535,2.54150128364563,0.0,0.0,0.0,0.0,0.0,0.0,0.0,0.0,0.0,0.0,13.296923637390137
0.0,10.545625686645508,2.5389206409454346,0.0,0.0,0.0,0.0,0.0,0.0,0.0,0.0,0.0,0.0,13.27565050125122
0.0,10.550729513168335,2.5432021617889404,0.0,0.0,0.0,0.0,0.0,0.0,0.0,0.0,0.0,0.0,13.284887075424194
0.0,10.419847965240479,2.5301222801208496,0.0,0.0,0.0,0.0,0.0,0.0,0.0,0.0,0.0,0.0,13.14004635810852
0.0,2.4910666942596436,2.471781015396118,0.0,0.0,0.0,0.0,0.0,0.0,0.0,0.0,0.0,0.0,5.165831565856934
0.0,2.6152172088623047,2.6950223445892334,0.0,0.0,0.0,0.0,0.0,0.0,0.0,0.0,0.0,0.0,5.577333450317383
0.0,2.6159932613372803,2.6925833225250244,0.0,0.0,0.0,0.0,0.0,0.0,0.0,0.0,0.0,0.0,5.575555086135864
0.0,2.6205151081085205,2.690570831298828,0.0,0.0,0.0,0.0,0.0,0.0,0.0,0.0,0.0,0.0,5.578290700912476
0.0,2.631282329559326,2.688182830810547,0.0,0.0,0.0,0.0,0.0,0.0,0.0,0.0,0.0,0.0,5.58620810508728
0.0,10.645793676376343,2.702089548110962,0.0,0.0,0.0,0.0,0.0,0.0,0.0,0.0,0.0,0.0,13.567088603973389
0.0,10.509722709655762,2.6854097843170166,0.0,0.0,0.0,0.0,0.0,0.0,0.0,0.0,0.0,0.0,13.413759708404541
0.0,10.62930417060852,2.6950149536132812,0.0,0.0,0.0,0.0,0.0,0.0,0.0,0.0,0.0,0.0,13.543541669845581
0.0,10.52688193321228,2.689225196838379,0.0,0.0,0.0,0.0,0.0,0.0,0.0,0.0,0.0,0.0,13.434978008270264
0.0,10.635081052780151,2.69512677192688,0.0,0.0,0.0,0.0,0.0,0.0,0.0,0.0,0.0,0.0,13.549620866775513
0.0,10.632272005081177,2.6901752948760986,0.0,0.0,0.0,0.0,0.0,0.0,0.0,0.0,0.0,0.0,13.552078008651733
0.0,10.652848482131958,2.685903549194336,0.0,0.0,0.0,0.0,0.0,0.0,0.0,0.0,0.0,0.0,13.567639112472534
0.0,10.655323028564453,2.6851282119750977,0.0,0.0,0.0,0.0,0.0,0.0,0.0,0.0,0.0,0.0,13.568938732147217
0.0,10.636664867401123,2.6869921684265137,0.0,0.0,0.0,0.0,0.0,0.0,0.0,0.0,0.0,0.0,13.55269169807434
0.0,10.634541988372803,2.6916821002960205,0.0,0.0,0.0,0.0,0.0,0.0,0.0,0.0,0.0,0.0,13.55504322052002
0.0,0.5506772994995117,0.3928847312927246,0.0,0.0,0.0,0.0,0.0,0.0,0.0,0.0,0.0,0.0,1.0173828601837158
0.0,0.5152890682220459,0.33909130096435547,0.0,0.0,0.0,0.0,0.0,0.0,0.0,0.0,0.0,0.0,0.9293680191040039
0.0,0.5152342319488525,0.3393731117248535,0.0,0.0,0.0,0.0,0.0,0.0,0.0,0.0,0.0,0.0,0.9297060966491699
0.0,0.5195932388305664,0.3413991928100586,0.0,0.0,0.0,0.0,0.0,0.0,0.0,0.0,0.0,0.0,0.9359087944030762
0.0,0.5191395282745361,0.341505765914917,0.0,0.0,0.0,0.0,0.0,0.0,0.0,0.0,0.0,0.0,0.9356005191802979
0.0,0.5184900760650635,0.3405630588531494,0.0,0.0,0.0,0.0,0.0,0.0,0.0,0.0,0.0,0.0,0.9339277744293213
0.0,0.5144400596618652,0.3405497074127197,0.0,0.0,0.0,0.0,0.0,0.0,0.0,0.0,0.0,0.0,0.9300780296325684
0.0,0.5141658782958984,0.3393688201904297,0.0,0.0,0.0,0.0,0.0,0.0,0.0,0.0,0.0,0.0,0.9282903671264648
0.0,0.5185863971710205,0.3407008647918701,0.0,0.0,0.0,0.0,0.0,0.0,0.0,0.0,0.0,0.0,0.9342024326324463
0.0,0.5174925327301025,0.34029603004455566,0.0,0.0,0.0,0.0,0.0,0.0,0.0,0.0,0.0,0.0,0.9326398372650146
0.0,0.5122561454772949,0.33909058570861816,0.0,0.0,0.0,0.0,0.0,0.0,0.0,0.0,0.0,0.0,0.9261221885681152
0.0,0.5149655342102051,0.3402066230773926,0.0,0.0,0.0,0.0,0.0,0.0,0.0,0.0,0.0,0.0,0.9301061630249023
0.0,0.5150101184844971,0.3403177261352539,0.0,0.0,0.0,0.0,0.0,0.0,0.0,0.0,0.0,0.0,0.9302043914794922
0.0,0.5141723155975342,0.34009313583374023,0.0,0.0,0.0,0.0,0.0,0.0,0.0,0.0,0.0,0.0,0.9291131496429443
0.0,0.5151677131652832,0.33954334259033203,0.0,0.0,0.0,0.0,0.0,0.0,0.0,0.0,0.0,0.0,0.9294600486755371
0.0,1.0361268520355225,0.7095379829406738,0.0,0.0,0.0,0.0,0.0,0.0,0.0,0.0,0.0,0.0,1.8521990776062012
0.0,1.0243911743164062,0.7075686454772949,0.0,0.0,0.0,0.0,0.0,0.0,0.0,0.0,0.0,0.0,1.8383557796478271
0.0,1.0313642024993896,0.7103240489959717,0.0,0.0,0.0,0.0,0.0,0.0,0.0,0.0,0.0,0.0,1.848405122756958
0.0,1.0241518020629883,0.7062649726867676,0.0,0.0,0.0,0.0,0.0,0.0,0.0,0.0,0.0,0.0,1.8366897106170654
0.0,1.0232956409454346,0.7059309482574463,0.0,0.0,0.0,0.0,0.0,0.0,0.0,0.0,0.0,0.0,1.8365237712860107
0.0,2.22066068649292,0.7072873115539551,0.0,0.0,0.0,0.0,0.0,0.0,0.0,0.0,0.0,0.0,3.028304100036621
0.0,2.2484371662139893,0.709144115447998,0.0,0.0,0.0,0.0,0.0,0.0,0.0,0.0,0.0,0.0,3.0583879947662354
0.0,2.2185721397399902,0.7065234184265137,0.0,0.0,0.0,0.0,0.0,0.0,0.0,0.0,0.0,0.0,3.0251734256744385
0.0,2.236497402191162,0.7047703266143799,0.0,0.0,0.0,0.0,0.0,0.0,0.0,0.0,0.0,0.0,3.0418009757995605
0.0,2.224838972091675,0.7072515487670898,0.0,0.0,0.0,0.0,0.0,0.0,0.0,0.0,0.0,0.0,3.032479763031006
0.0,2.2174606323242188,0.7058970928192139,0.0,0.0,0.0,0.0,0.0,0.0,0.0,0.0,0.0,0.0,3.0113465785980225
0.0,2.212803363800049,0.7080373764038086,0.0,0.0,0.0,0.0,0.0,0.0,0.0,0.0,0.0,0.0,3.00907564163208
0.0,2.2328903675079346,0.7100565433502197,0.0,0.0,0.0,0.0,0.0,0.0,0.0,0.0,0.0,0.0,3.030982494354248
0.0,2.239553928375244,0.7108993530273438,0.0,0.0,0.0,0.0,0.0,0.0,0.0,0.0,0.0,0.0,3.039013624191284
0.0,2.2350385189056396,0.7095651626586914,0.0,0.0,0.0,0.0,0.0,0.0,0.0,0.0,0.0,0.0,3.0325701236724854
0.0,1.4461743831634521,0.9642133712768555,0.0,0.0,0.0,0.0,0.0,0.0,0.0,0.0,0.0,0.0,2.5383849143981934
0.0,1.4473083019256592,0.9616794586181641,0.0,0.0,0.0,0.0,0.0,0.0,0.0,0.0,0.0,0.0,2.537113904953003
0.0,1.4488000869750977,0.9633605480194092,0.0,0.0,0.0,0.0,0.0,0.0,0.0,0.0,0.0,0.0,2.5403378009796143
0.0,1.4638705253601074,0.9661595821380615,0.0,0.0,0.0,0.0,0.0,0.0,0.0,0.0,0.0,0.0,2.5582685470581055
0.0,1.4671134948730469,0.9664580821990967,0.0,0.0,0.0,0.0,0.0,0.0,0.0,0.0,0.0,0.0,2.5620956420898438
0.0,3.6495208740234375,0.9646270275115967,0.0,0.0,0.0,0.0,0.0,0.0,0.0,0.0,0.0,0.0,4.736501932144165
0.0,3.633730888366699,0.9666013717651367,0.0,0.0,0.0,0.0,0.0,0.0,0.0,0.0,0.0,0.0,4.72243070602417
0.0,3.5984973907470703,0.9616334438323975,0.0,0.0,0.0,0.0,0.0,0.0,0.0,0.0,0.0,0.0,4.682080268859863
0.0,3.6100664138793945,0.9624185562133789,0.0,0.0,0.0,0.0,0.0,0.0,0.0,0.0,0.0,0.0,4.694393873214722
0.0,3.601043939590454,0.961329460144043,0.0,0.0,0.0,0.0,0.0,0.0,0.0,0.0,0.0,0.0,4.684450626373291
0.0,3.503868341445923,0.9589002132415771,0.0,0.0,0.0,0.0,0.0,0.0,0.0,0.0,0.0,0.0,4.567816257476807
0.0,3.570564031600952,0.9649126529693604,0.0,0.0,0.0,0.0,0.0,0.0,0.0,0.0,0.0,0.0,4.641310453414917
0.0,3.568204641342163,0.9670009613037109,0.0,0.0,0.0,0.0,0.0,0.0,0.0,0.0,0.0,0.0,4.6410486698150635
0.0,3.5618748664855957,0.9644527435302734,0.0,0.0,0.0,0.0,0.0,0.0,0.0,0.0,0.0,0.0,4.632335901260376
0.0,3.5735464096069336,0.9683213233947754,0.0,0.0,0.0,0.0,0.0,0.0,0.0,0.0,0.0,0.0,4.647907495498657
0.0,1.9404301643371582,1.301321029663086,0.0,0.0,0.0,0.0,0.0,0.0,0.0,0.0,0.0,0.0,3.413975238800049
0.0,1.9381742477416992,1.3026716709136963,0.0,0.0,0.0,0.0,0.0,0.0,0.0,0.0,0.0,0.0,3.412160634994507
0.0,1.94606351852417,1.3043885231018066,0.0,0.0,0.0,0.0,0.0,0.0,0.0,0.0,0.0,0.0,3.4222657680511475
0.0,1.944974422454834,1.3040425777435303,0.0,0.0,0.0,0.0,0.0,0.0,0.0,0.0,0.0,0.0,3.420717477798462
0.0,1.9426546096801758,1.3023521900177002,0.0,0.0,0.0,0.0,0.0,0.0,0.0,0.0,0.0,0.0,3.4167518615722656
0.0,5.224420785903931,1.3031790256500244,0.0,0.0,0.0,0.0,0.0,0.0,0.0,0.0,0.0,0.0,6.6815924644470215
0.0,5.237536430358887,1.303711175918579,0.0,0.0,0.0,0.0,0.0,0.0,0.0,0.0,0.0,0.0,6.695108413696289
0.0,5.236530780792236,1.3037521839141846,0.0,0.0,0.0,0.0,0.0,0.0,0.0,0.0,0.0,0.0,6.694294691085815
0.0,5.203658819198608,1.2990200519561768,0.0,0.0,0.0,0.0,0.0,0.0,0.0,0.0,0.0,0.0,6.656236886978149
0.0,5.1729042530059814,1.2970144748687744,0.0,0.0,0.0,0.0,0.0,0.0,0.0,0.0,0.0,0.0,6.623278379440308
0.0,5.127059459686279,1.296895980834961,0.0,0.0,0.0,0.0,0.0,0.0,0.0,0.0,0.0,0.0,6.57611870765686
0.0,5.12251877784729,1.2950637340545654,0.0,0.0,0.0,0.0,0.0,0.0,0.0,0.0,0.0,0.0,6.569969177246094
0.0,5.109362363815308,1.2932345867156982,0.0,0.0,0.0,0.0,0.0,0.0,0.0,0.0,0.0,0.0,6.555235862731934
0.0,5.1579999923706055,1.2998414039611816,0.0,0.0,0.0,0.0,0.0,0.0,0.0,0.0,0.0,0.0,6.610826253890991
0.0,5.139594078063965,1.2965383529663086,0.0,0.0,0.0,0.0,0.0,0.0,0.0,0.0,0.0,0.0,6.589122772216797
0.0,2.364845037460327,1.6424336433410645,0.0,0.0,0.0,0.0,0.0,0.0,0.0,0.0,0.0,0.0,4.26319694519043
0.0,2.363006591796875,1.6402068138122559,0.0,0.0,0.0,0.0,0.0,0.0,0.0,0.0,0.0,0.0,4.259052991867065
0.0,2.3623359203338623,1.6413211822509766,0.0,0.0,0.0,0.0,0.0,0.0,0.0,0.0,0.0,0.0,4.259092807769775
0.0,2.3533406257629395,1.6389379501342773,0.0,0.0,0.0,0.0,0.0,0.0,0.0,0.0,0.0,0.0,4.247260808944702
0.0,2.3689980506896973,1.6428370475769043,0.0,0.0,0.0,0.0,0.0,0.0,0.0,0.0,0.0,0.0,4.2673234939575195
0.0,6.767297744750977,1.6365950107574463,0.0,0.0,0.0,0.0,0.0,0.0,0.0,0.0,0.0,0.0,8.608119487762451
0.0,6.81964898109436,1.6457343101501465,0.0,0.0,0.0,0.0,0.0,0.0,0.0,0.0,0.0,0.0,8.669156551361084
0.0,6.7700746059417725,1.6369693279266357,0.0,0.0,0.0,0.0,0.0,0.0,0.0,0.0,0.0,0.0,8.61099123954773
0.0,6.774001836776733,1.6405384540557861,0.0,0.0,0.0,0.0,0.0,0.0,0.0,0.0,0.0,0.0,8.618833541870117
0.0,6.773590326309204,1.6390631198883057,0.0,0.0,0.0,0.0,0.0,0.0,0.0,0.0,0.0,0.0,8.61690878868103
0.0,6.8132476806640625,1.634619951248169,0.0,0.0,0.0,0.0,0.0,0.0,0.0,0.0,0.0,0.0,8.663163185119629
0.0,6.821642637252808,1.637486457824707,0.0,0.0,0.0,0.0,0.0,0.0,0.0,0.0,0.0,0.0,8.674448251724243
0.0,6.81285285949707,1.6380560398101807,0.0,0.0,0.0,0.0,0.0,0.0,0.0,0.0,0.0,0.0,8.666833639144897
0.0,6.848591566085815,1.6382343769073486,0.0,0.0,0.0,0.0,0.0,0.0,0.0,0.0,0.0,0.0,8.70298147201538
0.0,6.806155204772949,1.6340036392211914,0.0,0.0,0.0,0.0,0.0,0.0,0.0,0.0,0.0,0.0,8.655674695968628
0.0,2.8484954833984375,2.036931276321411,0.0,0.0,0.0,0.0,0.0,0.0,0.0,0.0,0.0,0.0,5.132220268249512
0.0,2.8437981605529785,2.0429701805114746,0.0,0.0,0.0,0.0,0.0,0.0,0.0,0.0,0.0,0.0,5.133355140686035
0.0,2.8360698223114014,2.0406289100646973,0.0,0.0,0.0,0.0,0.0,0.0,0.0,0.0,0.0,0.0,5.123523712158203
0.0,2.842372417449951,2.0391407012939453,0.0,0.0,0.0,0.0,0.0,0.0,0.0,0.0,0.0,0.0,5.127991676330566
0.0,2.850210428237915,2.046002149581909,0.0,0.0,0.0,0.0,0.0,0.0,0.0,0.0,0.0,0.0,5.142848014831543
0.0,8.496704578399658,2.046567678451538,0.0,0.0,0.0,0.0,0.0,0.0,0.0,0.0,0.0,0.0,10.735888481140137
0.0,8.534780502319336,2.046128988265991,0.0,0.0,0.0,0.0,0.0,0.0,0.0,0.0,0.0,0.0,10.773075342178345
0.0,8.531529903411865,2.049607276916504,0.0,0.0,0.0,0.0,0.0,0.0,0.0,0.0,0.0,0.0,10.773371696472168
0.0,8.487699031829834,2.0523178577423096,0.0,0.0,0.0,0.0,0.0,0.0,0.0,0.0,0.0,0.0,10.732485055923462
0.0,8.471795797348022,2.0429441928863525,0.0,0.0,0.0,0.0,0.0,0.0,0.0,0.0,0.0,0.0,10.706897020339966
0.0,8.585848093032837,2.052639961242676,0.0,0.0,0.0,0.0,0.0,0.0,0.0,0.0,0.0,0.0,10.835131645202637
0.0,8.59482216835022,2.0524961948394775,0.0,0.0,0.0,0.0,0.0,0.0,0.0,0.0,0.0,0.0,10.840868711471558
0.0,8.584608793258667,2.04929518699646,0.0,0.0,0.0,0.0,0.0,0.0,0.0,0.0,0.0,0.0,10.82751750946045
0.0,8.596429586410522,2.0539281368255615,0.0,0.0,0.0,0.0,0.0,0.0,0.0,0.0,0.0,0.0,10.843815803527832
0.0,8.57563304901123,2.0496914386749268,0.0,0.0,0.0,0.0,0.0,0.0,0.0,0.0,0.0,0.0,10.8186616897583
0.0,3.330540895462036,2.3956851959228516,0.0,0.0,0.0,0.0,0.0,0.0,0.0,0.0,0.0,0.0,6.010181903839111
0.0,3.3339908123016357,2.4002602100372314,0.0,0.0,0.0,0.0,0.0,0.0,0.0,0.0,0.0,0.0,6.017979383468628
0.0,3.3081417083740234,2.3861851692199707,0.0,0.0,0.0,0.0,0.0,0.0,0.0,0.0,0.0,0.0,5.977719306945801
0.0,3.303682327270508,2.3891775608062744,0.0,0.0,0.0,0.0,0.0,0.0,0.0,0.0,0.0,0.0,5.976405620574951
0.0,3.3177330493927,2.388688802719116,0.0,0.0,0.0,0.0,0.0,0.0,0.0,0.0,0.0,0.0,5.989731550216675
0.0,10.236010789871216,2.387953042984009,0.0,0.0,0.0,0.0,0.0,0.0,0.0,0.0,0.0,0.0,12.837689876556396
0.0,10.205398797988892,2.3842997550964355,0.0,0.0,0.0,0.0,0.0,0.0,0.0,0.0,0.0,0.0,12.801844835281372
0.0,10.248982906341553,2.389728307723999,0.0,0.0,0.0,0.0,0.0,0.0,0.0,0.0,0.0,0.0,12.851146459579468
0.0,10.204335927963257,2.3917367458343506,0.0,0.0,0.0,0.0,0.0,0.0,0.0,0.0,0.0,0.0,12.80881404876709
0.0,10.2393159866333,2.3857152462005615,0.0,0.0,0.0,0.0,0.0,0.0,0.0,0.0,0.0,0.0,12.837493896484375
0.0,10.204929828643799,2.3877172470092773,0.0,0.0,0.0,0.0,0.0,0.0,0.0,0.0,0.0,0.0,12.793844223022461
0.0,10.233264446258545,2.393771171569824,0.0,0.0,0.0,0.0,0.0,0.0,0.0,0.0,0.0,0.0,12.831307172775269
0.0,10.229244470596313,2.384843587875366,0.0,0.0,0.0,0.0,0.0,0.0,0.0,0.0,0.0,0.0,12.815670490264893
0.0,10.259927988052368,2.3921875953674316,0.0,0.0,0.0,0.0,0.0,0.0,0.0,0.0,0.0,0.0,12.8532874584198
0.0,10.329309225082397,2.3978960514068604,0.0,0.0,0.0,0.0,0.0,0.0,0.0,0.0,0.0,0.0,12.929067373275757
0.0,3.828993797302246,2.7521533966064453,0.0,0.0,0.0,0.0,0.0,0.0,0.0,0.0,0.0,0.0,6.900534152984619
0.0,3.8133978843688965,2.7456510066986084,0.0,0.0,0.0,0.0,0.0,0.0,0.0,0.0,0.0,0.0,6.8776164054870605
0.0,3.8246443271636963,2.7496609687805176,0.0,0.0,0.0,0.0,0.0,0.0,0.0,0.0,0.0,0.0,6.893718481063843
0.0,3.7983899116516113,2.7390568256378174,0.0,0.0,0.0,0.0,0.0,0.0,0.0,0.0,0.0,0.0,6.857029914855957
0.0,3.787628173828125,2.732666254043579,0.0,0.0,0.0,0.0,0.0,0.0,0.0,0.0,0.0,0.0,6.840022087097168
0.0,12.04129672050476,2.740208864212036,0.0,0.0,0.0,0.0,0.0,0.0,0.0,0.0,0.0,0.0,15.013765096664429
0.0,11.968886613845825,2.7377490997314453,0.0,0.0,0.0,0.0,0.0,0.0,0.0,0.0,0.0,0.0,14.938700437545776
0.0,12.11668062210083,2.7488558292388916,0.0,0.0,0.0,0.0,0.0,0.0,0.0,0.0,0.0,0.0,15.098384141921997
0.0,11.998874425888062,2.738415241241455,0.0,0.0,0.0,0.0,0.0,0.0,0.0,0.0,0.0,0.0,14.969323635101318
0.0,11.975975036621094,2.7268271446228027,0.0,0.0,0.0,0.0,0.0,0.0,0.0,0.0,0.0,0.0,14.934672594070435
0.0,11.951979637145996,2.733597755432129,0.0,0.0,0.0,0.0,0.0,0.0,0.0,0.0,0.0,0.0,14.917238235473633
0.0,11.9374098777771,2.729461908340454,0.0,0.0,0.0,0.0,0.0,0.0,0.0,0.0,0.0,0.0,14.899197578430176
0.0,11.949029922485352,2.7286174297332764,0.0,0.0,0.0,0.0,0.0,0.0,0.0,0.0,0.0,0.0,14.909808158874512
0.0,11.950507640838623,2.731593608856201,0.0,0.0,0.0,0.0,0.0,0.0,0.0,0.0,0.0,0.0,14.913958549499512
0.0,11.948645830154419,2.729147434234619,0.0,0.0,0.0,0.0,0.0,0.0,0.0,0.0,0.0,0.0,14.909284830093384
0.0,4.258411407470703,3.063912868499756,0.0,0.0,0.0,0.0,0.0,0.0,0.0,0.0,0.0,0.0,7.678693771362305
0.0,4.193722724914551,3.0162792205810547,0.0,0.0,0.0,0.0,0.0,0.0,0.0,0.0,0.0,0.0,7.565784692764282
0.0,4.202573776245117,3.044473648071289,0.0,0.0,0.0,0.0,0.0,0.0,0.0,0.0,0.0,0.0,7.602154493331909
0.0,4.218141317367554,3.0192456245422363,0.0,0.0,0.0,0.0,0.0,0.0,0.0,0.0,0.0,0.0,7.593863248825073
0.0,4.217059850692749,3.041635513305664,0.0,0.0,0.0,0.0,0.0,0.0,0.0,0.0,0.0,0.0,7.615214109420776
0.0,13.754239797592163,3.057966709136963,0.0,0.0,0.0,0.0,0.0,0.0,0.0,0.0,0.0,0.0,17.06345510482788
0.0,13.733770608901978,3.054138660430908,0.0,0.0,0.0,0.0,0.0,0.0,0.0,0.0,0.0,0.0,17.039220571517944
0.0,13.577268600463867,3.0358705520629883,0.0,0.0,0.0,0.0,0.0,0.0,0.0,0.0,0.0,0.0,16.863778591156006
0.0,13.664460897445679,3.046522378921509,0.0,0.0,0.0,0.0,0.0,0.0,0.0,0.0,0.0,0.0,16.962039709091187
0.0,13.587558269500732,3.0420713424682617,0.0,0.0,0.0,0.0,0.0,0.0,0.0,0.0,0.0,0.0,16.880259037017822
0.0,13.576822757720947,3.0150251388549805,0.0,0.0,0.0,0.0,0.0,0.0,0.0,0.0,0.0,0.0,16.843266248703003
0.0,13.587344646453857,3.0138473510742188,0.0,0.0,0.0,0.0,0.0,0.0,0.0,0.0,0.0,0.0,16.852200984954834
0.0,13.59134030342102,3.044849395751953,0.0,0.0,0.0,0.0,0.0,0.0,0.0,0.0,0.0,0.0,16.88675570487976
0.0,13.675064086914062,3.049988031387329,0.0,0.0,0.0,0.0,0.0,0.0,0.0,0.0,0.0,0.0,16.9762921333313
0.0,13.629903554916382,3.016050338745117,0.0,0.0,0.0,0.0,0.0,0.0,0.0,0.0,0.0,0.0,16.897212028503418
0.0,4.68949031829834,3.321829080581665,0.0,0.0,0.0,0.0,0.0,0.0,0.0,0.0,0.0,0.0,8.406349182128906
0.0,4.693296909332275,3.319005012512207,0.0,0.0,0.0,0.0,0.0,0.0,0.0,0.0,0.0,0.0,8.407316207885742
0.0,4.689698219299316,3.319840669631958,0.0,0.0,0.0,0.0,0.0,0.0,0.0,0.0,0.0,0.0,8.404967546463013
0.0,4.68903374671936,3.3197247982025146,0.0,0.0,0.0,0.0,0.0,0.0,0.0,0.0,0.0,0.0,8.4034743309021
0.0,4.684085845947266,3.316840887069702,0.0,0.0,0.0,0.0,0.0,0.0,0.0,0.0,0.0,0.0,8.396543264389038
0.0,15.512855529785156,3.3239452838897705,0.0,0.0,0.0,0.0,0.0,0.0,0.0,0.0,0.0,0.0,19.106412649154663
0.0,15.51581358909607,3.314523935317993,0.0,0.0,0.0,0.0,0.0,0.0,0.0,0.0,0.0,0.0,19.09973692893982
0.0,15.513290405273438,3.318800210952759,0.0,0.0,0.0,0.0,0.0,0.0,0.0,0.0,0.0,0.0,19.10143494606018
0.0,15.519925355911255,3.3153622150421143,0.0,0.0,0.0,0.0,0.0,0.0,0.0,0.0,0.0,0.0,19.104790925979614
0.0,15.52267861366272,3.314934253692627,0.0,0.0,0.0,0.0,0.0,0.0,0.0,0.0,0.0,0.0,19.10700273513794
0.0,15.644517660140991,3.3170714378356934,0.0,0.0,0.0,0.0,0.0,0.0,0.0,0.0,0.0,0.0,19.23123288154602
0.0,15.719831943511963,3.327617883682251,0.0,0.0,0.0,0.0,0.0,0.0,0.0,0.0,0.0,0.0,19.31733989715576
0.0,15.751117467880249,3.336087465286255,0.0,0.0,0.0,0.0,0.0,0.0,0.0,0.0,0.0,0.0,19.356930255889893
0.0,15.640944957733154,3.3221046924591064,0.0,0.0,0.0,0.0,0.0,0.0,0.0,0.0,0.0,0.0,19.232906103134155
0.0,15.553116083145142,3.317582368850708,0.0,0.0,0.0,0.0,0.0,0.0,0.0,0.0,0.0,0.0,19.140563249588013
0.0,5.146617650985718,3.6528995037078857,0.0,0.0,0.0,0.0,0.0,0.0,0.0,0.0,0.0,0.0,9.234857559204102
0.0,5.168329238891602,3.6695311069488525,0.0,0.0,0.0,0.0,0.0,0.0,0.0,0.0,0.0,0.0,9.273019552230835
0.0,5.205838918685913,3.6710762977600098,0.0,0.0,0.0,0.0,0.0,0.0,0.0,0.0,0.0,0.0,9.312696695327759
0.0,5.152416706085205,3.6646482944488525,0.0,0.0,0.0,0.0,0.0,0.0,0.0,0.0,0.0,0.0,9.25250768661499
0.0,5.150911808013916,3.6684255599975586,0.0,0.0,0.0,0.0,0.0,0.0,0.0,0.0,0.0,0.0,9.255359411239624
0.0,17.19684624671936,3.657104253768921,0.0,0.0,0.0,0.0,0.0,0.0,0.0,0.0,0.0,0.0,21.14289116859436
0.0,17.6327702999115,3.7024638652801514,0.0,0.0,0.0,0.0,0.0,0.0,0.0,0.0,0.0,0.0,21.62534475326538
0.0,17.42288303375244,3.6836955547332764,0.0,0.0,0.0,0.0,0.0,0.0,0.0,0.0,0.0,0.0,21.396881818771362
0.0,17.596160650253296,3.6978232860565186,0.0,0.0,0.0,0.0,0.0,0.0,0.0,0.0,0.0,0.0,21.58407235145569
0.0,17.40185236930847,3.669630765914917,0.0,0.0,0.0,0.0,0.0,0.0,0.0,0.0,0.0,0.0,21.361231565475464
0.0,17.42238211631775,3.6477935314178467,0.0,0.0,0.0,0.0,0.0,0.0,0.0,0.0,0.0,0.0,21.364882946014404
0.0,17.46587872505188,3.6536874771118164,0.0,0.0,0.0,0.0,0.0,0.0,0.0,0.0,0.0,0.0,21.41050434112549
0.0,17.66573739051819,3.6727402210235596,0.0,0.0,0.0,0.0,0.0,0.0,0.0,0.0,0.0,0.0,21.628838777542114
0.0,17.47880220413208,3.6524429321289062,0.0,0.0,0.0,0.0,0.0,0.0,0.0,0.0,0.0,0.0,21.421098947525024
0.0,17.65154194831848,3.6747562885284424,0.0,0.0,0.0,0.0,0.0,0.0,0.0,0.0,0.0,0.0,21.616339445114136
0.0,5.622522592544556,4.038191795349121,0.0,0.0,0.0,0.0,0.0,0.0,0.0,0.0,0.0,0.0,10.137109518051147
0.0,5.634491920471191,4.043348550796509,0.0,0.0,0.0,0.0,0.0,0.0,0.0,0.0,0.0,0.0,10.154213666915894
0.0,5.637591361999512,4.041648626327515,0.0,0.0,0.0,0.0,0.0,0.0,0.0,0.0,0.0,0.0,10.15576982498169
0.0,5.636352062225342,4.048814058303833,0.0,0.0,0.0,0.0,0.0,0.0,0.0,0.0,0.0,0.0,10.163351058959961
0.0,5.642603635787964,4.043220281600952,0.0,0.0,0.0,0.0,0.0,0.0,0.0,0.0,0.0,0.0,10.16236138343811
0.0,19.29491901397705,4.046128034591675,0.0,0.0,0.0,0.0,0.0,0.0,0.0,0.0,0.0,0.0,23.65139937400818
0.0,19.303255796432495,4.043537855148315,0.0,0.0,0.0,0.0,0.0,0.0,0.0,0.0,0.0,0.0,23.656022310256958
0.0,19.39932656288147,4.044902086257935,0.0,0.0,0.0,0.0,0.0,0.0,0.0,0.0,0.0,0.0,23.755493640899658
0.0,19.399197816848755,4.050504446029663,0.0,0.0,0.0,0.0,0.0,0.0,0.0,0.0,0.0,0.0,23.758615493774414
0.0,19.41034770011902,4.051351547241211,0.0,0.0,0.0,0.0,0.0,0.0,0.0,0.0,0.0,0.0,23.771740436553955
0.0,19.336872816085815,4.0420050621032715,0.0,0.0,0.0,0.0,0.0,0.0,0.0,0.0,0.0,0.0,23.68863272666931
0.0,19.321670293807983,4.040137767791748,0.0,0.0,0.0,0.0,0.0,0.0,0.0,0.0,0.0,0.0,23.67074751853943
0.0,19.345337390899658,4.037160873413086,0.0,0.0,0.0,0.0,0.0,0.0,0.0,0.0,0.0,0.0,23.692110061645508
0.0,19.426448106765747,4.050514221191406,0.0,0.0,0.0,0.0,0.0,0.0,0.0,0.0,0.0,0.0,23.785754919052124
0.0,19.539722442626953,4.06212854385376,0.0,0.0,0.0,0.0,0.0,0.0,0.0,0.0,0.0,0.0,23.914584398269653
0.0,6.256321430206299,4.390100002288818,0.0,0.0,0.0,0.0,0.0,0.0,0.0,0.0,0.0,0.0,11.16560411453247
0.0,6.2186973094940186,4.381591796875,0.0,0.0,0.0,0.0,0.0,0.0,0.0,0.0,0.0,0.0,11.119498252868652
0.0,6.224451541900635,4.386018991470337,0.0,0.0,0.0,0.0,0.0,0.0,0.0,0.0,0.0,0.0,11.129204034805298
0.0,6.224015951156616,4.393968105316162,0.0,0.0,0.0,0.0,0.0,0.0,0.0,0.0,0.0,0.0,11.136063575744629
0.0,6.251067399978638,4.396224021911621,0.0,0.0,0.0,0.0,0.0,0.0,0.0,0.0,0.0,0.0,11.166143417358398
0.0,20.908622980117798,4.374600172042847,0.0,0.0,0.0,0.0,0.0,0.0,0.0,0.0,0.0,0.0,25.613866806030273
0.0,20.785250425338745,4.402965307235718,0.0,0.0,0.0,0.0,0.0,0.0,0.0,0.0,0.0,0.0,25.51687979698181
0.0,20.917213916778564,4.400633096694946,0.0,0.0,0.0,0.0,0.0,0.0,0.0,0.0,0.0,0.0,25.646897315979004
0.0,20.81411838531494,4.391992568969727,0.0,0.0,0.0,0.0,0.0,0.0,0.0,0.0,0.0,0.0,25.534767150878906
0.0,20.80203676223755,4.397062540054321,0.0,0.0,0.0,0.0,0.0,0.0,0.0,0.0,0.0,0.0,25.528242349624634
0.0,20.498988389968872,4.376809358596802,0.0,0.0,0.0,0.0,0.0,0.0,0.0,0.0,0.0,0.0,25.204594373703003
0.0,20.62470769882202,4.394269943237305,0.0,0.0,0.0,0.0,0.0,0.0,0.0,0.0,0.0,0.0,25.348304748535156
0.0,20.508042812347412,4.383464813232422,0.0,0.0,0.0,0.0,0.0,0.0,0.0,0.0,0.0,0.0,25.220099925994873
0.0,20.624052047729492,4.404394149780273,0.0,0.0,0.0,0.0,0.0,0.0,0.0,0.0,0.0,0.0,25.358092784881592
0.0,20.48799180984497,4.36885142326355,0.0,0.0,0.0,0.0,0.0,0.0,0.0,0.0,0.0,0.0,25.18509006500244
0.0,6.7682459354400635,4.7806556224823,0.0,0.0,0.0,0.0,0.0,0.0,0.0,0.0,0.0,0.0,12.11004638671875
0.0,6.737301349639893,4.764413356781006,0.0,0.0,0.0,0.0,0.0,0.0,0.0,0.0,0.0,0.0,12.062946319580078
0.0,6.766567230224609,4.777118444442749,0.0,0.0,0.0,0.0,0.0,0.0,0.0,0.0,0.0,0.0,12.105175495147705
0.0,6.8041441440582275,4.818329572677612,0.0,0.0,0.0,0.0,0.0,0.0,0.0,0.0,0.0,0.0,12.184581518173218
0.0,6.763458013534546,4.774866819381714,0.0,0.0,0.0,0.0,0.0,0.0,0.0,0.0,0.0,0.0,12.0999276638031
0.0,22.314132690429688,4.777628183364868,0.0,0.0,0.0,0.0,0.0,0.0,0.0,0.0,0.0,0.0,27.440637350082397
0.0,22.435723304748535,4.779630184173584,0.0,0.0,0.0,0.0,0.0,0.0,0.0,0.0,0.0,0.0,27.564676761627197
0.0,22.289064168930054,4.779332160949707,0.0,0.0,0.0,0.0,0.0,0.0,0.0,0.0,0.0,0.0,27.417978048324585
0.0,22.394404888153076,4.768413543701172,0.0,0.0,0.0,0.0,0.0,0.0,0.0,0.0,0.0,0.0,27.511394739151
0.0,22.32707166671753,4.775475025177002,0.0,0.0,0.0,0.0,0.0,0.0,0.0,0.0,0.0,0.0,27.451311588287354
0.0,22.297974824905396,4.773725271224976,0.0,0.0,0.0,0.0,0.0,0.0,0.0,0.0,0.0,0.0,27.420403718948364
0.0,22.17863178253174,4.773841619491577,0.0,0.0,0.0,0.0,0.0,0.0,0.0,0.0,0.0,0.0,27.303017377853394
0.0,22.303641319274902,4.782135963439941,0.0,0.0,0.0,0.0,0.0,0.0,0.0,0.0,0.0,0.0,27.43545436859131
0.0,22.177175045013428,4.749366044998169,0.0,0.0,0.0,0.0,0.0,0.0,0.0,0.0,0.0,0.0,27.27457046508789
0.0,22.318169832229614,4.765814542770386,0.0,0.0,0.0,0.0,0.0,0.0,0.0,0.0,0.0,0.0,27.43304133415222
0.0,7.156438589096069,5.153984785079956,0.0,0.0,0.0,0.0,0.0,0.0,0.0,0.0,0.0,0.0,12.915625810623169
0.0,7.238300323486328,5.175727367401123,0.0,0.0,0.0,0.0,0.0,0.0,0.0,0.0,0.0,0.0,13.019083976745605
0.0,7.190566062927246,5.1748011112213135,0.0,0.0,0.0,0.0,0.0,0.0,0.0,0.0,0.0,0.0,12.970149755477905
0.0,7.153022527694702,5.16465163230896,0.0,0.0,0.0,0.0,0.0,0.0,0.0,0.0,0.0,0.0,12.922964572906494
0.0,7.155013799667358,5.15999174118042,0.0,0.0,0.0,0.0,0.0,0.0,0.0,0.0,0.0,0.0,12.920205354690552
0.0,23.67910075187683,5.16416597366333,0.0,0.0,0.0,0.0,0.0,0.0,0.0,0.0,0.0,0.0,29.211690187454224
0.0,23.703749656677246,5.171618223190308,0.0,0.0,0.0,0.0,0.0,0.0,0.0,0.0,0.0,0.0,29.24307942390442
0.0,23.67745304107666,5.152572393417358,0.0,0.0,0.0,0.0,0.0,0.0,0.0,0.0,0.0,0.0,29.197666883468628
0.0,23.711159229278564,5.1644158363342285,0.0,0.0,0.0,0.0,0.0,0.0,0.0,0.0,0.0,0.0,29.244633197784424
0.0,23.723751306533813,5.164155960083008,0.0,0.0,0.0,0.0,0.0,0.0,0.0,0.0,0.0,0.0,29.256635189056396
0.0,24.055521726608276,5.1666998863220215,0.0,0.0,0.0,0.0,0.0,0.0,0.0,0.0,0.0,0.0,29.59011721611023
0.0,24.153804779052734,5.175210237503052,0.0,0.0,0.0,0.0,0.0,0.0,0.0,0.0,0.0,0.0,29.697107076644897
0.0,24.271934270858765,5.174227714538574,0.0,0.0,0.0,0.0,0.0,0.0,0.0,0.0,0.0,0.0,29.81462073326111
0.0,24.014107942581177,5.145482301712036,0.0,0.0,0.0,0.0,0.0,0.0,0.0,0.0,0.0,0.0,29.52738118171692
0.0,24.287708520889282,5.180833101272583,0.0,0.0,0.0,0.0,0.0,0.0,0.0,0.0,0.0,0.0,29.838268280029297
0.0,7.60002589225769,5.559221029281616,0.0,0.0,0.0,0.0,0.0,0.0,0.0,0.0,0.0,0.0,13.810614585876465
0.0,7.68617582321167,5.602651119232178,0.0,0.0,0.0,0.0,0.0,0.0,0.0,0.0,0.0,0.0,13.940306901931763
0.0,7.595957517623901,5.570497274398804,0.0,0.0,0.0,0.0,0.0,0.0,0.0,0.0,0.0,0.0,13.817114114761353
0.0,7.677647590637207,5.577012538909912,0.0,0.0,0.0,0.0,0.0,0.0,0.0,0.0,0.0,0.0,13.905553340911865
0.0,7.59269118309021,5.57145357131958,0.0,0.0,0.0,0.0,0.0,0.0,0.0,0.0,0.0,0.0,13.814478158950806
0.0,25.42033052444458,5.5682289600372314,0.0,0.0,0.0,0.0,0.0,0.0,0.0,0.0,0.0,0.0,31.3774197101593
0.0,25.461192846298218,5.560256242752075,0.0,0.0,0.0,0.0,0.0,0.0,0.0,0.0,0.0,0.0,31.411335229873657
0.0,25.746841192245483,5.6001763343811035,0.0,0.0,0.0,0.0,0.0,0.0,0.0,0.0,0.0,0.0,31.735698223114014
0.0,25.478599071502686,5.560361623764038,0.0,0.0,0.0,0.0,0.0,0.0,0.0,0.0,0.0,0.0,31.427117824554443
0.0,25.755728721618652,5.592325210571289,0.0,0.0,0.0,0.0,0.0,0.0,0.0,0.0,0.0,0.0,31.73656940460205
0.0,25.61417579650879,5.555964469909668,0.0,0.0,0.0,0.0,0.0,0.0,0.0,0.0,0.0,0.0,31.558627605438232
0.0,25.9462468624115,5.613461494445801,0.0,0.0,0.0,0.0,0.0,0.0,0.0,0.0,0.0,0.0,31.948681592941284
0.0,25.63359546661377,5.558924198150635,0.0,0.0,0.0,0.0,0.0,0.0,0.0,0.0,0.0,0.0,31.58065438270569
0.0,25.699591159820557,5.56216835975647,0.0,0.0,0.0,0.0,0.0,0.0,0.0,0.0,0.0,0.0,31.650060892105103
0.0,25.640002489089966,5.5779523849487305,0.0,0.0,0.0,0.0,0.0,0.0,0.0,0.0,0.0,0.0,31.606173038482666
0.0,8.200531244277954,5.9815332889556885,0.0,0.0,0.0,0.0,0.0,0.0,0.0,0.0,0.0,0.0,14.884413957595825
0.0,8.191872358322144,5.97101092338562,0.0,0.0,0.0,0.0,0.0,0.0,0.0,0.0,0.0,0.0,14.8655104637146
0.0,8.285636901855469,6.001783132553101,0.0,0.0,0.0,0.0,0.0,0.0,0.0,0.0,0.0,0.0,14.990450620651245
0.0,8.190634727478027,5.969636678695679,0.0,0.0,0.0,0.0,0.0,0.0,0.0,0.0,0.0,0.0,14.863155364990234
0.0,8.198868036270142,5.978809833526611,0.0,0.0,0.0,0.0,0.0,0.0,0.0,0.0,0.0,0.0,14.881702423095703
0.0,26.903013706207275,5.981405258178711,0.0,0.0,0.0,0.0,0.0,0.0,0.0,0.0,0.0,0.0,33.29269313812256
0.0,26.89899754524231,5.979970216751099,0.0,0.0,0.0,0.0,0.0,0.0,0.0,0.0,0.0,0.0,33.28669023513794
0.0,26.898942708969116,5.978389024734497,0.0,0.0,0.0,0.0,0.0,0.0,0.0,0.0,0.0,0.0,33.28548312187195
0.0,26.907347917556763,5.980879306793213,0.0,0.0,0.0,0.0,0.0,0.0,0.0,0.0,0.0,0.0,33.29645252227783
0.0,27.18515682220459,6.011454343795776,0.0,0.0,0.0,0.0,0.0,0.0,0.0,0.0,0.0,0.0,33.60462784767151
0.0,27.357216119766235,5.966291904449463,0.0,0.0,0.0,0.0,0.0,0.0,0.0,0.0,0.0,0.0,33.73175883293152
0.0,27.7161865234375,5.994604110717773,0.0,0.0,0.0,0.0,0.0,0.0,0.0,0.0,0.0,0.0,34.11946654319763
0.0,27.355475425720215,5.973618984222412,0.0,0.0,0.0,0.0,0.0,0.0,0.0,0.0,0.0,0.0,33.73721981048584
0.0,27.430054664611816,5.975478649139404,0.0,0.0,0.0,0.0,0.0,0.0,0.0,0.0,0.0,0.0,33.81360197067261
0.0,27.40383815765381,5.966968536376953,0.0,0.0,0.0,0.0,0.0,0.0,0.0,0.0,0.0,0.0,33.77895712852478
0.0,8.67143988609314,6.297444581985474,0.0,0.0,0.0,0.0,0.0,0.0,0.0,0.0,0.0,0.0,15.719849348068237
0.0,8.621971845626831,6.282399654388428,0.0,0.0,0.0,0.0,0.0,0.0,0.0,0.0,0.0,0.0,15.655287265777588
0.0,8.68563437461853,6.307934522628784,0.0,0.0,0.0,0.0,0.0,0.0,0.0,0.0,0.0,0.0,15.741780996322632
0.0,8.642484188079834,6.292904615402222,0.0,0.0,0.0,0.0,0.0,0.0,0.0,0.0,0.0,0.0,15.685425043106079
0.0,8.63662338256836,6.288945198059082,0.0,0.0,0.0,0.0,0.0,0.0,0.0,0.0,0.0,0.0,15.673707723617554
0.0,29.319247007369995,6.30588436126709,0.0,0.0,0.0,0.0,0.0,0.0,0.0,0.0,0.0,0.0,36.05325746536255
0.0,29.13893723487854,6.288308143615723,0.0,0.0,0.0,0.0,0.0,0.0,0.0,0.0,0.0,0.0,35.85579752922058
0.0,29.12574291229248,6.281370639801025,0.0,0.0,0.0,0.0,0.0,0.0,0.0,0.0,0.0,0.0,35.83420157432556
0.0,29.131715774536133,6.285788059234619,0.0,0.0,0.0,0.0,0.0,0.0,0.0,0.0,0.0,0.0,35.8457236289978
0.0,29.133882761001587,6.2944066524505615,0.0,0.0,0.0,0.0,0.0,0.0,0.0,0.0,0.0,0.0,35.85613489151001
0.0,29.08270001411438,6.287244081497192,0.0,0.0,0.0,0.0,0.0,0.0,0.0,0.0,0.0,0.0,35.79783320426941
0.0,29.057377338409424,6.293765544891357,0.0,0.0,0.0,0.0,0.0,0.0,0.0,0.0,0.0,0.0,35.778507709503174
0.0,29.26612687110901,6.310201168060303,0.0,0.0,0.0,0.0,0.0,0.0,0.0,0.0,0.0,0.0,36.00421905517578
0.0,29.274898529052734,6.310758113861084,0.0,0.0,0.0,0.0,0.0,0.0,0.0,0.0,0.0,0.0,36.0130352973938
0.0,29.090551376342773,6.2928314208984375,0.0,0.0,0.0,0.0,0.0,0.0,0.0,0.0,0.0,0.0,35.81152868270874
0.0,9.28216290473938,6.70229959487915,0.0,0.0,0.0,0.0,0.0,0.0,0.0,0.0,0.0,0.0,16.7909152507782
0.0,9.410468578338623,6.73505163192749,0.0,0.0,0.0,0.0,0.0,0.0,0.0,0.0,0.0,0.0,16.955771684646606
0.0,9.417214155197144,6.74106764793396,0.0,0.0,0.0,0.0,0.0,0.0,0.0,0.0,0.0,0.0,16.965259075164795
0.0,9.295616149902344,6.710133075714111,0.0,0.0,0.0,0.0,0.0,0.0,0.0,0.0,0.0,0.0,16.812255382537842
0.0,9.415366172790527,6.741498947143555,0.0,0.0,0.0,0.0,0.0,0.0,0.0,0.0,0.0,0.0,16.964802980422974
0.0,30.079439878463745,6.687786102294922,0.0,0.0,0.0,0.0,0.0,0.0,0.0,0.0,0.0,0.0,37.21715450286865
0.0,30.419811725616455,6.7342002391815186,0.0,0.0,0.0,0.0,0.0,0.0,0.0,0.0,0.0,0.0,37.60460710525513
0.0,30.098608255386353,6.699906349182129,0.0,0.0,0.0,0.0,0.0,0.0,0.0,0.0,0.0,0.0,37.24717307090759
0.0,30.11552906036377,6.721726417541504,0.0,0.0,0.0,0.0,0.0,0.0,0.0,0.0,0.0,0.0,37.28583383560181
0.0,30.08603811264038,6.706212997436523,0.0,0.0,0.0,0.0,0.0,0.0,0.0,0.0,0.0,0.0,37.24096751213074
0.0,29.77743411064148,6.7014076709747314,0.0,0.0,0.0,0.0,0.0,0.0,0.0,0.0,0.0,0.0,36.928946018218994
0.0,29.92133617401123,6.721700668334961,0.0,0.0,0.0,0.0,0.0,0.0,0.0,0.0,0.0,0.0,37.09296131134033
0.0,30.091431379318237,6.7344701290130615,0.0,0.0,0.0,0.0,0.0,0.0,0.0,0.0,0.0,0.0,37.27484083175659
0.0,29.765270471572876,6.714016914367676,0.0,0.0,0.0,0.0,0.0,0.0,0.0,0.0,0.0,0.0,36.92802929878235
0.0,30.10139298439026,6.74144434928894,0.0,0.0,0.0,0.0,0.0,0.0,0.0,0.0,0.0,0.0,37.293185234069824
0.0,9.851531028747559,7.041922569274902,0.0,0.0,0.0,0.0,0.0,0.0,0.0,0.0,0.0,0.0,17.751530408859253
0.0,9.860366344451904,7.055821180343628,0.0,0.0,0.0,0.0,0.0,0.0,0.0,0.0,0.0,0.0,17.777676820755005
0.0,9.857857942581177,7.04844331741333,0.0,0.0,0.0,0.0,0.0,0.0,0.0,0.0,0.0,0.0,17.764039993286133
0.0,9.841339349746704,7.03394627571106,0.0,0.0,0.0,0.0,0.0,0.0,0.0,0.0,0.0,0.0,17.734074354171753
0.0,9.846123456954956,7.051498889923096,0.0,0.0,0.0,0.0,0.0,0.0,0.0,0.0,0.0,0.0,17.75590491294861
0.0,32.048463344573975,7.033020734786987,0.0,0.0,0.0,0.0,0.0,0.0,0.0,0.0,0.0,0.0,39.550036907196045
0.0,32.01819396018982,7.027044057846069,0.0,0.0,0.0,0.0,0.0,0.0,0.0,0.0,0.0,0.0,39.51412224769592
0.0,32.0293333530426,7.006493806838989,0.0,0.0,0.0,0.0,0.0,0.0,0.0,0.0,0.0,0.0,39.50423884391785
0.0,32.05936336517334,7.020769357681274,0.0,0.0,0.0,0.0,0.0,0.0,0.0,0.0,0.0,0.0,39.54943490028381
0.0,32.02078437805176,7.018953561782837,0.0,0.0,0.0,0.0,0.0,0.0,0.0,0.0,0.0,0.0,39.508559465408325
0.0,31.324944734573364,7.013013601303101,0.0,0.0,0.0,0.0,0.0,0.0,0.0,0.0,0.0,0.0,38.80605864524841
0.0,31.337910652160645,7.021198749542236,0.0,0.0,0.0,0.0,0.0,0.0,0.0,0.0,0.0,0.0,38.82813549041748
0.0,31.533166646957397,7.03734278678894,0.0,0.0,0.0,0.0,0.0,0.0,0.0,0.0,0.0,0.0,39.03864073753357
0.0,31.33283233642578,7.007367134094238,0.0,0.0,0.0,0.0,0.0,0.0,0.0,0.0,0.0,0.0,38.8091504573822
0.0,31.708359241485596,7.04132604598999,0.0,0.0,0.0,0.0,0.0,0.0,0.0,0.0,0.0,0.0,39.21880602836609
