evaluation,join,shacl_schema_validation,summarization,overall_constraint_evaluation,io,io_histogram,io_piechart,viz_hist,viz_pie,viz_grouped_hist,node_samples,picture_composition,n_unique_nodes,overall
0.0,0.0046689510345458984,0.004596233367919922,0.0,0.0,0.0,0.0,0.0,0.0,0.0,0.0,0.0,0.0,256.0,0.010589122772216797
0.0,0.004653215408325195,0.005335807800292969,0.0,0.0,0.0,0.0,0.0,0.0,0.0,0.0,0.0,0.0,256.0,0.011777162551879883
0.0,0.0032455921173095703,0.004376888275146484,0.0,0.0,0.0,0.0,0.0,0.0,0.0,0.0,0.0,0.0,256.0,0.009181976318359375
0.0,0.004536867141723633,0.005261659622192383,0.0,0.0,0.0,0.0,0.0,0.0,0.0,0.0,0.0,0.0,256.0,0.011789321899414062
0.0,0.005590200424194336,0.006471872329711914,0.0,0.0,0.0,0.0,0.0,0.0,0.0,0.0,0.0,0.0,256.0,0.014499187469482422
0.0,0.0031561851501464844,0.0047223567962646484,0.0,0.0,0.0,0.0,0.0,0.0,0.0,0.0,0.0,0.0,256.0,0.009466886520385742
0.0,0.33997130393981934,0.3805980682373047,0.0,0.0,0.0,0.0,0.0,0.0,0.0,0.0,0.0,0.0,199207.0,0.7430534362792969
0.0,0.33487868309020996,0.3841845989227295,0.0,0.0,0.0,0.0,0.0,0.0,0.0,0.0,0.0,0.0,199207.0,0.7411530017852783
0.0,0.3769707679748535,0.37427735328674316,0.0,0.0,0.0,0.0,0.0,0.0,0.0,0.0,0.0,0.0,199207.0,0.7733161449432373
0.0,0.3707747459411621,0.37209630012512207,0.0,0.0,0.0,0.0,0.0,0.0,0.0,0.0,0.0,0.0,199207.0,0.7638161182403564
0.0,0.3818180561065674,0.3790571689605713,0.0,0.0,0.0,0.0,0.0,0.0,0.0,0.0,0.0,0.0,199207.0,0.7824070453643799
0.0,0.3929626941680908,0.37500739097595215,0.0,0.0,0.0,0.0,0.0,0.0,0.0,0.0,0.0,0.0,199207.0,0.791161060333252
0.0,0.7955710887908936,0.6832635402679443,0.0,0.0,0.0,0.0,0.0,0.0,0.0,0.0,0.0,0.0,360517.0,1.5224862098693848
0.0,0.7482542991638184,0.642836332321167,0.0,0.0,0.0,0.0,0.0,0.0,0.0,0.0,0.0,0.0,360517.0,1.4350254535675049
0.0,0.7790777683258057,0.6250123977661133,0.0,0.0,0.0,0.0,0.0,0.0,0.0,0.0,0.0,0.0,360517.0,1.4491193294525146
0.0,0.7965366840362549,0.6354303359985352,0.0,0.0,0.0,0.0,0.0,0.0,0.0,0.0,0.0,0.0,360517.0,1.4793517589569092
0.0,0.8166022300720215,0.6497795581817627,0.0,0.0,0.0,0.0,0.0,0.0,0.0,0.0,0.0,0.0,360517.0,1.5160422325134277
0.0,0.798748254776001,0.6597499847412109,0.0,0.0,0.0,0.0,0.0,0.0,0.0,0.0,0.0,0.0,360517.0,1.5023884773254395
0.0,1.2879085540771484,0.9826090335845947,0.0,0.0,0.0,0.0,0.0,0.0,0.0,0.0,0.0,0.0,490655.0,2.3348236083984375
0.0,1.2584657669067383,1.0226318836212158,0.0,0.0,0.0,0.0,0.0,0.0,0.0,0.0,0.0,0.0,490655.0,2.3452165126800537
0.0,1.39371919631958,1.0077767372131348,0.0,0.0,0.0,0.0,0.0,0.0,0.0,0.0,0.0,0.0,490655.0,2.4695208072662354
0.0,1.3670942783355713,0.995044469833374,0.0,0.0,0.0,0.0,0.0,0.0,0.0,0.0,0.0,0.0,490655.0,2.4289989471435547
0.0,1.3752243518829346,1.0041885375976562,0.0,0.0,0.0,0.0,0.0,0.0,0.0,0.0,0.0,0.0,490655.0,2.4485487937927246
0.0,1.3611578941345215,1.0175645351409912,0.0,0.0,0.0,0.0,0.0,0.0,0.0,0.0,0.0,0.0,490655.0,2.446770191192627
0.0,1.6938269138336182,1.2641351222991943,0.0,0.0,0.0,0.0,0.0,0.0,0.0,0.0,0.0,0.0,596952.0,3.0466718673706055
0.0,1.5998296737670898,1.1761832237243652,0.0,0.0,0.0,0.0,0.0,0.0,0.0,0.0,0.0,0.0,596952.0,2.8635623455047607
0.0,1.8127007484436035,1.1754534244537354,0.0,0.0,0.0,0.0,0.0,0.0,0.0,0.0,0.0,0.0,596952.0,3.082468271255493
0.0,1.79856276512146,1.1573998928070068,0.0,0.0,0.0,0.0,0.0,0.0,0.0,0.0,0.0,0.0,596952.0,3.052126407623291
0.0,1.7913413047790527,1.209123134613037,0.0,0.0,0.0,0.0,0.0,0.0,0.0,0.0,0.0,0.0,596952.0,3.0973000526428223
0.0,1.9354972839355469,1.1927282810211182,0.0,0.0,0.0,0.0,0.0,0.0,0.0,0.0,0.0,0.0,596952.0,3.224874496459961
0.0,2.0990471839904785,1.3454272747039795,0.0,0.0,0.0,0.0,0.0,0.0,0.0,0.0,0.0,0.0,682226.0,3.553560972213745
0.0,2.179811477661133,1.434340476989746,0.0,0.0,0.0,0.0,0.0,0.0,0.0,0.0,0.0,0.0,682226.0,3.72733473777771
0.0,2.040252208709717,1.4239253997802734,0.0,0.0,0.0,0.0,0.0,0.0,0.0,0.0,0.0,0.0,682226.0,3.581141710281372
0.0,2.0891129970550537,1.428797721862793,0.0,0.0,0.0,0.0,0.0,0.0,0.0,0.0,0.0,0.0,682226.0,3.6376051902770996
0.0,2.061844825744629,1.423842191696167,0.0,0.0,0.0,0.0,0.0,0.0,0.0,0.0,0.0,0.0,682226.0,3.6002519130706787
0.0,2.0059337615966797,1.4235801696777344,0.0,0.0,0.0,0.0,0.0,0.0,0.0,0.0,0.0,0.0,682226.0,3.543823003768921
0.0,2.455648899078369,1.3666024208068848,0.0,0.0,0.0,0.0,0.0,0.0,0.0,0.0,0.0,0.0,751989.0,3.9533567428588867
0.0,2.638730049133301,1.6285285949707031,0.0,0.0,0.0,0.0,0.0,0.0,0.0,0.0,0.0,0.0,751989.0,4.398926258087158
0.0,2.388813018798828,1.6273884773254395,0.0,0.0,0.0,0.0,0.0,0.0,0.0,0.0,0.0,0.0,751989.0,4.156109571456909
0.0,2.3446192741394043,1.6204595565795898,0.0,0.0,0.0,0.0,0.0,0.0,0.0,0.0,0.0,0.0,751989.0,4.106186628341675
0.0,2.392133951187134,1.6551806926727295,0.0,0.0,0.0,0.0,0.0,0.0,0.0,0.0,0.0,0.0,751989.0,4.186404228210449
0.0,2.392526149749756,1.6461379528045654,0.0,0.0,0.0,0.0,0.0,0.0,0.0,0.0,0.0,0.0,751989.0,4.176663637161255
0.0,3.0281283855438232,1.6248595714569092,0.0,0.0,0.0,0.0,0.0,0.0,0.0,0.0,0.0,0.0,808380.0,4.806159257888794
0.0,3.043578863143921,1.658522129058838,0.0,0.0,0.0,0.0,0.0,0.0,0.0,0.0,0.0,0.0,808380.0,4.85738205909729
0.0,2.482666254043579,1.636155366897583,0.0,0.0,0.0,0.0,0.0,0.0,0.0,0.0,0.0,0.0,808380.0,4.2825608253479
0.0,2.5431199073791504,1.6315338611602783,0.0,0.0,0.0,0.0,0.0,0.0,0.0,0.0,0.0,0.0,808380.0,4.3414084911346436
0.0,2.5015361309051514,1.6405487060546875,0.0,0.0,0.0,0.0,0.0,0.0,0.0,0.0,0.0,0.0,808380.0,4.301076173782349
0.0,2.5308949947357178,1.637890100479126,0.0,0.0,0.0,0.0,0.0,0.0,0.0,0.0,0.0,0.0,808380.0,4.33117413520813
0.0,3.4748339653015137,1.6254284381866455,0.0,0.0,0.0,0.0,0.0,0.0,0.0,0.0,0.0,0.0,853698.0,5.27408766746521
0.0,3.549607038497925,1.8574633598327637,0.0,0.0,0.0,0.0,0.0,0.0,0.0,0.0,0.0,0.0,853698.0,5.582935571670532
0.0,3.0823493003845215,1.821664810180664,0.0,0.0,0.0,0.0,0.0,0.0,0.0,0.0,0.0,0.0,853698.0,5.087570905685425
0.0,3.215205430984497,1.880357265472412,0.0,0.0,0.0,0.0,0.0,0.0,0.0,0.0,0.0,0.0,853698.0,5.286239147186279
0.0,3.162198543548584,1.9017887115478516,0.0,0.0,0.0,0.0,0.0,0.0,0.0,0.0,0.0,0.0,853698.0,5.247483491897583
0.0,3.0821454524993896,1.8564655780792236,0.0,0.0,0.0,0.0,0.0,0.0,0.0,0.0,0.0,0.0,853698.0,5.129763603210449
0.0,4.199749946594238,1.9263324737548828,0.0,0.0,0.0,0.0,0.0,0.0,0.0,0.0,0.0,0.0,890761.0,6.348286867141724
0.0,4.105108022689819,1.8594262599945068,0.0,0.0,0.0,0.0,0.0,0.0,0.0,0.0,0.0,0.0,890761.0,6.161051988601685
0.0,3.027533769607544,1.8258082866668701,0.0,0.0,0.0,0.0,0.0,0.0,0.0,0.0,0.0,0.0,890761.0,5.0568015575408936
0.0,2.981731414794922,1.7951292991638184,0.0,0.0,0.0,0.0,0.0,0.0,0.0,0.0,0.0,0.0,890761.0,4.978533744812012
0.0,2.9724292755126953,1.8008739948272705,0.0,0.0,0.0,0.0,0.0,0.0,0.0,0.0,0.0,0.0,890761.0,4.970838308334351
0.0,3.1519575119018555,1.8242111206054688,0.0,0.0,0.0,0.0,0.0,0.0,0.0,0.0,0.0,0.0,890761.0,5.181438207626343
0.0,4.6556830406188965,1.7842738628387451,0.0,0.0,0.0,0.0,0.0,0.0,0.0,0.0,0.0,0.0,921015.0,6.678818941116333
0.0,4.695278882980347,1.9103245735168457,0.0,0.0,0.0,0.0,0.0,0.0,0.0,0.0,0.0,0.0,921015.0,6.826292276382446
0.0,3.3002641201019287,1.9036250114440918,0.0,0.0,0.0,0.0,0.0,0.0,0.0,0.0,0.0,0.0,921015.0,5.428590774536133
0.0,3.207151174545288,1.8904483318328857,0.0,0.0,0.0,0.0,0.0,0.0,0.0,0.0,0.0,0.0,921015.0,5.318070411682129
0.0,3.233903646469116,1.8854176998138428,0.0,0.0,0.0,0.0,0.0,0.0,0.0,0.0,0.0,0.0,921015.0,5.344569444656372
0.0,3.3517215251922607,1.882885456085205,0.0,0.0,0.0,0.0,0.0,0.0,0.0,0.0,0.0,0.0,921015.0,5.460296154022217
0.0,5.2754693031311035,1.9674739837646484,0.0,0.0,0.0,0.0,0.0,0.0,0.0,0.0,0.0,0.0,945110.0,7.4967241287231445
0.0,5.298172950744629,1.9407157897949219,0.0,0.0,0.0,0.0,0.0,0.0,0.0,0.0,0.0,0.0,945110.0,7.477970361709595
0.0,3.359065532684326,1.8886547088623047,0.0,0.0,0.0,0.0,0.0,0.0,0.0,0.0,0.0,0.0,945110.0,5.505019664764404
0.0,3.310350179672241,1.9354307651519775,0.0,0.0,0.0,0.0,0.0,0.0,0.0,0.0,0.0,0.0,945110.0,5.491452932357788
0.0,3.3537745475769043,1.894629955291748,0.0,0.0,0.0,0.0,0.0,0.0,0.0,0.0,0.0,0.0,945110.0,5.496082067489624
0.0,3.3726511001586914,1.9368391036987305,0.0,0.0,0.0,0.0,0.0,0.0,0.0,0.0,0.0,0.0,945110.0,5.5624470710754395
0.0,5.882734537124634,2.1214377880096436,0.0,0.0,0.0,0.0,0.0,0.0,0.0,0.0,0.0,0.0,964753.0,8.302685976028442
0.0,5.880378246307373,2.1115055084228516,0.0,0.0,0.0,0.0,0.0,0.0,0.0,0.0,0.0,0.0,964753.0,8.2715585231781
0.0,3.901794672012329,2.173283100128174,0.0,0.0,0.0,0.0,0.0,0.0,0.0,0.0,0.0,0.0,964753.0,6.358704566955566
0.0,3.7328431606292725,2.0999279022216797,0.0,0.0,0.0,0.0,0.0,0.0,0.0,0.0,0.0,0.0,964753.0,6.114195823669434
0.0,3.756636142730713,2.0844061374664307,0.0,0.0,0.0,0.0,0.0,0.0,0.0,0.0,0.0,0.0,964753.0,6.123140573501587
0.0,3.7483067512512207,2.1560893058776855,0.0,0.0,0.0,0.0,0.0,0.0,0.0,0.0,0.0,0.0,964753.0,6.185236692428589
0.0,6.342352390289307,2.224052667617798,0.0,0.0,0.0,0.0,0.0,0.0,0.0,0.0,0.0,0.0,980297.0,8.862163066864014
0.0,6.208026647567749,2.0481574535369873,0.0,0.0,0.0,0.0,0.0,0.0,0.0,0.0,0.0,0.0,980297.0,8.546951532363892
0.0,3.976412773132324,2.0518558025360107,0.0,0.0,0.0,0.0,0.0,0.0,0.0,0.0,0.0,0.0,980297.0,6.339968204498291
0.0,4.149383068084717,2.2425949573516846,0.0,0.0,0.0,0.0,0.0,0.0,0.0,0.0,0.0,0.0,980297.0,6.707172393798828
0.0,3.8820369243621826,2.1154463291168213,0.0,0.0,0.0,0.0,0.0,0.0,0.0,0.0,0.0,0.0,980297.0,6.311549186706543
0.0,3.877185344696045,2.186277389526367,0.0,0.0,0.0,0.0,0.0,0.0,0.0,0.0,0.0,0.0,980297.0,6.373132705688477
0.0,6.6806721687316895,2.1750566959381104,0.0,0.0,0.0,0.0,0.0,0.0,0.0,0.0,0.0,0.0,993424.0,9.17654299736023
0.0,6.50111198425293,1.8763480186462402,0.0,0.0,0.0,0.0,0.0,0.0,0.0,0.0,0.0,0.0,993424.0,8.673874616622925
0.0,3.7884178161621094,1.8572239875793457,0.0,0.0,0.0,0.0,0.0,0.0,0.0,0.0,0.0,0.0,993424.0,5.9913599491119385
0.0,3.715986967086792,1.810377836227417,0.0,0.0,0.0,0.0,0.0,0.0,0.0,0.0,0.0,0.0,993424.0,5.85500168800354
0.0,3.7596468925476074,1.862713098526001,0.0,0.0,0.0,0.0,0.0,0.0,0.0,0.0,0.0,0.0,993424.0,5.953113079071045
0.0,3.738405227661133,1.844451904296875,0.0,0.0,0.0,0.0,0.0,0.0,0.0,0.0,0.0,0.0,993424.0,5.909491062164307
0.0,7.030013084411621,1.84700608253479,0.0,0.0,0.0,0.0,0.0,0.0,0.0,0.0,0.0,0.0,1004187.0,9.211748361587524
0.0,7.362584829330444,2.0790786743164062,0.0,0.0,0.0,0.0,0.0,0.0,0.0,0.0,0.0,0.0,1004187.0,9.76795482635498
0.0,4.064714431762695,2.076200246810913,0.0,0.0,0.0,0.0,0.0,0.0,0.0,0.0,0.0,0.0,1004187.0,6.481227159500122
0.0,4.123800754547119,2.0717880725860596,0.0,0.0,0.0,0.0,0.0,0.0,0.0,0.0,0.0,0.0,1004187.0,6.5322418212890625
0.0,4.005005598068237,2.0565907955169678,0.0,0.0,0.0,0.0,0.0,0.0,0.0,0.0,0.0,0.0,1004187.0,6.410933256149292
0.0,4.121355056762695,2.0677332878112793,0.0,0.0,0.0,0.0,0.0,0.0,0.0,0.0,0.0,0.0,1004187.0,6.529254913330078
0.0,7.76355242729187,2.2302911281585693,0.0,0.0,0.0,0.0,0.0,0.0,0.0,0.0,0.0,0.0,1012303.0,10.356422185897827
0.0,7.9200239181518555,2.112006902694702,0.0,0.0,0.0,0.0,0.0,0.0,0.0,0.0,0.0,0.0,1012303.0,10.385982990264893
0.0,4.333966016769409,2.1911869049072266,0.0,0.0,0.0,0.0,0.0,0.0,0.0,0.0,0.0,0.0,1012303.0,6.902810335159302
0.0,4.322168588638306,2.1117360591888428,0.0,0.0,0.0,0.0,0.0,0.0,0.0,0.0,0.0,0.0,1012303.0,6.812412738800049
0.0,4.325877904891968,2.1409823894500732,0.0,0.0,0.0,0.0,0.0,0.0,0.0,0.0,0.0,0.0,1012303.0,6.84441351890564
0.0,4.296707630157471,2.1425323486328125,0.0,0.0,0.0,0.0,0.0,0.0,0.0,0.0,0.0,0.0,1012303.0,6.8242833614349365
0.0,8.228354454040527,2.0050315856933594,0.0,0.0,0.0,0.0,0.0,0.0,0.0,0.0,0.0,0.0,1019138.0,10.631393432617188
0.0,8.344722509384155,2.152676582336426,0.0,0.0,0.0,0.0,0.0,0.0,0.0,0.0,0.0,0.0,1019138.0,10.882642269134521
0.0,4.274229526519775,2.105454206466675,0.0,0.0,0.0,0.0,0.0,0.0,0.0,0.0,0.0,0.0,1019138.0,6.8196070194244385
0.0,4.285650253295898,2.1248440742492676,0.0,0.0,0.0,0.0,0.0,0.0,0.0,0.0,0.0,0.0,1019138.0,6.8165130615234375
0.0,4.278931617736816,2.1627516746520996,0.0,0.0,0.0,0.0,0.0,0.0,0.0,0.0,0.0,0.0,1019138.0,6.8641908168792725
0.0,4.930658578872681,2.2857813835144043,0.0,0.0,0.0,0.0,0.0,0.0,0.0,0.0,0.0,0.0,1019138.0,7.63592004776001
0.0,9.11655855178833,1.921241044998169,0.0,0.0,0.0,0.0,0.0,0.0,0.0,0.0,0.0,0.0,1025001.0,11.450252771377563
0.0,9.098753690719604,2.3950912952423096,0.0,0.0,0.0,0.0,0.0,0.0,0.0,0.0,0.0,0.0,1025001.0,11.897475242614746
0.0,4.93489146232605,2.383091688156128,0.0,0.0,0.0,0.0,0.0,0.0,0.0,0.0,0.0,0.0,1025001.0,7.759411811828613
0.0,4.808959245681763,2.3291800022125244,0.0,0.0,0.0,0.0,0.0,0.0,0.0,0.0,0.0,0.0,1025001.0,7.568907737731934
0.0,5.091363906860352,2.3722705841064453,0.0,0.0,0.0,0.0,0.0,0.0,0.0,0.0,0.0,0.0,1025001.0,7.890444993972778
0.0,4.820714473724365,2.361043930053711,0.0,0.0,0.0,0.0,0.0,0.0,0.0,0.0,0.0,0.0,1025001.0,7.6179304122924805
0.0,9.812693119049072,2.133469820022583,0.0,0.0,0.0,0.0,0.0,0.0,0.0,0.0,0.0,0.0,1029512.0,12.370395421981812
0.0,9.398239612579346,2.075791358947754,0.0,0.0,0.0,0.0,0.0,0.0,0.0,0.0,0.0,0.0,1029512.0,11.895708799362183
0.0,5.04376220703125,2.1074037551879883,0.0,0.0,0.0,0.0,0.0,0.0,0.0,0.0,0.0,0.0,1029512.0,7.627440452575684
0.0,4.976227045059204,2.1128363609313965,0.0,0.0,0.0,0.0,0.0,0.0,0.0,0.0,0.0,0.0,1029512.0,7.54575252532959
0.0,4.959585905075073,2.113751173019409,0.0,0.0,0.0,0.0,0.0,0.0,0.0,0.0,0.0,0.0,1029512.0,7.53538179397583
0.0,5.077180624008179,2.126908540725708,0.0,0.0,0.0,0.0,0.0,0.0,0.0,0.0,0.0,0.0,1029512.0,7.673818349838257
0.0,0.5498454570770264,0.004885196685791016,0.0,0.0,0.0,0.0,0.0,0.0,0.0,0.0,0.0,0.0,256.0,0.6570403575897217
0.0,0.5565311908721924,0.0050580501556396484,0.0,0.0,0.0,0.0,0.0,0.0,0.0,0.0,0.0,0.0,256.0,0.6685981750488281
0.0,0.13656997680664062,0.00465846061706543,0.0,0.0,0.0,0.0,0.0,0.0,0.0,0.0,0.0,0.0,256.0,0.25409603118896484
0.0,0.13103055953979492,0.004525423049926758,0.0,0.0,0.0,0.0,0.0,0.0,0.0,0.0,0.0,0.0,256.0,0.24831891059875488
0.0,0.13630390167236328,0.004922628402709961,0.0,0.0,0.0,0.0,0.0,0.0,0.0,0.0,0.0,0.0,256.0,0.25394439697265625
0.0,0.13565278053283691,0.0045757293701171875,0.0,0.0,0.0,0.0,0.0,0.0,0.0,0.0,0.0,0.0,256.0,0.2533259391784668
0.0,1.6214540004730225,0.38079833984375,0.0,0.0,0.0,0.0,0.0,0.0,0.0,0.0,0.0,0.0,219053.0,2.1075222492218018
0.0,1.6314244270324707,0.4019043445587158,0.0,0.0,0.0,0.0,0.0,0.0,0.0,0.0,0.0,0.0,219053.0,2.138580799102783
0.0,0.809063196182251,0.41719937324523926,0.0,0.0,0.0,0.0,0.0,0.0,0.0,0.0,0.0,0.0,219053.0,1.336352825164795
0.0,0.8186755180358887,0.43279290199279785,0.0,0.0,0.0,0.0,0.0,0.0,0.0,0.0,0.0,0.0,219053.0,1.3656847476959229
0.0,0.7569489479064941,0.4095122814178467,0.0,0.0,0.0,0.0,0.0,0.0,0.0,0.0,0.0,0.0,219053.0,1.2814099788665771
0.0,0.7806942462921143,0.4069333076477051,0.0,0.0,0.0,0.0,0.0,0.0,0.0,0.0,0.0,0.0,219053.0,1.314232349395752
0.0,1.7347824573516846,0.7783324718475342,0.0,0.0,0.0,0.0,0.0,0.0,0.0,0.0,0.0,0.0,400803.0,2.621375322341919
0.0,1.7566428184509277,0.7485198974609375,0.0,0.0,0.0,0.0,0.0,0.0,0.0,0.0,0.0,0.0,400803.0,2.616147518157959
0.0,1.2532906532287598,0.7441153526306152,0.0,0.0,0.0,0.0,0.0,0.0,0.0,0.0,0.0,0.0,400803.0,2.1096479892730713
0.0,1.2541074752807617,0.759375810623169,0.0,0.0,0.0,0.0,0.0,0.0,0.0,0.0,0.0,0.0,400803.0,2.1353142261505127
0.0,1.2063281536102295,0.7512016296386719,0.0,0.0,0.0,0.0,0.0,0.0,0.0,0.0,0.0,0.0,400803.0,2.069844961166382
0.0,1.3730027675628662,0.7791507244110107,0.0,0.0,0.0,0.0,0.0,0.0,0.0,0.0,0.0,0.0,400803.0,2.2678709030151367
0.0,1.9378747940063477,1.1009471416473389,0.0,0.0,0.0,0.0,0.0,0.0,0.0,0.0,0.0,0.0,527044.0,3.1452198028564453
0.0,1.9680020809173584,1.1170122623443604,0.0,0.0,0.0,0.0,0.0,0.0,0.0,0.0,0.0,0.0,527044.0,3.1932897567749023
0.0,1.614229440689087,1.091188907623291,0.0,0.0,0.0,0.0,0.0,0.0,0.0,0.0,0.0,0.0,527044.0,2.8210296630859375
0.0,1.609468936920166,1.0773203372955322,0.0,0.0,0.0,0.0,0.0,0.0,0.0,0.0,0.0,0.0,527044.0,2.804539203643799
0.0,1.61330246925354,1.125065803527832,0.0,0.0,0.0,0.0,0.0,0.0,0.0,0.0,0.0,0.0,527044.0,2.8535878658294678
0.0,1.6079328060150146,1.0985639095306396,0.0,0.0,0.0,0.0,0.0,0.0,0.0,0.0,0.0,0.0,527044.0,2.829944133758545
0.0,2.0051238536834717,1.257779598236084,0.0,0.0,0.0,0.0,0.0,0.0,0.0,0.0,0.0,0.0,614024.0,3.374061107635498
0.0,2.015984535217285,1.2423462867736816,0.0,0.0,0.0,0.0,0.0,0.0,0.0,0.0,0.0,0.0,614024.0,3.3671865463256836
0.0,1.9503381252288818,1.2249155044555664,0.0,0.0,0.0,0.0,0.0,0.0,0.0,0.0,0.0,0.0,614024.0,3.2842037677764893
0.0,1.924339771270752,1.2312195301055908,0.0,0.0,0.0,0.0,0.0,0.0,0.0,0.0,0.0,0.0,614024.0,3.2709414958953857
0.0,1.853597640991211,1.24379563331604,0.0,0.0,0.0,0.0,0.0,0.0,0.0,0.0,0.0,0.0,614024.0,3.2097322940826416
0.0,1.9731030464172363,1.2545921802520752,0.0,0.0,0.0,0.0,0.0,0.0,0.0,0.0,0.0,0.0,614024.0,3.3433587551116943
0.0,2.150193691253662,1.565751075744629,0.0,0.0,0.0,0.0,0.0,0.0,0.0,0.0,0.0,0.0,677197.0,3.8250677585601807
0.0,2.050291061401367,1.3935661315917969,0.0,0.0,0.0,0.0,0.0,0.0,0.0,0.0,0.0,0.0,677197.0,3.554612636566162
0.0,2.066725730895996,1.3850924968719482,0.0,0.0,0.0,0.0,0.0,0.0,0.0,0.0,0.0,0.0,677197.0,3.5644760131835938
0.0,2.1218440532684326,1.3890008926391602,0.0,0.0,0.0,0.0,0.0,0.0,0.0,0.0,0.0,0.0,677197.0,3.6258950233459473
0.0,2.138054609298706,1.3892238140106201,0.0,0.0,0.0,0.0,0.0,0.0,0.0,0.0,0.0,0.0,677197.0,3.648834705352783
0.0,2.139124870300293,1.401310682296753,0.0,0.0,0.0,0.0,0.0,0.0,0.0,0.0,0.0,0.0,677197.0,3.657783269882202
0.0,2.052323579788208,1.43522310256958,0.0,0.0,0.0,0.0,0.0,0.0,0.0,0.0,0.0,0.0,724488.0,3.5959300994873047
0.0,2.06109881401062,1.4909770488739014,0.0,0.0,0.0,0.0,0.0,0.0,0.0,0.0,0.0,0.0,724488.0,3.6580710411071777
0.0,2.1080384254455566,1.4262943267822266,0.0,0.0,0.0,0.0,0.0,0.0,0.0,0.0,0.0,0.0,724488.0,3.642359495162964
0.0,2.1624441146850586,1.461845874786377,0.0,0.0,0.0,0.0,0.0,0.0,0.0,0.0,0.0,0.0,724488.0,3.7400426864624023
0.0,2.149395227432251,1.4666762351989746,0.0,0.0,0.0,0.0,0.0,0.0,0.0,0.0,0.0,0.0,724488.0,3.725670576095581
0.0,2.2009270191192627,1.4863839149475098,0.0,0.0,0.0,0.0,0.0,0.0,0.0,0.0,0.0,0.0,724488.0,3.7985010147094727
0.0,2.0967516899108887,1.5445101261138916,0.0,0.0,0.0,0.0,0.0,0.0,0.0,0.0,0.0,0.0,761310.0,3.742604970932007
0.0,2.052953004837036,1.4196720123291016,0.0,0.0,0.0,0.0,0.0,0.0,0.0,0.0,0.0,0.0,761310.0,3.5900402069091797
0.0,1.979776382446289,1.396122932434082,0.0,0.0,0.0,0.0,0.0,0.0,0.0,0.0,0.0,0.0,761310.0,3.487804412841797
0.0,2.014320135116577,1.4103751182556152,0.0,0.0,0.0,0.0,0.0,0.0,0.0,0.0,0.0,0.0,761310.0,3.5384716987609863
0.0,1.9952023029327393,1.4121427536010742,0.0,0.0,0.0,0.0,0.0,0.0,0.0,0.0,0.0,0.0,761310.0,3.5206620693206787
0.0,2.017148733139038,1.4336977005004883,0.0,0.0,0.0,0.0,0.0,0.0,0.0,0.0,0.0,0.0,761310.0,3.569432258605957
0.0,2.1172940731048584,1.5613582134246826,0.0,0.0,0.0,0.0,0.0,0.0,0.0,0.0,0.0,0.0,790439.0,3.7844502925872803
0.0,1.9989843368530273,1.4244029521942139,0.0,0.0,0.0,0.0,0.0,0.0,0.0,0.0,0.0,0.0,790439.0,3.528447151184082
0.0,2.0167529582977295,1.4215312004089355,0.0,0.0,0.0,0.0,0.0,0.0,0.0,0.0,0.0,0.0,790439.0,3.5519726276397705
0.0,2.0232179164886475,1.4462387561798096,0.0,0.0,0.0,0.0,0.0,0.0,0.0,0.0,0.0,0.0,790439.0,3.5820841789245605
0.0,2.1050684452056885,1.4556856155395508,0.0,0.0,0.0,0.0,0.0,0.0,0.0,0.0,0.0,0.0,790439.0,3.6743533611297607
0.0,2.1041529178619385,1.452718734741211,0.0,0.0,0.0,0.0,0.0,0.0,0.0,0.0,0.0,0.0,790439.0,3.6761422157287598
0.0,2.1484568119049072,1.694533109664917,0.0,0.0,0.0,0.0,0.0,0.0,0.0,0.0,0.0,0.0,814387.0,3.947056770324707
0.0,2.2859678268432617,1.849794626235962,0.0,0.0,0.0,0.0,0.0,0.0,0.0,0.0,0.0,0.0,814387.0,4.240611791610718
0.0,2.664156675338745,1.8158199787139893,0.0,0.0,0.0,0.0,0.0,0.0,0.0,0.0,0.0,0.0,814387.0,4.591805458068848
0.0,2.60514497756958,1.7767424583435059,0.0,0.0,0.0,0.0,0.0,0.0,0.0,0.0,0.0,0.0,814387.0,4.492085933685303
0.0,2.6325161457061768,1.7968649864196777,0.0,0.0,0.0,0.0,0.0,0.0,0.0,0.0,0.0,0.0,814387.0,4.5364670753479
0.0,2.581974506378174,1.7723991870880127,0.0,0.0,0.0,0.0,0.0,0.0,0.0,0.0,0.0,0.0,814387.0,4.463228940963745
0.0,2.1674275398254395,1.7057030200958252,0.0,0.0,0.0,0.0,0.0,0.0,0.0,0.0,0.0,0.0,834722.0,3.978675603866577
0.0,2.3523240089416504,1.9886300563812256,0.0,0.0,0.0,0.0,0.0,0.0,0.0,0.0,0.0,0.0,834722.0,4.445086240768433
0.0,2.73933482170105,1.9614253044128418,0.0,0.0,0.0,0.0,0.0,0.0,0.0,0.0,0.0,0.0,834722.0,4.809176683425903
0.0,2.7506766319274902,1.9359068870544434,0.0,0.0,0.0,0.0,0.0,0.0,0.0,0.0,0.0,0.0,834722.0,4.794150114059448
0.0,2.754417896270752,1.9855577945709229,0.0,0.0,0.0,0.0,0.0,0.0,0.0,0.0,0.0,0.0,834722.0,4.844320297241211
0.0,2.66570782661438,1.9946722984313965,0.0,0.0,0.0,0.0,0.0,0.0,0.0,0.0,0.0,0.0,834722.0,4.7685253620147705
0.0,2.18084716796875,1.7111737728118896,0.0,0.0,0.0,0.0,0.0,0.0,0.0,0.0,0.0,0.0,851464.0,3.995089054107666
0.0,2.17737078666687,1.7433557510375977,0.0,0.0,0.0,0.0,0.0,0.0,0.0,0.0,0.0,0.0,851464.0,4.0286407470703125
0.0,2.440563917160034,1.7730329036712646,0.0,0.0,0.0,0.0,0.0,0.0,0.0,0.0,0.0,0.0,851464.0,4.3229615688323975
0.0,2.445730686187744,1.7485771179199219,0.0,0.0,0.0,0.0,0.0,0.0,0.0,0.0,0.0,0.0,851464.0,4.2993974685668945
0.0,2.4993960857391357,1.7700674533843994,0.0,0.0,0.0,0.0,0.0,0.0,0.0,0.0,0.0,0.0,851464.0,4.376631259918213
0.0,2.4108712673187256,1.741241216659546,0.0,0.0,0.0,0.0,0.0,0.0,0.0,0.0,0.0,0.0,851464.0,4.2602128982543945
0.0,2.1691083908081055,1.725264072418213,0.0,0.0,0.0,0.0,0.0,0.0,0.0,0.0,0.0,0.0,865880.0,3.996518850326538
0.0,2.153393030166626,1.6776487827301025,0.0,0.0,0.0,0.0,0.0,0.0,0.0,0.0,0.0,0.0,865880.0,3.9346439838409424
0.0,2.3921866416931152,1.713301658630371,0.0,0.0,0.0,0.0,0.0,0.0,0.0,0.0,0.0,0.0,865880.0,4.21474814414978
0.0,2.406898021697998,1.7197844982147217,0.0,0.0,0.0,0.0,0.0,0.0,0.0,0.0,0.0,0.0,865880.0,4.233566522598267
0.0,2.4310827255249023,1.6844239234924316,0.0,0.0,0.0,0.0,0.0,0.0,0.0,0.0,0.0,0.0,865880.0,4.22200870513916
0.0,2.4342448711395264,1.712583303451538,0.0,0.0,0.0,0.0,0.0,0.0,0.0,0.0,0.0,0.0,865880.0,4.253409385681152
0.0,2.262439489364624,1.8966288566589355,0.0,0.0,0.0,0.0,0.0,0.0,0.0,0.0,0.0,0.0,878227.0,4.263898134231567
0.0,2.3139407634735107,1.9847121238708496,0.0,0.0,0.0,0.0,0.0,0.0,0.0,0.0,0.0,0.0,878227.0,4.4004905223846436
0.0,2.6085562705993652,1.9821743965148926,0.0,0.0,0.0,0.0,0.0,0.0,0.0,0.0,0.0,0.0,878227.0,4.699700117111206
0.0,2.5759503841400146,1.913804054260254,0.0,0.0,0.0,0.0,0.0,0.0,0.0,0.0,0.0,0.0,878227.0,4.600747346878052
0.0,2.600461006164551,1.9514350891113281,0.0,0.0,0.0,0.0,0.0,0.0,0.0,0.0,0.0,0.0,878227.0,4.665144681930542
0.0,2.6123337745666504,1.9772822856903076,0.0,0.0,0.0,0.0,0.0,0.0,0.0,0.0,0.0,0.0,878227.0,4.7019147872924805
0.0,2.381500720977783,2.138209819793701,0.0,0.0,0.0,0.0,0.0,0.0,0.0,0.0,0.0,0.0,888765.0,4.6222825050354
0.0,2.236827850341797,1.8135149478912354,0.0,0.0,0.0,0.0,0.0,0.0,0.0,0.0,0.0,0.0,888765.0,4.153183698654175
0.0,2.4252188205718994,1.802539348602295,0.0,0.0,0.0,0.0,0.0,0.0,0.0,0.0,0.0,0.0,888765.0,4.333459854125977
0.0,2.502943515777588,1.8170654773712158,0.0,0.0,0.0,0.0,0.0,0.0,0.0,0.0,0.0,0.0,888765.0,4.429546356201172
0.0,2.47841215133667,1.809093713760376,0.0,0.0,0.0,0.0,0.0,0.0,0.0,0.0,0.0,0.0,888765.0,4.395226955413818
0.0,2.4916133880615234,1.853212833404541,0.0,0.0,0.0,0.0,0.0,0.0,0.0,0.0,0.0,0.0,888765.0,4.451985597610474
0.0,2.1558258533477783,1.7596495151519775,0.0,0.0,0.0,0.0,0.0,0.0,0.0,0.0,0.0,0.0,898351.0,4.015670537948608
0.0,2.2716293334960938,1.8017542362213135,0.0,0.0,0.0,0.0,0.0,0.0,0.0,0.0,0.0,0.0,898351.0,4.178203582763672
0.0,2.603147268295288,1.787963628768921,0.0,0.0,0.0,0.0,0.0,0.0,0.0,0.0,0.0,0.0,898351.0,4.496259450912476
0.0,2.6736044883728027,1.806762456893921,0.0,0.0,0.0,0.0,0.0,0.0,0.0,0.0,0.0,0.0,898351.0,4.589691162109375
0.0,2.5150201320648193,1.8007447719573975,0.0,0.0,0.0,0.0,0.0,0.0,0.0,0.0,0.0,0.0,898351.0,4.423864364624023
0.0,2.5351691246032715,1.7915632724761963,0.0,0.0,0.0,0.0,0.0,0.0,0.0,0.0,0.0,0.0,898351.0,4.436039924621582
0.0,2.170060634613037,1.8212642669677734,0.0,0.0,0.0,0.0,0.0,0.0,0.0,0.0,0.0,0.0,906797.0,4.093733310699463
0.0,2.115522623062134,1.701362133026123,0.0,0.0,0.0,0.0,0.0,0.0,0.0,0.0,0.0,0.0,906797.0,3.925150156021118
0.0,2.426328182220459,1.6752533912658691,0.0,0.0,0.0,0.0,0.0,0.0,0.0,0.0,0.0,0.0,906797.0,4.212082624435425
0.0,2.4173741340637207,1.6879866123199463,0.0,0.0,0.0,0.0,0.0,0.0,0.0,0.0,0.0,0.0,906797.0,4.216095924377441
0.0,2.4640471935272217,1.6875104904174805,0.0,0.0,0.0,0.0,0.0,0.0,0.0,0.0,0.0,0.0,906797.0,4.2637646198272705
0.0,2.461900234222412,1.6832780838012695,0.0,0.0,0.0,0.0,0.0,0.0,0.0,0.0,0.0,0.0,906797.0,4.2570836544036865
0.0,2.102618932723999,1.8004438877105713,0.0,0.0,0.0,0.0,0.0,0.0,0.0,0.0,0.0,0.0,914228.0,4.006577968597412
0.0,2.1079020500183105,1.668818712234497,0.0,0.0,0.0,0.0,0.0,0.0,0.0,0.0,0.0,0.0,914228.0,3.8804261684417725
0.0,2.4787960052490234,1.6835792064666748,0.0,0.0,0.0,0.0,0.0,0.0,0.0,0.0,0.0,0.0,914228.0,4.270646333694458
0.0,2.4973275661468506,1.69232177734375,0.0,0.0,0.0,0.0,0.0,0.0,0.0,0.0,0.0,0.0,914228.0,4.298264980316162
0.0,2.4578566551208496,1.6885483264923096,0.0,0.0,0.0,0.0,0.0,0.0,0.0,0.0,0.0,0.0,914228.0,4.253254652023315
0.0,2.468383550643921,1.6708848476409912,0.0,0.0,0.0,0.0,0.0,0.0,0.0,0.0,0.0,0.0,914228.0,4.246232032775879
0.0,2.1618754863739014,1.8083055019378662,0.0,0.0,0.0,0.0,0.0,0.0,0.0,0.0,0.0,0.0,921042.0,4.074078321456909
0.0,2.3336374759674072,2.027362585067749,0.0,0.0,0.0,0.0,0.0,0.0,0.0,0.0,0.0,0.0,921042.0,4.467107534408569
0.0,3.0459744930267334,2.065098762512207,0.0,0.0,0.0,0.0,0.0,0.0,0.0,0.0,0.0,0.0,921042.0,5.224084138870239
0.0,3.0735528469085693,2.0635972023010254,0.0,0.0,0.0,0.0,0.0,0.0,0.0,0.0,0.0,0.0,921042.0,5.2468671798706055
0.0,3.0663435459136963,2.058004379272461,0.0,0.0,0.0,0.0,0.0,0.0,0.0,0.0,0.0,0.0,921042.0,5.238442420959473
0.0,3.0055813789367676,2.0135886669158936,0.0,0.0,0.0,0.0,0.0,0.0,0.0,0.0,0.0,0.0,921042.0,5.127855062484741
0.0,2.32248854637146,1.9616401195526123,0.0,0.0,0.0,0.0,0.0,0.0,0.0,0.0,0.0,0.0,927257.0,4.393539905548096
0.0,2.3994455337524414,2.1565401554107666,0.0,0.0,0.0,0.0,0.0,0.0,0.0,0.0,0.0,0.0,927257.0,4.66316294670105
0.0,2.915010929107666,2.147845983505249,0.0,0.0,0.0,0.0,0.0,0.0,0.0,0.0,0.0,0.0,927257.0,5.181806564331055
0.0,2.903209686279297,2.1548023223876953,0.0,0.0,0.0,0.0,0.0,0.0,0.0,0.0,0.0,0.0,927257.0,5.167211532592773
0.0,2.897845983505249,2.1635727882385254,0.0,0.0,0.0,0.0,0.0,0.0,0.0,0.0,0.0,0.0,927257.0,5.171007394790649
0.0,2.8467586040496826,2.1293962001800537,0.0,0.0,0.0,0.0,0.0,0.0,0.0,0.0,0.0,0.0,927257.0,5.087159872055054
0.0,0.45087385177612305,0.3391401767730713,0.0,0.0,0.0,0.0,0.0,0.0,0.0,0.0,0.0,0.0,662850.0,0.8394596576690674
0.0,0.3982055187225342,0.29778075218200684,0.0,0.0,0.0,0.0,0.0,0.0,0.0,0.0,0.0,0.0,662850.0,0.7449440956115723
0.0,0.4869699478149414,0.2738072872161865,0.0,0.0,0.0,0.0,0.0,0.0,0.0,0.0,0.0,0.0,662850.0,0.8182504177093506
0.0,0.49126768112182617,0.27972412109375,0.0,0.0,0.0,0.0,0.0,0.0,0.0,0.0,0.0,0.0,662850.0,0.8275282382965088
0.0,0.5032176971435547,0.27942800521850586,0.0,0.0,0.0,0.0,0.0,0.0,0.0,0.0,0.0,0.0,662850.0,0.8400471210479736
0.0,0.4814741611480713,0.27125000953674316,0.0,0.0,0.0,0.0,0.0,0.0,0.0,0.0,0.0,0.0,662850.0,0.8090376853942871
0.0,0.8375594615936279,0.5929272174835205,0.0,0.0,0.0,0.0,0.0,0.0,0.0,0.0,0.0,0.0,662850.0,1.4914557933807373
0.0,0.8327665328979492,0.5677375793457031,0.0,0.0,0.0,0.0,0.0,0.0,0.0,0.0,0.0,0.0,662850.0,1.4630706310272217
0.0,1.0042610168457031,0.5499556064605713,0.0,0.0,0.0,0.0,0.0,0.0,0.0,0.0,0.0,0.0,662850.0,1.6557989120483398
0.0,1.017336368560791,0.556847333908081,0.0,0.0,0.0,0.0,0.0,0.0,0.0,0.0,0.0,0.0,662850.0,1.6751298904418945
0.0,1.0174815654754639,0.5727419853210449,0.0,0.0,0.0,0.0,0.0,0.0,0.0,0.0,0.0,0.0,662850.0,1.6927111148834229
0.0,1.0523507595062256,0.5694279670715332,0.0,0.0,0.0,0.0,0.0,0.0,0.0,0.0,0.0,0.0,662850.0,1.7247552871704102
0.0,1.1793575286865234,0.7749557495117188,0.0,0.0,0.0,0.0,0.0,0.0,0.0,0.0,0.0,0.0,662850.0,2.0303757190704346
0.0,1.2247445583343506,0.779212474822998,0.0,0.0,0.0,0.0,0.0,0.0,0.0,0.0,0.0,0.0,662850.0,2.080862045288086
0.0,1.2753205299377441,0.7673985958099365,0.0,0.0,0.0,0.0,0.0,0.0,0.0,0.0,0.0,0.0,662850.0,2.126831293106079
0.0,1.2538316249847412,0.764643669128418,0.0,0.0,0.0,0.0,0.0,0.0,0.0,0.0,0.0,0.0,662850.0,2.1013216972351074
0.0,1.2804415225982666,0.766918420791626,0.0,0.0,0.0,0.0,0.0,0.0,0.0,0.0,0.0,0.0,662850.0,2.1326777935028076
0.0,1.2596266269683838,0.7703101634979248,0.0,0.0,0.0,0.0,0.0,0.0,0.0,0.0,0.0,0.0,662850.0,2.1166768074035645
0.0,1.6115305423736572,1.0399844646453857,0.0,0.0,0.0,0.0,0.0,0.0,0.0,0.0,0.0,0.0,662850.0,2.7407455444335938
0.0,1.6228981018066406,1.0491204261779785,0.0,0.0,0.0,0.0,0.0,0.0,0.0,0.0,0.0,0.0,662850.0,2.761061429977417
0.0,1.5327568054199219,1.035989761352539,0.0,0.0,0.0,0.0,0.0,0.0,0.0,0.0,0.0,0.0,662850.0,2.667442798614502
0.0,1.517918586730957,1.0361874103546143,0.0,0.0,0.0,0.0,0.0,0.0,0.0,0.0,0.0,0.0,662850.0,2.6543667316436768
0.0,1.5554933547973633,1.0408496856689453,0.0,0.0,0.0,0.0,0.0,0.0,0.0,0.0,0.0,0.0,662850.0,2.6921329498291016
0.0,1.5679633617401123,1.0429046154022217,0.0,0.0,0.0,0.0,0.0,0.0,0.0,0.0,0.0,0.0,662850.0,2.7047154903411865
0.0,2.0780887603759766,1.3305325508117676,0.0,0.0,0.0,0.0,0.0,0.0,0.0,0.0,0.0,0.0,662850.0,3.509613275527954
0.0,1.9958667755126953,1.3160288333892822,0.0,0.0,0.0,0.0,0.0,0.0,0.0,0.0,0.0,0.0,662850.0,3.4168853759765625
0.0,1.822998285293579,1.3054790496826172,0.0,0.0,0.0,0.0,0.0,0.0,0.0,0.0,0.0,0.0,662850.0,3.2398805618286133
0.0,1.8149380683898926,1.2900266647338867,0.0,0.0,0.0,0.0,0.0,0.0,0.0,0.0,0.0,0.0,662850.0,3.2147653102874756
0.0,1.8076763153076172,1.296454668045044,0.0,0.0,0.0,0.0,0.0,0.0,0.0,0.0,0.0,0.0,662850.0,3.216888904571533
0.0,1.7990305423736572,1.321457862854004,0.0,0.0,0.0,0.0,0.0,0.0,0.0,0.0,0.0,0.0,662850.0,3.2325820922851562
0.0,2.378018856048584,1.5768914222717285,0.0,0.0,0.0,0.0,0.0,0.0,0.0,0.0,0.0,0.0,662850.0,4.071054935455322
0.0,2.3868134021759033,1.5836329460144043,0.0,0.0,0.0,0.0,0.0,0.0,0.0,0.0,0.0,0.0,662850.0,4.090358734130859
0.0,2.1000609397888184,1.5923888683319092,0.0,0.0,0.0,0.0,0.0,0.0,0.0,0.0,0.0,0.0,662850.0,3.8154280185699463
0.0,2.068157196044922,1.5833349227905273,0.0,0.0,0.0,0.0,0.0,0.0,0.0,0.0,0.0,0.0,662850.0,3.7750604152679443
0.0,2.0596587657928467,1.5913326740264893,0.0,0.0,0.0,0.0,0.0,0.0,0.0,0.0,0.0,0.0,662850.0,3.777292251586914
0.0,2.041055679321289,1.5696699619293213,0.0,0.0,0.0,0.0,0.0,0.0,0.0,0.0,0.0,0.0,662850.0,3.7335402965545654
0.0,2.885563611984253,1.8918483257293701,0.0,0.0,0.0,0.0,0.0,0.0,0.0,0.0,0.0,0.0,662850.0,4.911176681518555
0.0,2.781534194946289,1.8490517139434814,0.0,0.0,0.0,0.0,0.0,0.0,0.0,0.0,0.0,0.0,662850.0,4.761281251907349
0.0,2.335110664367676,1.8962292671203613,0.0,0.0,0.0,0.0,0.0,0.0,0.0,0.0,0.0,0.0,662850.0,4.367727756500244
0.0,2.2931387424468994,1.837998628616333,0.0,0.0,0.0,0.0,0.0,0.0,0.0,0.0,0.0,0.0,662850.0,4.266024589538574
0.0,2.270655393600464,1.8684706687927246,0.0,0.0,0.0,0.0,0.0,0.0,0.0,0.0,0.0,0.0,662850.0,4.276118278503418
0.0,2.264650821685791,1.833573341369629,0.0,0.0,0.0,0.0,0.0,0.0,0.0,0.0,0.0,0.0,662850.0,4.2375617027282715
0.0,3.2818610668182373,2.1896941661834717,0.0,0.0,0.0,0.0,0.0,0.0,0.0,0.0,0.0,0.0,662850.0,5.620103359222412
0.0,3.1550533771514893,2.1033668518066406,0.0,0.0,0.0,0.0,0.0,0.0,0.0,0.0,0.0,0.0,662850.0,5.404714822769165
0.0,2.6039540767669678,2.1364710330963135,0.0,0.0,0.0,0.0,0.0,0.0,0.0,0.0,0.0,0.0,662850.0,4.902180194854736
0.0,2.637843370437622,2.1483569145202637,0.0,0.0,0.0,0.0,0.0,0.0,0.0,0.0,0.0,0.0,662850.0,4.939327001571655
0.0,2.6307668685913086,2.1766245365142822,0.0,0.0,0.0,0.0,0.0,0.0,0.0,0.0,0.0,0.0,662850.0,4.960848569869995
0.0,2.584150552749634,2.1332573890686035,0.0,0.0,0.0,0.0,0.0,0.0,0.0,0.0,0.0,0.0,662850.0,4.868699312210083
0.0,3.659658670425415,2.4223897457122803,0.0,0.0,0.0,0.0,0.0,0.0,0.0,0.0,0.0,0.0,662850.0,6.243674278259277
0.0,3.636042833328247,2.4309797286987305,0.0,0.0,0.0,0.0,0.0,0.0,0.0,0.0,0.0,0.0,662850.0,6.230549335479736
0.0,2.93206787109375,2.3829309940338135,0.0,0.0,0.0,0.0,0.0,0.0,0.0,0.0,0.0,0.0,662850.0,5.490279912948608
0.0,2.925703525543213,2.406285285949707,0.0,0.0,0.0,0.0,0.0,0.0,0.0,0.0,0.0,0.0,662850.0,5.506752014160156
0.0,3.0046329498291016,2.399756669998169,0.0,0.0,0.0,0.0,0.0,0.0,0.0,0.0,0.0,0.0,662850.0,5.5730273723602295
0.0,2.868016242980957,2.3896396160125732,0.0,0.0,0.0,0.0,0.0,0.0,0.0,0.0,0.0,0.0,662850.0,5.427621841430664
0.0,4.012236595153809,2.6425681114196777,0.0,0.0,0.0,0.0,0.0,0.0,0.0,0.0,0.0,0.0,662850.0,6.834587812423706
0.0,4.0455162525177,2.637421131134033,0.0,0.0,0.0,0.0,0.0,0.0,0.0,0.0,0.0,0.0,662850.0,6.864712238311768
0.0,3.235186815261841,2.6306772232055664,0.0,0.0,0.0,0.0,0.0,0.0,0.0,0.0,0.0,0.0,662850.0,6.045364141464233
0.0,3.2237236499786377,2.64829421043396,0.0,0.0,0.0,0.0,0.0,0.0,0.0,0.0,0.0,0.0,662850.0,6.0554211139678955
0.0,3.2791671752929688,2.6451399326324463,0.0,0.0,0.0,0.0,0.0,0.0,0.0,0.0,0.0,0.0,662850.0,6.10541296005249
0.0,3.2929811477661133,2.637176752090454,0.0,0.0,0.0,0.0,0.0,0.0,0.0,0.0,0.0,0.0,662850.0,6.113866567611694
0.0,4.40716814994812,2.940246343612671,0.0,0.0,0.0,0.0,0.0,0.0,0.0,0.0,0.0,0.0,662850.0,7.534896612167358
0.0,4.376968145370483,2.9442083835601807,0.0,0.0,0.0,0.0,0.0,0.0,0.0,0.0,0.0,0.0,662850.0,7.508887529373169
0.0,3.419044017791748,2.930110454559326,0.0,0.0,0.0,0.0,0.0,0.0,0.0,0.0,0.0,0.0,662850.0,6.550537586212158
0.0,3.446812152862549,2.944842576980591,0.0,0.0,0.0,0.0,0.0,0.0,0.0,0.0,0.0,0.0,662850.0,6.588964939117432
0.0,3.4534196853637695,3.031019687652588,0.0,0.0,0.0,0.0,0.0,0.0,0.0,0.0,0.0,0.0,662850.0,6.687445402145386
0.0,3.4033420085906982,2.941981792449951,0.0,0.0,0.0,0.0,0.0,0.0,0.0,0.0,0.0,0.0,662850.0,6.541534900665283
0.0,4.958055019378662,3.2356250286102295,0.0,0.0,0.0,0.0,0.0,0.0,0.0,0.0,0.0,0.0,662850.0,8.399289608001709
0.0,5.063347816467285,3.271143674850464,0.0,0.0,0.0,0.0,0.0,0.0,0.0,0.0,0.0,0.0,662850.0,8.545162200927734
0.0,3.7853288650512695,3.2582545280456543,0.0,0.0,0.0,0.0,0.0,0.0,0.0,0.0,0.0,0.0,662850.0,7.254815101623535
0.0,3.8024048805236816,3.267273187637329,0.0,0.0,0.0,0.0,0.0,0.0,0.0,0.0,0.0,0.0,662850.0,7.283411502838135
0.0,3.698007345199585,3.2812278270721436,0.0,0.0,0.0,0.0,0.0,0.0,0.0,0.0,0.0,0.0,662850.0,7.191116809844971
0.0,3.739387273788452,3.2262191772460938,0.0,0.0,0.0,0.0,0.0,0.0,0.0,0.0,0.0,0.0,662850.0,7.174311637878418
0.0,5.294339895248413,3.5447311401367188,0.0,0.0,0.0,0.0,0.0,0.0,0.0,0.0,0.0,0.0,662850.0,9.0587797164917
0.0,5.205260515213013,3.4907283782958984,0.0,0.0,0.0,0.0,0.0,0.0,0.0,0.0,0.0,0.0,662850.0,8.916379928588867
0.0,3.9113640785217285,3.4984703063964844,0.0,0.0,0.0,0.0,0.0,0.0,0.0,0.0,0.0,0.0,662850.0,7.640410661697388
0.0,4.021923542022705,3.5068323612213135,0.0,0.0,0.0,0.0,0.0,0.0,0.0,0.0,0.0,0.0,662850.0,7.763532400131226
0.0,4.0927512645721436,3.5488531589508057,0.0,0.0,0.0,0.0,0.0,0.0,0.0,0.0,0.0,0.0,662850.0,7.867224454879761
0.0,4.0226476192474365,3.507303476333618,0.0,0.0,0.0,0.0,0.0,0.0,0.0,0.0,0.0,0.0,662850.0,7.775088787078857
0.0,5.749781608581543,3.856631278991699,0.0,0.0,0.0,0.0,0.0,0.0,0.0,0.0,0.0,0.0,662850.0,9.839216232299805
0.0,5.70874547958374,3.8277199268341064,0.0,0.0,0.0,0.0,0.0,0.0,0.0,0.0,0.0,0.0,662850.0,9.774874448776245
0.0,4.383307456970215,3.862746238708496,0.0,0.0,0.0,0.0,0.0,0.0,0.0,0.0,0.0,0.0,662850.0,8.491992235183716
0.0,4.323195695877075,3.865859031677246,0.0,0.0,0.0,0.0,0.0,0.0,0.0,0.0,0.0,0.0,662850.0,8.436327695846558
0.0,4.439326524734497,3.9026947021484375,0.0,0.0,0.0,0.0,0.0,0.0,0.0,0.0,0.0,0.0,662850.0,8.587481021881104
0.0,4.398450136184692,3.885847568511963,0.0,0.0,0.0,0.0,0.0,0.0,0.0,0.0,0.0,0.0,662850.0,8.530116081237793
0.0,6.270169019699097,4.178548812866211,0.0,0.0,0.0,0.0,0.0,0.0,0.0,0.0,0.0,0.0,662850.0,10.69836711883545
0.0,6.1986167430877686,4.1318395137786865,0.0,0.0,0.0,0.0,0.0,0.0,0.0,0.0,0.0,0.0,662850.0,10.579609394073486
0.0,4.578278303146362,4.115509748458862,0.0,0.0,0.0,0.0,0.0,0.0,0.0,0.0,0.0,0.0,662850.0,8.95494031906128
0.0,4.618570327758789,4.080530166625977,0.0,0.0,0.0,0.0,0.0,0.0,0.0,0.0,0.0,0.0,662850.0,8.97042727470398
0.0,4.50803542137146,4.089419841766357,0.0,0.0,0.0,0.0,0.0,0.0,0.0,0.0,0.0,0.0,662850.0,8.857385158538818
0.0,4.474211931228638,4.05890417098999,0.0,0.0,0.0,0.0,0.0,0.0,0.0,0.0,0.0,0.0,662850.0,8.791865587234497
0.0,6.6350181102752686,4.438588857650757,0.0,0.0,0.0,0.0,0.0,0.0,0.0,0.0,0.0,0.0,662850.0,11.338459968566895
0.0,6.626883268356323,4.574479579925537,0.0,0.0,0.0,0.0,0.0,0.0,0.0,0.0,0.0,0.0,662850.0,11.463013410568237
0.0,4.93757438659668,4.466583251953125,0.0,0.0,0.0,0.0,0.0,0.0,0.0,0.0,0.0,0.0,662850.0,9.679870367050171
0.0,5.050839900970459,4.4456775188446045,0.0,0.0,0.0,0.0,0.0,0.0,0.0,0.0,0.0,0.0,662850.0,9.764532804489136
0.0,4.950378656387329,4.442822694778442,0.0,0.0,0.0,0.0,0.0,0.0,0.0,0.0,0.0,0.0,662850.0,9.664551973342896
0.0,5.154154300689697,4.3954918384552,0.0,0.0,0.0,0.0,0.0,0.0,0.0,0.0,0.0,0.0,662850.0,9.828909397125244
0.0,7.278884410858154,4.846079349517822,0.0,0.0,0.0,0.0,0.0,0.0,0.0,0.0,0.0,0.0,662850.0,12.403238773345947
0.0,7.060354232788086,4.7822582721710205,0.0,0.0,0.0,0.0,0.0,0.0,0.0,0.0,0.0,0.0,662850.0,12.13193678855896
0.0,5.138067007064819,4.721523284912109,0.0,0.0,0.0,0.0,0.0,0.0,0.0,0.0,0.0,0.0,662850.0,10.139950275421143
0.0,5.353742837905884,4.854346513748169,0.0,0.0,0.0,0.0,0.0,0.0,0.0,0.0,0.0,0.0,662850.0,10.5038743019104
0.0,5.258094072341919,4.762186527252197,0.0,0.0,0.0,0.0,0.0,0.0,0.0,0.0,0.0,0.0,662850.0,10.306129217147827
0.0,5.269272089004517,4.935074329376221,0.0,0.0,0.0,0.0,0.0,0.0,0.0,0.0,0.0,0.0,662850.0,10.490190744400024
0.0,7.450928211212158,5.010976314544678,0.0,0.0,0.0,0.0,0.0,0.0,0.0,0.0,0.0,0.0,662850.0,12.758821725845337
0.0,7.547492265701294,4.937769174575806,0.0,0.0,0.0,0.0,0.0,0.0,0.0,0.0,0.0,0.0,662850.0,12.7885582447052
0.0,5.497425079345703,4.99842643737793,0.0,0.0,0.0,0.0,0.0,0.0,0.0,0.0,0.0,0.0,662850.0,10.795229196548462
0.0,5.540568590164185,5.035587549209595,0.0,0.0,0.0,0.0,0.0,0.0,0.0,0.0,0.0,0.0,662850.0,10.870677709579468
0.0,5.585015058517456,5.01777720451355,0.0,0.0,0.0,0.0,0.0,0.0,0.0,0.0,0.0,0.0,662850.0,10.911187887191772
0.0,5.523888349533081,5.041783571243286,0.0,0.0,0.0,0.0,0.0,0.0,0.0,0.0,0.0,0.0,662850.0,10.863232612609863
0.0,8.12277340888977,5.273629665374756,0.0,0.0,0.0,0.0,0.0,0.0,0.0,0.0,0.0,0.0,662850.0,13.716903924942017
0.0,7.916452169418335,5.32229208946228,0.0,0.0,0.0,0.0,0.0,0.0,0.0,0.0,0.0,0.0,662850.0,13.547970533370972
0.0,5.849179983139038,5.3345947265625,0.0,0.0,0.0,0.0,0.0,0.0,0.0,0.0,0.0,0.0,662850.0,11.51378083229065
0.0,5.752118110656738,5.340695381164551,0.0,0.0,0.0,0.0,0.0,0.0,0.0,0.0,0.0,0.0,662850.0,11.403596639633179
0.0,5.833549976348877,5.325547695159912,0.0,0.0,0.0,0.0,0.0,0.0,0.0,0.0,0.0,0.0,662850.0,11.475012063980103
0.0,5.808637857437134,5.35113787651062,0.0,0.0,0.0,0.0,0.0,0.0,0.0,0.0,0.0,0.0,662850.0,11.480797290802002
0.0,8.496657371520996,5.584929704666138,0.0,0.0,0.0,0.0,0.0,0.0,0.0,0.0,0.0,0.0,662850.0,14.413167953491211
0.0,8.363072395324707,5.566532373428345,0.0,0.0,0.0,0.0,0.0,0.0,0.0,0.0,0.0,0.0,662850.0,14.262152194976807
0.0,6.135263919830322,5.616022109985352,0.0,0.0,0.0,0.0,0.0,0.0,0.0,0.0,0.0,0.0,662850.0,12.080004692077637
0.0,6.084710121154785,5.573146343231201,0.0,0.0,0.0,0.0,0.0,0.0,0.0,0.0,0.0,0.0,662850.0,11.984023332595825
0.0,6.118335723876953,5.565154790878296,0.0,0.0,0.0,0.0,0.0,0.0,0.0,0.0,0.0,0.0,662850.0,12.010541200637817
0.0,6.128028154373169,5.588336229324341,0.0,0.0,0.0,0.0,0.0,0.0,0.0,0.0,0.0,0.0,662850.0,12.049555778503418
