evaluation,join,shacl_schema_validation,summarization,overall_constraint_evaluation,io,io_histogram,io_piechart,viz_hist,viz_pie,viz_grouped_hist,node_samples,picture_composition,n_unique_nodes,model_inference,n_dnodes,n_leaves,n_splitnodes,overall
0.0026192665100097656,0.006712913513183594,0.003363370895385742,0.5662143230438232,0.01796436309814453,2.1223385334014893,1.5294013023376465,0.5491468906402588,1.0169570446014404,0.2520129680633545,0.0,0.005574464797973633,0.4078340530395508,256.0,0.0006260871887207031,33.0,17.0,16.0,4.56928563117981
0.002532482147216797,0.003571748733520508,0.004522085189819336,0.5637104511260986,0.01531839370727539,2.4395692348480225,1.81703782081604,0.5642428398132324,1.1677658557891846,0.2562088966369629,0.0,0.0038733482360839844,0.33130788803100586,256.0,0.0007035732269287109,33.0,17.0,16.0,4.947643995285034
0.0025177001953125,0.0034503936767578125,0.0045926570892333984,1.0541505813598633,0.014977693557739258,4.740312337875366,3.6190521717071533,1.1747784614562988,1.9686686992645264,0.5830764770507812,0.0,0.0039370059967041016,0.3485066890716553,256.0,0.0006928443908691406,33.0,17.0,16.0,4.718052387237549
0.002626180648803711,0.0036644935607910156,0.00451350212097168,0.9214272499084473,0.015612363815307617,5.015376091003418,3.713096857070923,1.372182846069336,2.0269572734832764,0.5218653678894043,0.0,0.0040607452392578125,0.3556225299835205,256.0,0.0007314682006835938,33.0,17.0,16.0,4.740087985992432
0.18686628341674805,0.6314206123352051,0.6349709033966064,1.8264367580413818,1.5288639068603516,6.255322456359863,4.75468635559082,1.4430608749389648,3.077272653579712,0.7800800800323486,0.0,0.20827412605285645,0.759462833404541,260871.0,0.015814781188964844,63.0,32.0,31.0,14.634169578552246
0.19449329376220703,0.621955156326294,0.6431219577789307,1.8344054222106934,1.5488030910491943,6.3744752407073975,4.765620231628418,1.5511398315429688,3.0836925506591797,0.7755014896392822,0.0,0.20754241943359375,0.7515950202941895,260871.0,0.018140792846679688,63.0,32.0,31.0,14.780537843704224
0.1949000358581543,0.6152942180633545,0.6384634971618652,4.689868688583374,1.5378382205963135,10.404261112213135,7.690160751342773,2.7875256538391113,4.5228846073150635,1.2255756855010986,0.0,0.20666885375976562,0.8127186298370361,260871.0,0.01819610595703125,63.0,32.0,31.0,12.694945335388184
0.1959223747253418,0.6170899868011475,0.6414918899536133,4.507219076156616,1.5441324710845947,10.88151478767395,7.780462265014648,3.169639825820923,4.516576528549194,1.0595135688781738,0.0,0.20688223838806152,0.8215644359588623,260871.0,0.018401384353637695,63.0,32.0,31.0,12.497211456298828
0.3707599639892578,1.3222339153289795,1.1701781749725342,2.5703125,3.023902177810669,4.640175819396973,3.5132689476013184,1.068652868270874,2.328291416168213,0.644885778427124,0.0,0.32261109352111816,0.6205399036407471,456369.0,0.028430700302124023,59.0,30.0,29.0,14.35037612915039
0.37328100204467773,1.2651331424713135,1.105553150177002,2.5557374954223633,2.907928705215454,4.57743239402771,3.460569143295288,1.058603048324585,2.3080012798309326,0.6448328495025635,0.0,0.21566057205200195,0.6136085987091064,456369.0,0.028340578079223633,59.0,30.0,29.0,14.141405820846558
0.37184953689575195,1.2632899284362793,1.1052110195159912,9.443819999694824,2.9050800800323486,8.295819759368896,6.076493263244629,2.2688934803009033,3.747861623764038,0.8870174884796143,0.0,0.2153458595275879,0.7032818794250488,456369.0,0.028429269790649414,59.0,30.0,29.0,16.688230514526367
0.37183642387390137,1.2649362087249756,1.1073544025421143,10.158145427703857,2.908137559890747,8.113949537277222,5.918367862701416,2.307568073272705,3.447355031967163,0.9171614646911621,0.0,0.21596741676330566,0.7035844326019287,456369.0,0.028088808059692383,59.0,30.0,29.0,16.63008713722229
0.5760581493377686,1.989142656326294,1.5257940292358398,3.51339054107666,4.328763008117676,5.272841930389404,4.053001165390015,1.1598021984100342,2.8150548934936523,0.4899866580963135,0.0,0.45907068252563477,0.8059580326080322,603426.0,0.041016578674316406,59.0,30.0,29.0,17.893040418624878
0.5690774917602539,2.0229332447052,1.5593857765197754,3.475128650665283,4.376088857650757,5.5468549728393555,4.288287401199341,1.2006893157958984,2.9256584644317627,0.4916064739227295,0.0,0.3331732749938965,0.8356635570526123,603426.0,0.041417837142944336,59.0,30.0,29.0,18.329256772994995
0.5684733390808105,2.0209712982177734,1.5583350658416748,10.87488317489624,4.372056722640991,9.755977392196655,7.126586675643921,2.6301562786102295,4.3268959522247314,1.1426386833190918,0.0,0.3330099582672119,0.9263498783111572,603426.0,0.041283607482910156,59.0,30.0,29.0,23.213479042053223
0.5691189765930176,2.0278408527374268,1.5637331008911133,11.898072719573975,4.38605260848999,9.92713975906372,7.3235156536102295,2.657212972640991,4.508012294769287,1.0502383708953857,0.0,0.33333444595336914,0.314730167388916,603426.0,0.041518211364746094,59.0,30.0,29.0,22.368541479110718
0.7750074863433838,2.7314412593841553,1.7869155406951904,4.250808238983154,5.610561847686768,5.243382692337036,4.022140026092529,1.1629328727722168,2.92936372756958,0.47676706314086914,0.0,0.5968005657196045,0.8519167900085449,714837.0,0.06120657920837402,55.0,28.0,27.0,20.176692008972168
0.7314071655273438,2.919313907623291,1.9068243503570557,4.260584831237793,5.873782157897949,5.2101991176605225,4.0091962814331055,1.1425831317901611,2.9160921573638916,0.47389936447143555,0.0,0.4513993263244629,0.8488857746124268,714837.0,0.05970144271850586,55.0,28.0,27.0,20.413251399993896
0.7293663024902344,2.937290906906128,1.9134495258331299,16.526824712753296,5.8966779708862305,7.4365081787109375,5.139715671539307,2.3310301303863525,3.3036389350891113,0.8085942268371582,0.0,0.45121121406555176,0.9630987644195557,714837.0,0.0597686767578125,55.0,28.0,27.0,28.038753271102905
0.7290551662445068,2.9437177181243896,1.9159913063049316,15.17055630683899,5.9053795337677,7.526093244552612,5.139119625091553,2.4003617763519287,3.2005510330200195,1.0362119674682617,0.0,0.45172786712646484,0.9690961837768555,714837.0,0.05969119071960449,55.0,28.0,27.0,27.7525794506073
0.9330921173095703,3.7450246810913086,2.1956939697265625,5.312311172485352,7.253521919250488,5.3862035274505615,4.070191383361816,1.2579731941223145,2.8158700466156006,0.7252967357635498,0.0,0.7106826305389404,0.7317461967468262,797584.0,0.06818246841430664,57.0,29.0,28.0,23.162566900253296
1.0009644031524658,3.7408814430236816,2.0709826946258545,5.367090940475464,7.204504013061523,5.4108662605285645,4.120376110076904,1.2329084873199463,3.066755533218384,0.48871612548828125,0.0,0.565986156463623,0.8931355476379395,797584.0,0.07424688339233398,57.0,29.0,28.0,23.40626859664917
0.99090576171875,3.7598626613616943,2.0697224140167236,18.79816770553589,7.209765911102295,8.754110097885132,6.310394763946533,2.4914603233337402,3.4241061210632324,0.8553106784820557,0.0,0.560978889465332,0.3177945613861084,797584.0,0.07371664047241211,57.0,29.0,28.0,34.01747226715088
0.9889397621154785,3.7839131355285645,2.0807321071624756,19.971763610839844,7.2433021068573,8.463783740997314,5.976644992828369,2.582420587539673,3.648603677749634,1.039294958114624,0.0,0.5609786510467529,0.31682562828063965,797584.0,0.07395267486572266,57.0,29.0,28.0,33.69059443473816
1.1926956176757812,4.480818510055542,2.2009310722351074,6.4893739223480225,8.330075979232788,6.609135627746582,4.983027696609497,1.5680670738220215,3.5395493507385254,0.8797228336334229,0.0,0.8335080146789551,0.8607630729675293,859533.0,0.08409261703491211,63.0,32.0,31.0,27.790597200393677
1.0920190811157227,4.597854852676392,2.436807632446289,6.508390665054321,8.581421613693237,6.571385383605957,4.959484100341797,1.5547616481781006,3.522411584854126,0.8825864791870117,0.0,0.8563361167907715,0.8632290363311768,859533.0,0.08322954177856445,63.0,32.0,31.0,28.0498263835907
1.0913488864898682,4.53780722618103,2.4226224422454834,23.091994762420654,8.504872560501099,10.461652040481567,7.599704027175903,2.8333442211151123,4.1888206005096436,1.1058342456817627,0.0,0.8544917106628418,1.086977481842041,859533.0,0.08265519142150879,63.0,32.0,31.0,40.867106437683105
1.091054916381836,4.535560846328735,2.420182704925537,23.171302556991577,8.5002601146698,9.960002660751343,7.036625385284424,2.9641456604003906,4.256191968917847,1.2195236682891846,0.0,0.8526370525360107,1.078449010848999,859533.0,0.08287358283996582,63.0,32.0,31.0,40.56585097312927
1.3261399269104004,5.125621795654297,2.3434436321258545,7.406799793243408,9.332286596298218,5.948620080947876,4.490634441375732,1.3998472690582275,3.438178300857544,0.865098237991333,0.0,0.9698247909545898,0.3427579402923584,906794.0,0.09409236907958984,63.0,32.0,31.0,28.56467604637146
1.4838945865631104,5.260138511657715,2.0948920249938965,7.339166164398193,9.36708378791809,6.14962911605835,4.647354364395142,1.4436969757080078,3.4822850227355957,0.873420000076294,0.0,0.9830882549285889,0.8722114562988281,906794.0,0.09402799606323242,63.0,32.0,31.0,29.33537483215332
1.4839463233947754,5.219003200531006,2.0938150882720947,21.28657841682434,9.323796510696411,9.214986801147461,6.570200443267822,2.659407377243042,3.7596919536590576,0.9640932083129883,0.0,0.9825770854949951,1.0964710712432861,906794.0,0.0939023494720459,63.0,32.0,31.0,45.882078647613525
1.4834201335906982,5.224469423294067,2.091482162475586,26.28925395011902,9.326294422149658,9.071000099182129,6.323862314224243,2.7740046977996826,4.168588638305664,0.9580709934234619,0.0,0.9807252883911133,1.0975444316864014,906794.0,0.09387326240539551,63.0,32.0,31.0,45.62065863609314
1.3268718719482422,6.524738311767578,2.8900551795959473,8.546371936798096,11.363436222076416,6.550610542297363,4.884880065917969,1.6077942848205566,3.628300189971924,0.8984746932983398,0.0,1.1018109321594238,0.8806705474853516,941835.0,0.12866878509521484,63.0,32.0,31.0,33.23860263824463
1.5894312858581543,6.468804121017456,2.4286468029022217,8.45729660987854,11.119831323623657,6.577167510986328,4.95067834854126,1.5699973106384277,3.627643585205078,0.9077866077423096,0.0,1.1371934413909912,0.8897879123687744,941835.0,0.13343262672424316,63.0,32.0,31.0,32.99480152130127
1.5882635116577148,6.392118215560913,2.416522264480591,28.701106548309326,11.028083086013794,8.635191917419434,6.104194164276123,2.5429065227508545,3.598625659942627,0.7787926197052002,0.0,1.1302201747894287,1.292741060256958,941835.0,0.13302230834960938,63.0,32.0,31.0,51.33870077133179
1.5888698101043701,6.397010087966919,2.421002149581909,26.424206972122192,11.03848648071289,8.475879907608032,6.198667764663696,2.3106086254119873,3.452366828918457,0.7825417518615723,0.0,1.1308262348175049,1.2863328456878662,941835.0,0.13315725326538086,63.0,32.0,31.0,51.039520263671875
1.8111293315887451,6.728305339813232,2.500209331512451,9.528239965438843,11.870123147964478,6.461135149002075,4.812145233154297,1.5896275043487549,3.8204386234283447,0.9262232780456543,0.0,1.094574213027954,0.8999590873718262,968597.0,0.15349578857421875,63.0,32.0,31.0,34.87296986579895
1.6968331336975098,7.424715995788574,2.6410648822784424,9.406384706497192,12.477227449417114,6.408404350280762,4.779682636260986,1.5717413425445557,3.6928462982177734,0.9230740070343018,0.0,1.2765519618988037,0.9071955680847168,968597.0,0.15523314476013184,63.0,32.0,31.0,35.37450122833252
1.6966192722320557,7.3632283210754395,2.6359472274780273,37.032748222351074,12.410156011581421,7.965793609619141,5.611645936965942,2.330864667892456,3.3425302505493164,0.8653354644775391,0.0,1.2790954113006592,1.3303730487823486,968597.0,0.1552419662475586,63.0,32.0,31.0,56.95473670959473
1.6972415447235107,7.423799991607666,2.646076202392578,35.60648059844971,12.482527732849121,8.166728019714355,5.720637798309326,2.432677984237671,3.5373294353485107,0.8632075786590576,0.0,1.2787120342254639,1.3318181037902832,968597.0,0.155364990234375,63.0,32.0,31.0,56.94065237045288
1.7114646434783936,8.0079984664917,2.922715663909912,10.539791822433472,13.431286096572876,6.500504016876221,4.8994057178497314,1.5434069633483887,3.823925733566284,0.9424357414245605,0.0,1.411386489868164,0.3685028553009033,988258.0,0.17246222496032715,63.0,32.0,31.0,37.2991042137146
1.9917304515838623,7.711838245391846,2.477846622467041,10.52409315109253,12.97801661491394,6.474315881729126,4.856590032577515,1.5606613159179688,3.7674825191497803,0.9318010807037354,0.0,1.4163358211517334,0.9242525100708008,988258.0,0.17245864868164062,63.0,32.0,31.0,37.29938292503357
1.9936254024505615,7.706620454788208,2.4737279415130615,37.5633761882782,12.97030234336853,7.714413166046143,5.739881753921509,1.9475986957550049,3.5475873947143555,0.7090942859649658,0.0,1.4129528999328613,1.2574353218078613,988258.0,0.17217803001403809,63.0,32.0,31.0,61.527615785598755
1.9936549663543701,7.792931079864502,2.4816715717315674,35.49063587188721,13.064799785614014,7.6051695346832275,5.591500759124756,1.9933395385742188,3.521653652191162,0.711390495300293,0.0,1.420605182647705,1.2542927265167236,988258.0,0.1723339557647705,63.0,32.0,31.0,61.56557250022888
2.2767984867095947,8.52989149093628,2.4296956062316895,11.324712753295898,14.080563306808472,6.184679985046387,4.655174493789673,1.468867540359497,3.8225009441375732,0.9264686107635498,0.0,1.442657232284546,0.9129221439361572,1003479.0,0.1618666648864746,63.0,32.0,31.0,38.95758032798767
2.191856622695923,8.818262100219727,2.6084160804748535,11.31214451789856,14.455294609069824,6.295923233032227,4.725489139556885,1.5124537944793701,3.782226085662842,0.9511218070983887,0.0,1.4917707443237305,0.9356565475463867,1003479.0,0.1634349822998047,63.0,32.0,31.0,39.50456118583679
2.190917730331421,8.755695819854736,2.6081666946411133,41.70915150642395,14.392913818359375,8.815012216567993,6.403620004653931,2.4249982833862305,3.7719132900238037,0.9032268524169922,0.0,1.493577241897583,1.2915005683898926,1003479.0,0.16362404823303223,63.0,32.0,31.0,68.87268424034119
2.1934053897857666,8.879349708557129,2.6207709312438965,43.01236391067505,14.53257703781128,9.330173969268799,6.854790210723877,2.482515811920166,3.8013088703155518,1.0132224559783936,0.0,1.4954195022583008,1.4053387641906738,1003479.0,0.16384100914001465,63.0,32.0,31.0,69.21982431411743
2.6329808235168457,9.428999185562134,2.420154094696045,12.302606344223022,15.3722243309021,6.518456935882568,4.896123170852661,1.564659595489502,3.9538917541503906,0.9590475559234619,0.0,1.5444791316986084,0.9501125812530518,1014754.0,0.16235995292663574,63.0,32.0,31.0,41.88236927986145
2.0586774349212646,9.83492922782898,2.9980452060699463,12.19811749458313,15.794255018234253,6.176694869995117,4.692441701889038,1.4270060062408447,3.739078998565674,0.9389431476593018,0.0,1.6058471202850342,0.9386038780212402,1014754.0,0.16373658180236816,63.0,32.0,31.0,41.677902936935425
2.0515899658203125,9.737815141677856,2.9898593425750732,35.99697399139404,15.681674480438232,9.309792518615723,6.66784405708313,2.665504217147827,4.133860111236572,1.0183796882629395,0.0,1.6038472652435303,1.302391529083252,1014754.0,0.16395878791809082,63.0,32.0,31.0,74.85298204421997
2.05374813079834,9.748478174209595,3.0139923095703125,49.85917663574219,15.718899965286255,9.182592391967773,6.625216484069824,2.5859878063201904,3.8891355991363525,0.9874396324157715,0.0,1.6051771640777588,1.3170130252838135,1014754.0,0.1638650894165039,63.0,32.0,31.0,75.18140316009521
2.5756895542144775,10.454572200775146,2.613586187362671,13.601654291152954,16.61896276473999,6.314222097396851,4.774523735046387,1.4811286926269531,4.033994674682617,0.9661779403686523,0.0,1.690263271331787,0.9735283851623535,1023071.0,0.18193626403808594,63.0,32.0,31.0,44.481035470962524
2.3217952251434326,10.15682339668274,2.9224555492401123,13.416292905807495,16.385369539260864,6.172044992446899,4.6966552734375,1.418177843093872,3.8611624240875244,0.9464962482452393,0.0,1.7385494709014893,0.9539675712585449,1023071.0,0.18309593200683594,63.0,32.0,31.0,43.76735162734985
2.322874069213867,10.26465654373169,2.9195008277893066,49.368478298187256,16.489978551864624,7.979698419570923,5.576240301132202,2.4267375469207764,3.612600088119507,0.8470814228057861,0.0,1.7373650074005127,1.3712294101715088,1023071.0,0.1829514503479004,63.0,32.0,31.0,79.77122330665588
2.31984281539917,10.16786527633667,2.9149181842803955,49.38770413398743,16.388750791549683,8.307140350341797,5.988329887390137,2.305581569671631,3.560150623321533,0.8067052364349365,0.0,1.735975980758667,1.3653192520141602,1023071.0,0.1829969882965088,63.0,32.0,31.0,80.13118362426758
2.8320696353912354,12.360702991485596,2.7298924922943115,14.481149435043335,19.00365710258484,5.268980264663696,4.067371845245361,1.1430692672729492,3.1929664611816406,0.8231170177459717,0.0,1.9133775234222412,0.8458383083343506,1029512.0,0.1987452507019043,53.0,27.0,26.0,45.795419692993164
2.7644917964935303,12.313916206359863,2.6802589893341064,14.350044965744019,18.840153217315674,5.284062147140503,4.076531648635864,1.1465392112731934,3.13165020942688,0.8233006000518799,0.0,1.6941330432891846,0.8479602336883545,1029512.0,0.1997668743133545,53.0,27.0,26.0,45.53115749359131
2.759735584259033,12.413764953613281,2.684277057647705,55.75580883026123,18.941436529159546,6.88489842414856,4.826474666595459,2.0051188468933105,2.774989366531372,0.7450106143951416,0.0,1.6930832862854004,1.3965363502502441,1029512.0,0.20007944107055664,53.0,27.0,26.0,86.88874244689941
2.7619824409484863,12.30848741531372,2.6903789043426514,53.77294611930847,18.848949432373047,7.3345983028411865,5.028364896774292,2.3466737270355225,2.901146650314331,0.7450997829437256,0.0,1.695819616317749,1.388385534286499,1029512.0,0.200272798538208,53.0,27.0,26.0,86.4604640007019
0.13420677185058594,0.4868602752685547,0.3484044075012207,3.884694814682007,1.1491339206695557,2.8223979473114014,1.9560284614562988,0.8477399349212646,1.404012680053711,0.5868942737579346,0.0,0.396012544631958,0.21497344970703125,662850.0,0.0599062442779541,57.0,29.0,28.0,10.830297946929932
0.13434648513793945,0.4842250347137451,0.3470895290374756,3.875188112258911,1.1444427967071533,2.807927370071411,1.9432530403137207,0.8464057445526123,1.4014739990234375,0.5843703746795654,0.0,0.3956298828125,0.21692419052124023,662850.0,0.05966043472290039,57.0,29.0,28.0,10.797722816467285
0.13405299186706543,0.4888911247253418,0.34839844703674316,13.082357168197632,1.1499884128570557,5.025728464126587,3.1711955070495605,1.9406635761260986,1.8893330097198486,0.7656905651092529,0.0,0.3967397212982178,0.6280488967895508,662850.0,0.05968451499938965,57.0,29.0,28.0,20.049926280975342
0.1341266632080078,0.4864473342895508,0.34670376777648926,13.848780870437622,1.1459510326385498,4.982993125915527,3.1366775035858154,1.9679980278015137,1.7675511837005615,0.867379903793335,0.0,0.3952622413635254,0.6282780170440674,662850.0,0.05977487564086914,57.0,29.0,28.0,19.993700981140137
0.4185199737548828,1.4453778266906738,0.9798932075500488,3.8468515872955322,3.0595574378967285,4.249608755111694,3.1171061992645264,1.0941097736358643,2.1929233074188232,0.6806488037109375,0.0,0.39402341842651367,0.6246850490570068,662850.0,0.0563051700592041,57.0,29.0,28.0,15.421770095825195
0.41913628578186035,1.4450409412384033,0.9802803993225098,3.8488850593566895,3.060298204421997,4.247649908065796,3.110910177230835,1.097337007522583,2.1946816444396973,0.6816186904907227,0.0,0.395937442779541,0.6275179386138916,662850.0,0.05634140968322754,57.0,29.0,28.0,15.426233530044556
0.41902685165405273,1.4458532333374023,0.9796538352966309,15.507044076919556,3.060556650161743,6.734548091888428,4.746119499206543,2.036745309829712,2.974155902862549,0.7791087627410889,0.0,0.3950326442718506,0.7601165771484375,662850.0,0.05625724792480469,57.0,29.0,28.0,22.756537914276123
0.41866612434387207,1.4495203495025635,0.9815411567687988,14.539200782775879,3.0656697750091553,6.743581056594849,4.602083683013916,2.1798930168151855,2.757416248321533,0.8198764324188232,0.0,0.39441561698913574,0.7779388427734375,662850.0,0.056360483169555664,57.0,29.0,28.0,22.64205002784729
0.700653076171875,2.4488260746002197,1.672839879989624,3.938277244567871,5.104844331741333,5.504015922546387,4.2044923305511475,1.241178035736084,3.0415213108062744,0.49292588233947754,0.0,0.396909236907959,0.8766117095947266,662850.0,0.05353713035583496,57.0,29.0,28.0,19.731907844543457
0.7001097202301025,2.419739246368408,1.662675380706787,3.8955540657043457,5.064316034317017,5.457706928253174,4.1632912158966064,1.2358660697937012,3.006171464920044,0.49033427238464355,0.0,0.3957810401916504,0.8714425563812256,662850.0,0.053354501724243164,57.0,29.0,28.0,19.553793907165527
0.7029311656951904,2.447349786758423,1.6707515716552734,14.10406494140625,5.103473424911499,8.369088649749756,6.150369167327881,2.2359299659729004,3.4900026321411133,0.9462320804595947,0.0,0.39685487747192383,0.3194539546966553,662850.0,0.05343055725097656,57.0,29.0,28.0,25.159950971603394
0.7029826641082764,2.438396453857422,1.6689727306365967,15.055607557296753,5.0925376415252686,8.486940383911133,6.252953052520752,2.241060972213745,3.51702880859375,0.9536137580871582,0.0,0.39594316482543945,0.3216996192932129,662850.0,0.053330183029174805,57.0,29.0,28.0,24.95175814628601
0.9627852439880371,3.415940999984741,2.358928918838501,3.956857919692993,7.064416408538818,6.537981986999512,5.083805322647095,1.3755683898925781,3.529717445373535,0.776043176651001,0.0,0.5352306365966797,0.8496770858764648,662850.0,0.05189704895019531,57.0,29.0,28.0,23.474124431610107
0.9636456966400146,3.411433458328247,2.3593435287475586,3.943066358566284,7.061366319656372,6.509632110595703,5.067670106887817,1.364044427871704,3.5185024738311768,0.769181489944458,0.0,0.5360004901885986,0.8400933742523193,662850.0,0.05197310447692871,57.0,29.0,28.0,23.402323484420776
0.9641833305358887,3.4548933506011963,2.3718698024749756,14.324329614639282,7.118333101272583,9.306571245193481,6.939802169799805,2.3507637977600098,4.490208387374878,0.8661508560180664,0.0,0.537531852722168,1.1138720512390137,662850.0,0.05200052261352539,57.0,29.0,28.0,28.04113245010376
0.9636826515197754,3.4299559593200684,2.3616154193878174,11.474756717681885,7.0821287631988525,9.274131774902344,6.952357292175293,2.319397211074829,4.682859420776367,0.9042675495147705,0.0,0.5356872081756592,1.1114017963409424,662850.0,0.05194091796875,57.0,29.0,28.0,27.915314197540283
1.254828691482544,4.3887012004852295,3.0254616737365723,3.9972550868988037,9.144647359848022,7.498682498931885,5.943426609039307,1.456634283065796,4.284890413284302,0.5307271480560303,0.0,0.3958754539489746,1.0604636669158936,662850.0,0.05138039588928223,57.0,29.0,28.0,27.140326976776123
1.2620115280151367,4.366237640380859,3.017207384109497,4.010781764984131,9.120108366012573,7.51064133644104,5.951539516448975,1.4607625007629395,4.292181015014648,0.530555248260498,0.0,0.39614391326904297,1.067777156829834,662850.0,0.05138349533081055,57.0,29.0,28.0,27.157362461090088
1.253218650817871,4.367336988449097,3.0200870037078857,16.889874696731567,9.115231990814209,10.29770541191101,7.691580533981323,2.570115566253662,5.189562559127808,0.9290206432342529,0.0,0.39504289627075195,0.4113340377807617,662850.0,0.05144143104553223,57.0,29.0,28.0,29.95323610305786
1.2535085678100586,4.373655796051025,3.026015043258667,14.068467378616333,9.127859354019165,10.94603681564331,8.327624320983887,2.6005842685699463,4.9619410037994385,0.9881622791290283,0.0,0.39612793922424316,0.40701770782470703,662850.0,0.05139470100402832,57.0,29.0,28.0,29.785948514938354
1.6505825519561768,5.483051538467407,3.689690351486206,4.062250375747681,11.240999698638916,7.69778847694397,6.115275144577026,1.4692299365997314,4.406400918960571,0.5310418605804443,0.0,0.39752769470214844,1.08693265914917,662850.0,0.050778865814208984,57.0,29.0,28.0,29.653836488723755
1.6513950824737549,5.400028467178345,3.661564826965332,4.057400226593018,11.129215955734253,7.710947751998901,6.120124816894531,1.4770469665527344,4.4025633335113525,0.5349321365356445,0.0,0.39578747749328613,1.0901527404785156,662850.0,0.05073833465576172,57.0,29.0,28.0,29.550670862197876
1.6491217613220215,5.421382904052734,3.667300224304199,14.58752179145813,11.154392004013062,11.01071310043335,8.46371078491211,2.5498154163360596,5.514553546905518,0.7885475158691406,0.0,0.3964979648590088,1.1485764980316162,662850.0,0.05076932907104492,57.0,29.0,28.0,32.69064450263977
1.649294137954712,5.424051761627197,3.6714396476745605,16.197742700576782,11.161096334457397,10.694738626480103,8.22085165977478,2.4301764965057373,5.496369123458862,1.176966667175293,0.0,0.3965137004852295,0.4181060791015625,662850.0,0.05077242851257324,57.0,29.0,28.0,32.12258815765381
1.8113420009613037,6.494568824768066,4.427568674087524,4.100995779037476,13.303197860717773,7.876218795776367,6.282429456710815,1.480708122253418,4.498685121536255,0.5356125831604004,0.0,0.39480161666870117,1.2668206691741943,662850.0,0.051941633224487305,57.0,29.0,28.0,32.20791578292847
1.8107447624206543,6.450182914733887,4.409378290176392,4.105782747268677,13.237819910049438,7.871890068054199,6.269505023956299,1.488227367401123,4.494719743728638,0.5402607917785645,0.0,0.3957376480102539,1.2588441371917725,662850.0,0.051934003829956055,57.0,29.0,28.0,32.13482356071472
1.8106365203857422,6.4199347496032715,4.473429441452026,14.38866138458252,13.271090030670166,11.6957528591156,8.812013387680054,2.838137149810791,5.751409292221069,1.064760684967041,0.0,0.39548826217651367,1.202772855758667,662850.0,0.051865339279174805,57.0,29.0,28.0,34.704224824905396
1.8142523765563965,6.493496417999268,4.421366930007935,13.217098236083984,13.298571825027466,11.461891412734985,8.50673508644104,2.896331787109375,5.436817646026611,0.8141303062438965,0.0,0.3962740898132324,1.1855111122131348,662850.0,0.05205512046813965,57.0,29.0,28.0,35.01517581939697
2.1716699600219727,7.498729705810547,5.223184823989868,4.117908716201782,15.403571844100952,8.13216757774353,6.50425124168396,1.5134854316711426,4.635672330856323,0.5468006134033203,0.0,0.3965773582458496,1.2733123302459717,662850.0,0.05243182182312012,57.0,29.0,28.0,34.781630992889404
2.1691224575042725,7.445992469787598,5.204683780670166,4.099745988845825,15.329496145248413,8.1304452419281,6.501113414764404,1.5155408382415771,4.62469220161438,0.5426628589630127,0.0,0.39473581314086914,1.2563817501068115,662850.0,0.05237388610839844,57.0,29.0,28.0,34.65282082557678
2.1687378883361816,7.4486918449401855,5.202419757843018,13.686649322509766,15.329405307769775,11.741411685943604,8.651310205459595,3.0291504859924316,5.977025032043457,0.9468228816986084,0.0,0.39560532569885254,1.2109205722808838,662850.0,0.05252432823181152,57.0,29.0,28.0,36.82609438896179
2.167339563369751,7.41422438621521,5.194822311401367,16.343714952468872,15.28538179397583,11.931878328323364,9.21801471710205,2.6623470783233643,5.283740997314453,1.0040690898895264,0.0,0.3947780132293701,1.2146127223968506,662850.0,0.052329063415527344,57.0,29.0,28.0,36.96008348464966
2.2538487911224365,8.626544713973999,6.0186192989349365,4.193004369735718,17.4544038772583,8.556368827819824,6.887959957122803,1.544377088546753,4.859286785125732,0.8914992809295654,0.0,0.3948934078216553,0.464763879776001,662850.0,0.0518648624420166,57.0,29.0,28.0,37.08964514732361
2.2449004650115967,8.64467740058899,6.022228002548218,4.180487871170044,17.46769952774048,8.505637168884277,6.8401031494140625,1.5411906242370605,4.837384223937988,0.8937041759490967,0.0,0.3949718475341797,0.46425890922546387,662850.0,0.05189824104309082,57.0,29.0,28.0,37.01872372627258
2.2472610473632812,8.591922998428345,6.0149524211883545,13.825683355331421,17.409201860427856,12.302361726760864,9.438110113143921,2.816366195678711,6.226091146469116,0.9030051231384277,0.0,0.39486074447631836,1.362790822982788,662850.0,0.05182647705078125,57.0,29.0,28.0,39.62079358100891
2.239109516143799,8.642657041549683,6.023824453353882,15.24977421760559,17.46096444129944,12.384016752243042,9.469523429870605,2.8483409881591797,5.9618494510650635,0.9560713768005371,0.0,0.39423298835754395,1.3587226867675781,662850.0,0.05195426940917969,57.0,29.0,28.0,39.71238970756531
2.4924237728118896,9.900297164916992,6.786731243133545,4.282556772232056,19.78479290008545,8.06141471862793,6.440305471420288,1.4959330558776855,4.619990348815918,0.5468018054962158,0.0,0.3962669372558594,1.2798163890838623,662850.0,0.05185198783874512,57.0,29.0,28.0,39.20423173904419
2.4904184341430664,9.834792852401733,6.763640642166138,4.267752170562744,19.692086935043335,8.016108989715576,6.411352157592773,1.4805235862731934,4.588178634643555,0.54280686378479,0.0,0.39534449577331543,1.2702345848083496,662850.0,0.051848411560058594,57.0,29.0,28.0,39.00366520881653
2.487210988998413,9.897422075271606,6.78650164604187,16.237290620803833,19.775842905044556,11.555248260498047,8.779730558395386,2.67653489112854,5.607438087463379,1.0703232288360596,0.0,0.39591383934020996,1.2024016380310059,662850.0,0.05185580253601074,57.0,29.0,28.0,41.694727182388306
2.4912941455841064,9.840764045715332,6.7605767250061035,16.481802225112915,19.696144342422485,11.745469331741333,9.013383865356445,2.635683536529541,5.294263124465942,0.7923891544342041,0.0,0.39531445503234863,1.1861047744750977,662850.0,0.05187416076660156,57.0,29.0,28.0,41.70207953453064
0.6434488296508789,2.515937328338623,1.7614574432373047,1.0084547996520996,5.22722864151001,0.32656335830688477,0.16034173965454102,0.09727239608764648,0.09622836112976074,0.03751373291015625,0.0,0.13510823249816895,0.047425270080566406,662850.0,0.03940582275390625,3.0,2.0,1.0,7.0424113273620605
0.6935851573944092,2.42099928855896,1.710308313369751,0.9999263286590576,5.092480421066284,0.3254125118255615,0.15769219398498535,0.09905695915222168,0.09506702423095703,0.03713536262512207,0.0,0.13491225242614746,0.046656131744384766,662850.0,0.03957366943359375,3.0,2.0,1.0,6.899257659912109
0.7001509666442871,2.4482548236846924,1.7198967933654785,4.757865905761719,5.137087821960449,0.3463301658630371,0.1600663661956787,0.10980796813964844,0.09241342544555664,0.0415799617767334,0.0,0.13533902168273926,0.0487062931060791,662850.0,0.0396275520324707,3.0,2.0,1.0,11.756871461868286
0.6950500011444092,2.4381635189056396,1.7188396453857422,4.8210976123809814,5.120418071746826,0.33705973625183105,0.15583133697509766,0.10629796981811523,0.09359431266784668,0.03941679000854492,0.0,0.13523292541503906,0.04931783676147461,662850.0,0.03955698013305664,3.0,2.0,1.0,11.62111496925354
0.6465590000152588,2.548999786376953,1.7729160785675049,1.5739970207214355,5.242759466171265,0.7278485298156738,0.46379590034484863,0.195908784866333,0.26801180839538574,0.07425880432128906,0.0,0.20415329933166504,0.21492671966552734,662850.0,0.043325185775756836,7.0,4.0,3.0,8.52492618560791
0.696711540222168,2.4228596687316895,1.7163653373718262,1.5521836280822754,5.107771635055542,0.7340326309204102,0.4652519226074219,0.20081067085266113,0.267439603805542,0.07404303550720215,0.0,0.20286107063293457,0.21307635307312012,662850.0,0.04339337348937988,7.0,4.0,3.0,8.33836841583252
0.6963515281677246,2.4232001304626465,1.7169313430786133,6.503283262252808,5.108261346817017,0.8227493762969971,0.514047384262085,0.23052573204040527,0.2943909168243408,0.07951951026916504,0.0,0.20325756072998047,0.07098078727722168,662850.0,0.04336428642272949,7.0,4.0,3.0,14.225835084915161
0.696770429611206,2.4570906162261963,1.7279455661773682,7.251340389251709,5.154034376144409,0.7851922512054443,0.4786417484283447,0.22792482376098633,0.30035996437072754,0.08027291297912598,0.0,0.20331311225891113,0.07096219062805176,662850.0,0.04340362548828125,7.0,4.0,3.0,14.272459030151367
0.6433050632476807,2.519580841064453,1.765458345413208,2.206570625305176,5.205063581466675,1.5099804401397705,1.0717628002166748,0.3721792697906494,0.7504587173461914,0.14538145065307617,0.0,0.2657191753387451,0.29692745208740234,662850.0,0.04625558853149414,15.0,8.0,7.0,10.623473167419434
0.7009048461914062,2.421107769012451,1.7076914310455322,2.1937360763549805,5.1053478717803955,1.5284631252288818,1.073662281036377,0.3884716033935547,0.7395105361938477,0.146254301071167,0.0,0.2700998783111572,0.2988312244415283,662850.0,0.04655170440673828,15.0,8.0,7.0,10.498331785202026
0.7018065452575684,2.4454777240753174,1.7130076885223389,9.875291109085083,5.135440826416016,1.8881685733795166,1.2660801410675049,0.589954137802124,0.6729562282562256,0.18535470962524414,0.0,0.27091407775878906,0.3777172565460205,662850.0,0.04658198356628418,15.0,8.0,7.0,17.092395544052124
0.6962711811065674,2.4206624031066895,1.7025933265686035,9.773179769515991,5.094301700592041,2.0089097023010254,1.357227087020874,0.6055459976196289,0.6771636009216309,0.1931469440460205,0.0,0.2704739570617676,0.1117103099822998,662850.0,0.04639697074890137,15.0,8.0,7.0,17.139271020889282
0.643756628036499,2.517242193222046,1.7563884258270264,2.9812347888946533,5.198199987411499,3.0627317428588867,2.2877724170684814,0.7115700244903564,1.5518629550933838,0.4554586410522461,0.0,0.33144664764404297,0.19245600700378418,662850.0,0.050694942474365234,31.0,16.0,15.0,14.065287828445435
0.6990664005279541,2.4218835830688477,1.6640205383300781,2.966859817504883,5.102370738983154,3.095958948135376,2.291102886199951,0.7411808967590332,1.5535495281219482,0.45766210556030273,0.0,0.33197832107543945,0.1943047046661377,662850.0,0.05097222328186035,31.0,16.0,15.0,13.964065790176392
0.6993236541748047,2.4208736419677734,1.6657066345214844,11.38796329498291,5.102673292160034,4.125142812728882,2.749537944793701,1.3462207317352295,1.917539358139038,0.5178287029266357,0.0,0.3313412666320801,0.2026522159576416,662850.0,0.05077004432678223,31.0,16.0,15.0,20.379059553146362
0.6989583969116211,2.4444949626922607,1.6694669723510742,12.353597402572632,5.130861520767212,4.331780433654785,2.979877471923828,1.3205788135528564,1.910212516784668,0.4382059574127197,0.0,0.33217477798461914,0.1952371597290039,662850.0,0.05084395408630371,31.0,16.0,15.0,20.67142653465271
0.7003405094146729,2.438408136367798,1.6664869785308838,3.915090560913086,5.087296724319458,5.442138671875,4.156902551651001,1.2273244857788086,3.004650831222534,0.486926794052124,0.0,0.3966047763824463,0.8743550777435303,662850.0,0.05345773696899414,57.0,29.0,28.0,19.580690622329712
0.7004666328430176,2.4338040351867676,1.6638069152832031,3.900578498840332,5.080718994140625,5.450223922729492,4.155982255935669,1.233902931213379,3.0164639949798584,0.4877002239227295,0.0,0.397080659866333,0.8775413036346436,662850.0,0.05349898338317871,57.0,29.0,28.0,19.583226919174194
0.7037715911865234,2.4476888179779053,1.6692392826080322,15.337816715240479,5.1034629344940186,8.799833536148071,6.376233816146851,2.438091516494751,3.5534770488739014,0.9060788154602051,0.0,0.39730191230773926,0.3284621238708496,662850.0,0.05351996421813965,57.0,29.0,28.0,24.992330074310303
0.7030637264251709,2.4252161979675293,1.6641433238983154,14.196858167648315,5.074643611907959,8.628401756286621,6.253375053405762,2.3647778034210205,3.8386669158935547,0.9114789962768555,0.0,0.3964235782623291,0.3260066509246826,662850.0,0.05318617820739746,57.0,29.0,28.0,25.056241750717163
0.6574718952178955,2.517841339111328,1.763979434967041,5.178077936172485,5.329253673553467,8.991938352584839,6.978426933288574,1.9621903896331787,4.944271802902222,1.1612536907196045,0.0,0.46645188331604004,1.299492597579956,662850.0,0.05650520324707031,101.0,51.0,50.0,27.69713020324707
0.6993551254272461,2.4257326126098633,1.6615443229675293,5.159482479095459,5.072078466415405,9.096191883087158,7.028656244277954,2.0171666145324707,4.951704263687134,1.1692771911621094,0.0,0.6063981056213379,1.3416495323181152,662850.0,0.05666208267211914,101.0,51.0,50.0,27.733688592910767
0.6988918781280518,2.450899124145508,1.6667053699493408,17.61620283126831,5.102633476257324,14.54967975616455,10.443177461624146,4.180113792419434,6.29317307472229,1.5517842769622803,0.0,0.6071603298187256,1.5373656749725342,662850.0,0.056604623794555664,101.0,51.0,50.0,31.3998966217041
0.6993708610534668,2.455679178237915,1.667022705078125,17.577431440353394,5.10845422744751,15.33471965789795,11.115748643875122,4.32841157913208,6.286639213562012,1.6107165813446045,0.0,0.606295108795166,1.5995969772338867,662850.0,0.05677485466003418,101.0,51.0,50.0,31.755661249160767
0.7686147689819336,2.5315663814544678,1.7672193050384521,6.757511854171753,5.358014822006226,14.859221696853638,11.632760524749756,3.180954694747925,7.605492353439331,1.9099442958831787,0.0,0.5382463932037354,2.0635626316070557,662850.0,0.05961775779724121,169.0,85.0,84.0,39.623642683029175
0.7095685005187988,2.424794912338257,1.6589980125427246,6.727348327636719,5.185182332992554,14.947216510772705,11.592386245727539,3.3126285076141357,7.723439455032349,1.908909797668457,0.0,0.534818172454834,2.074075698852539,662850.0,0.05974912643432617,169.0,85.0,84.0,39.65243649482727
0.7110559940338135,2.436642646789551,1.661686897277832,21.8037326335907,5.202173233032227,25.371816396713257,18.037479877471924,7.5927574634552,11.387084722518921,3.0623457431793213,0.0,0.5357847213745117,2.4654746055603027,662850.0,0.059949398040771484,169.0,85.0,84.0,39.74407911300659
0.7110648155212402,2.4500343799591064,1.6674609184265137,23.301291942596436,5.221510887145996,25.53341317176819,18.18166995048523,7.643752098083496,10.889835834503174,3.4068005084991455,0.0,0.5355370044708252,2.3203389644622803,662850.0,0.059814453125,169.0,85.0,84.0,39.2767059803009
0.6447374820709229,2.590663433074951,1.7307133674621582,8.761427402496338,5.2574334144592285,22.045143604278564,17.35568141937256,4.667430639266968,11.786745548248291,2.8454179763793945,0.0,0.6440458297729492,3.1020753383636475,662850.0,0.061717987060546875,257.0,129.0,128.0,55.176429986953735
0.6959893703460693,2.5581843852996826,1.6714465618133545,8.733121156692505,5.2167229652404785,22.11281681060791,17.22482466697693,4.867645502090454,12.575005769729614,2.885256052017212,0.0,0.6642169952392578,3.029660701751709,662850.0,0.061867475509643555,257.0,129.0,128.0,55.967406272888184
0.6953525543212891,2.5446584224700928,1.6679890155792236,27.838375091552734,5.199270963668823,39.94432020187378,29.22453022003174,11.171161651611328,18.606149435043335,4.96097469329834,0.0,0.6623260974884033,3.3419041633605957,662850.0,0.06212449073791504,257.0,129.0,128.0,49.68451929092407
0.6958134174346924,2.559598684310913,1.6705877780914307,25.67582941055298,5.218301057815552,39.163902759552,28.534379482269287,11.23904538154602,17.188440322875977,4.943686485290527,0.0,0.6631255149841309,3.411956548690796,662850.0,0.06187701225280762,257.0,129.0,128.0,50.009122371673584
0.6453418731689453,2.4790945053100586,1.7372496128082275,11.160978078842163,5.157243728637695,30.750895977020264,24.046929359436035,6.685176134109497,17.211501836776733,3.979942560195923,0.0,0.7133796215057373,4.600081443786621,662850.0,0.0652930736541748,371.0,186.0,185.0,74.69862961769104
0.6967113018035889,2.4144785404205322,1.7859690189361572,11.070361852645874,5.19114351272583,31.579548835754395,24.661866426467896,6.909372091293335,17.48179054260254,3.956714153289795,0.0,0.7108001708984375,4.859383821487427,662850.0,0.06539368629455566,371.0,186.0,185.0,75.91118025779724
0.692643404006958,2.4358346462249756,1.7967631816864014,37.067426681518555,5.2198731899261475,59.06492304801941,44.391045570373535,15.504874467849731,26.7785165309906,6.720473527908325,0.0,0.7118494510650635,5.306151866912842,662850.0,0.06554412841796875,371.0,186.0,185.0,62.75118803977966
0.6925215721130371,2.431436538696289,1.7954363822937012,35.862300634384155,5.2140021324157715,58.617470026016235,44.01587677001953,15.435213804244995,26.167384386062622,6.995365619659424,0.0,0.7118918895721436,5.286639451980591,662850.0,0.06537103652954102,371.0,186.0,185.0,63.35955476760864
0.6446471214294434,2.501591205596924,1.737077236175537,13.934509992599487,5.18283748626709,42.93226456642151,33.830824851989746,9.12333083152771,22.01714324951172,5.343941926956177,0.0,0.8087286949157715,6.818622589111328,662850.0,0.0686485767364502,509.0,255.0,254.0,98.68122291564941
0.692559003829956,2.4327566623687744,1.670511245727539,13.856362342834473,5.093005418777466,43.500906229019165,34.057992935180664,9.469833612442017,23.854432582855225,5.3848888874053955,0.0,0.8032865524291992,7.008556127548218,662850.0,0.06861400604248047,509.0,255.0,254.0,101.17683148384094
0.6929190158843994,2.432500123977661,1.670564889907837,48.3236665725708,5.093965530395508,81.48698711395264,61.60986804962158,21.382084131240845,36.99507284164429,10.087940692901611,0.0,0.8039402961730957,6.49301552772522,662850.0,0.06883597373962402,509.0,255.0,254.0,78.88423299789429
0.6926078796386719,2.441648006439209,1.671748161315918,47.401896715164185,5.103388547897339,81.39184331893921,61.17499113082886,21.79745578765869,38.398761510849,10.741048812866211,0.0,0.8033263683319092,6.363919019699097,662850.0,0.06871962547302246,509.0,255.0,254.0,78.90728425979614
0.6497468948364258,2.4710512161254883,1.7304072380065918,17.201648235321045,5.153171062469482,55.52708911895752,43.591376304626465,11.994397163391113,32.17202401161194,7.427363634109497,0.0,0.8931398391723633,8.129912614822388,662850.0,0.07206439971923828,683.0,342.0,341.0,128.6610074043274
0.6954953670501709,2.448793649673462,1.6880238056182861,17.17061996459961,5.133709192276001,57.92940616607666,45.46747040748596,12.520838499069214,33.07057595252991,7.45492148399353,0.0,0.8935739994049072,8.503997802734375,662850.0,0.072235107421875,683.0,342.0,341.0,132.34079146385193
0.6924986839294434,2.421032428741455,1.6830689907073975,63.46020770072937,5.097567319869995,110.43876123428345,83.87026786804199,28.43331241607666,52.85087561607361,13.629096746444702,0.0,0.8902673721313477,8.967286348342896,662850.0,0.07246637344360352,683.0,342.0,341.0,97.2477445602417
0.6924829483032227,2.4393389225006104,1.6859869956970215,62.486831188201904,5.119779109954834,109.8663227558136,83.05244636535645,28.805449962615967,52.30680823326111,12.845863103866577,0.0,0.8906817436218262,9.088664531707764,662850.0,0.07246088981628418,683.0,342.0,341.0,97.2487268447876
0.6555240154266357,2.4895973205566406,1.7416155338287354,21.200383186340332,5.193033456802368,74.14819622039795,58.64564609527588,15.600723028182983,39.303476333618164,9.57676362991333,0.0,1.0163769721984863,10.890698194503784,662850.0,0.07600855827331543,897.0,449.0,448.0,164.0931315422058
0.6930656433105469,2.4507055282592773,1.6729965209960938,21.243711709976196,5.121800899505615,76.34486532211304,59.960317850112915,16.46965456008911,43.176708936691284,9.692708253860474,0.0,0.981529712677002,11.537235736846924,662850.0,0.07619428634643555,897.0,449.0,448.0,170.88286590576172
0.6933965682983398,2.4318087100982666,1.6701860427856445,76.76196932792664,5.100951671600342,146.53958320617676,112.23986792564392,36.796759605407715,69.80336403846741,16.965193033218384,0.0,0.9797263145446777,12.410234212875366,662850.0,0.07637381553649902,897.0,449.0,448.0,119.61269426345825
0.6929173469543457,2.4283015727996826,1.6664581298828125,78.62562417984009,5.093103647232056,145.49726343154907,110.20248413085938,37.838820934295654,68.05449604988098,17.506511211395264,0.0,0.9792952537536621,12.2688627243042,662850.0,0.0764472484588623,897.0,449.0,448.0,119.1928243637085
0.7455418109893799,0.7608118057250977,0.0044820308685302734,3.8635661602020264,1.7912876605987549,4.454150915145874,3.345578908920288,1.0613536834716797,2.252236843109131,0.6477367877960205,0.0,0.3950216770172119,0.6121737957000732,256.0,0.05228829383850098,57.0,29.0,28.0,14.29265022277832
0.7321512699127197,0.7948622703552246,0.005622386932373047,3.884209394454956,1.8006298542022705,5.120617628097534,3.869373083114624,1.1948955059051514,2.726060628890991,0.49011754989624023,0.0,0.3941948413848877,0.7768054008483887,256.0,0.05482959747314453,57.0,29.0,28.0,15.47534990310669
0.7324080467224121,0.7966430187225342,0.005515336990356445,13.876776456832886,1.8023884296417236,7.701111078262329,5.690598249435425,1.9729294776916504,3.3400344848632812,0.9883112907409668,0.0,0.39384889602661133,0.8766434192657471,256.0,0.054595232009887695,57.0,29.0,28.0,21.78231167793274
0.7322123050689697,0.7996890544891357,0.0057256221771240234,13.280632734298706,1.8066370487213135,8.128608226776123,5.8620076179504395,2.272212266921997,3.6714158058166504,0.7927579879760742,0.0,0.39510631561279297,0.8684790134429932,256.0,0.05508542060852051,57.0,29.0,28.0,21.655288457870483
0.6460700035095215,2.2285923957824707,0.7851252555847168,3.883718729019165,3.951951026916504,5.416017055511475,4.14762806892395,1.2101683616638184,2.9163641929626465,0.49378180503845215,0.0,0.3947882652282715,0.814206600189209,290859.0,0.05270576477050781,57.0,29.0,28.0,18.17649745941162
0.8219976425170898,2.217698812484741,0.704033374786377,3.8717803955078125,4.0229315757751465,5.559150457382202,4.229563236236572,1.2708187103271484,2.9692397117614746,0.5036561489105225,0.0,0.39789295196533203,0.8324673175811768,290859.0,0.05231070518493652,57.0,29.0,28.0,18.467432737350464
0.8225255012512207,2.2077248096466064,0.7053184509277344,14.236329793930054,4.0140221118927,8.367384910583496,5.947345495223999,2.4498894214630127,3.714592695236206,0.8767073154449463,0.0,0.3962748050689697,0.32259321212768555,290859.0,0.052187442779541016,57.0,29.0,28.0,23.685601949691772
0.8224623203277588,2.20943021774292,0.7042269706726074,16.720521211624146,4.015705347061157,8.408706188201904,6.224967956542969,2.176071882247925,3.66255259513855,0.8970723152160645,0.0,0.39749598503112793,0.32544422149658203,290859.0,0.05229830741882324,57.0,29.0,28.0,23.859721422195435
0.7312476634979248,2.347073793411255,1.2890174388885498,3.8964953422546387,4.672069787979126,5.451215028762817,4.124472141265869,1.265364170074463,2.9667563438415527,0.4925403594970703,0.0,0.39571309089660645,0.8406717777252197,495599.0,0.05311918258666992,57.0,29.0,28.0,19.021424055099487
0.740959882736206,2.3375065326690674,1.3222498893737793,3.9058728218078613,4.681451797485352,5.51785135269165,4.2502946853637695,1.2059218883514404,2.8198766708374023,0.4948279857635498,0.0,0.39656877517700195,0.8423686027526855,495599.0,0.053147315979003906,57.0,29.0,28.0,18.968702793121338
0.7410614490509033,2.3373947143554688,1.3251526355743408,15.625391960144043,4.684630870819092,8.243664741516113,6.015894651412964,2.2654964923858643,3.6330223083496094,0.8288290500640869,0.0,0.39701342582702637,0.32045936584472656,495599.0,0.0531463623046875,57.0,29.0,28.0,24.502168893814087
0.7405786514282227,2.3453447818756104,1.3288605213165283,13.941164016723633,4.6958091259002686,8.189659118652344,6.109018325805664,2.0918796062469482,3.7893760204315186,1.2765753269195557,0.0,0.3964858055114746,0.3176283836364746,495599.0,0.05307197570800781,57.0,29.0,28.0,24.718376874923706
0.7449877262115479,2.3657944202423096,1.533797025680542,3.9046571254730225,4.954693794250488,5.306485891342163,4.088963508605957,1.159630298614502,2.953700304031372,0.48968005180358887,0.0,0.3951246738433838,0.8403580188751221,619050.0,0.05292463302612305,57.0,29.0,28.0,19.164729833602905
0.6882262229919434,2.480454921722412,1.748443603515625,3.911794424057007,5.197072982788086,5.435104131698608,4.149821519851685,1.22627592086792,2.985870838165283,0.4937283992767334,0.0,0.39653706550598145,0.8474998474121094,619050.0,0.05316281318664551,57.0,29.0,28.0,19.592050313949585
0.6883516311645508,2.4816501140594482,1.7509689331054688,15.092391014099121,5.2004687786102295,8.677342653274536,6.395810127258301,2.2758185863494873,3.5899441242218018,0.9812002182006836,0.0,0.39651989936828613,0.3202323913574219,619050.0,0.05312633514404297,57.0,29.0,28.0,25.00537896156311
0.6878578662872314,2.498772144317627,1.748032569885254,16.27202534675598,5.214233636856079,8.35989761352539,6.2499470710754395,2.092423439025879,3.70146107673645,0.7789041996002197,0.0,0.39611077308654785,0.32067275047302246,619050.0,0.05326485633850098,57.0,29.0,28.0,24.951892614364624
0.7217442989349365,2.4902231693267822,1.8123672008514404,3.90325927734375,5.347308397293091,5.48592734336853,4.18263578414917,1.2453625202178955,3.06193208694458,0.5008745193481445,0.0,0.3958466053009033,0.884110689163208,699081.0,0.05301809310913086,57.0,29.0,28.0,19.911908626556396
0.7746245861053467,2.4617087841033936,1.8322644233703613,3.9213929176330566,5.347625017166138,5.4561827182769775,4.155245780944824,1.239586591720581,3.04990291595459,0.49839210510253906,0.0,0.39757871627807617,0.8806488513946533,699081.0,0.05188465118408203,57.0,29.0,28.0,19.875748872756958
0.7751107215881348,2.476163625717163,1.84324312210083,15.057969331741333,5.373863458633423,8.458176851272583,6.222060918807983,2.2652571201324463,3.6716835498809814,0.8363637924194336,0.0,0.3978230953216553,0.3226447105407715,699081.0,0.05209922790527344,57.0,29.0,28.0,25.388586044311523
0.775385856628418,2.4867186546325684,1.8501315116882324,15.021248817443848,5.3921637535095215,8.34980821609497,6.059688329696655,2.2993273735046387,3.5142383575439453,0.8928101062774658,0.0,0.3990805149078369,0.3231544494628906,699081.0,0.05193829536437988,57.0,29.0,28.0,25.265727281570435
0.8182146549224854,2.4802401065826416,1.8666489124298096,3.9300334453582764,5.4779839515686035,5.521254539489746,4.214784383773804,1.2461357116699219,3.093546152114868,0.5036406517028809,0.0,0.39705634117126465,0.8976969718933105,754261.0,0.046509742736816406,57.0,29.0,28.0,20.152137756347656
0.7222287654876709,2.5541815757751465,2.083582878112793,3.908658027648926,5.638720273971558,5.492063999176025,4.204512596130371,1.225921392440796,3.0607447624206543,0.49732542037963867,0.0,0.3967275619506836,0.8844156265258789,754261.0,0.051840782165527344,57.0,29.0,28.0,20.203725814819336
0.7211103439331055,2.5536651611328125,2.081186294555664,15.787689447402954,5.634927272796631,8.755017518997192,6.387402057647705,2.3796989917755127,3.771146059036255,1.2469394207000732,0.0,0.39725708961486816,0.32531237602233887,754261.0,0.05194401741027832,57.0,29.0,28.0,25.545603275299072
0.7213342189788818,2.5557172298431396,2.079094171524048,14.38828992843628,5.635571002960205,8.518739938735962,6.244219779968262,2.2894129753112793,3.9190945625305176,0.834235429763794,0.0,0.39760899543762207,0.32573962211608887,754261.0,0.05204153060913086,57.0,29.0,28.0,25.615270376205444
0.7478399276733398,2.503901481628418,2.059699773788452,3.889521837234497,5.623291254043579,5.4456963539123535,4.03464150428772,1.353651762008667,2.9898390769958496,0.4771544933319092,0.0,0.3956146240234375,0.875755786895752,793974.0,0.05294966697692871,57.0,29.0,28.0,20.0319607257843
0.7530441284179688,2.5731067657470703,2.139848470687866,3.9189977645874023,5.746863842010498,5.4500532150268555,4.1843421459198,1.2039661407470703,3.0721423625946045,0.49375128746032715,0.0,0.395129919052124,0.8884129524230957,793974.0,0.05335283279418945,57.0,29.0,28.0,20.293601751327515
0.7535316944122314,2.559357166290283,2.134722948074341,15.386510848999023,5.72936224937439,8.99104642868042,6.736577749252319,2.2747550010681152,3.541205883026123,0.8200995922088623,0.0,0.39478492736816406,0.32239747047424316,793974.0,0.0532989501953125,57.0,29.0,28.0,25.699997663497925
0.7523946762084961,2.5774569511413574,2.1367015838623047,13.713353872299194,5.7480082511901855,8.577292680740356,6.150146007537842,2.4284536838531494,3.667015314102173,0.8205492496490479,0.0,0.3953585624694824,0.3251359462738037,793974.0,0.053508758544921875,57.0,29.0,28.0,25.546581268310547
0.6805925369262695,2.645414113998413,2.3042068481445312,3.914844274520874,5.942041635513306,5.162620782852173,3.939776659011841,1.1638760566711426,2.926727533340454,0.4770379066467285,0.0,0.3960580825805664,0.8593478202819824,825319.0,0.052995920181274414,57.0,29.0,28.0,20.010608673095703
0.6837522983551025,2.6386780738830566,2.382375955581665,3.908412218093872,5.985400438308716,5.418855905532837,4.120566368103027,1.2401793003082275,3.030294895172119,0.49202942848205566,0.0,0.39611363410949707,0.8798489570617676,825319.0,0.05209469795227051,57.0,29.0,28.0,20.45027780532837
0.684002161026001,2.6402881145477295,2.3766393661499023,15.64025330543518,5.981486797332764,7.929225206375122,5.539167881011963,2.3995001316070557,3.4393744468688965,0.9381468296051025,0.0,0.39679813385009766,0.3225269317626953,825319.0,0.05221199989318848,57.0,29.0,28.0,26.036231994628906
0.6839396953582764,2.6390275955200195,2.377981424331665,16.227630615234375,5.983688592910767,8.597254753112793,6.158124208450317,2.4654576778411865,3.575003147125244,0.783287763595581,0.0,0.3963613510131836,0.3218817710876465,825319.0,0.05224323272705078,57.0,29.0,28.0,25.66907286643982
0.6962025165557861,2.5847713947296143,2.339576244354248,3.9109253883361816,5.931750774383545,5.503100156784058,4.177260637283325,1.2644414901733398,3.069145441055298,0.4991898536682129,0.0,0.3949286937713623,0.8868131637573242,849200.0,0.05302000045776367,57.0,29.0,28.0,20.521153450012207
0.7965548038482666,2.460601806640625,2.192856788635254,3.8970394134521484,5.7302141189575195,5.414854288101196,4.127974033355713,1.228290319442749,3.0462493896484375,0.49167799949645996,0.0,0.39557886123657227,0.8827035427093506,849200.0,0.05324268341064453,57.0,29.0,28.0,20.19926929473877
0.797295093536377,2.463038921356201,2.1938345432281494,15.179515838623047,5.7351155281066895,8.05470609664917,5.8530378341674805,2.2733094692230225,3.701725959777832,0.9493556022644043,0.0,0.3961968421936035,0.3188788890838623,849200.0,0.05345559120178223,57.0,29.0,28.0,25.7173433303833
0.7964377403259277,2.4764909744262695,2.19765043258667,16.01289391517639,5.751878976821899,8.345261335372925,6.105127811431885,2.251349687576294,3.452310085296631,0.7768075466156006,0.0,0.3957645893096924,0.32160162925720215,849200.0,0.05347323417663574,57.0,29.0,28.0,25.705447673797607
0.7861778736114502,2.414625883102417,2.107079029083252,3.861090660095215,5.6245057582855225,5.516127109527588,4.176164627075195,1.2792060375213623,3.0640625953674316,0.49482083320617676,0.0,0.39493727684020996,0.8868184089660645,868621.0,0.046471357345581055,57.0,29.0,28.0,20.169410943984985
0.7879366874694824,2.4711694717407227,2.2326719760894775,3.932356834411621,5.763804912567139,5.528474807739258,4.221600532531738,1.2447998523712158,3.10186505317688,0.5060040950775146,0.0,0.3975257873535156,0.8975653648376465,868621.0,0.046465158462524414,57.0,29.0,28.0,20.4581778049469
0.7878458499908447,2.4697821140289307,2.2107207775115967,14.037966966629028,5.740306615829468,8.692038774490356,6.409126281738281,2.2806005477905273,3.653486490249634,0.8500645160675049,0.0,0.39766979217529297,0.3245692253112793,868621.0,0.04651761054992676,57.0,29.0,28.0,25.709551572799683
0.7882003784179688,2.4815475940704346,2.2410550117492676,14.343154907226562,5.782555341720581,8.651562213897705,6.444116592407227,2.239548683166504,3.5837740898132324,0.9698281288146973,0.0,0.39759397506713867,0.32420992851257324,868621.0,0.04629659652709961,57.0,29.0,28.0,25.866024017333984
0.7936789989471436,2.4812228679656982,2.2082109451293945,3.8634934425354004,5.809939861297607,5.447466135025024,4.14642333984375,1.240035057067871,3.0587010383605957,0.49145030975341797,0.0,0.3948249816894531,0.890012264251709,884630.0,0.053427934646606445,57.0,29.0,28.0,20.280507564544678
0.7203888893127441,2.5570688247680664,2.461735963821411,3.903371810913086,6.019446134567261,5.458071708679199,4.221141338348389,1.1758618354797363,2.851278781890869,0.48658037185668945,0.0,0.39606595039367676,0.8792896270751953,884630.0,0.05219554901123047,57.0,29.0,28.0,20.32291316986084
0.720562219619751,2.5568695068359375,2.461136817932129,15.287704467773438,6.018944263458252,8.460782527923584,6.381394147872925,2.082350730895996,3.3289804458618164,0.7549211978912354,0.0,0.3953726291656494,0.32059383392333984,884630.0,0.05218839645385742,57.0,29.0,28.0,25.86613893508911
0.72086501121521,2.562040328979492,2.4807815551757812,15.734050035476685,6.044285297393799,8.48792839050293,6.204767465591431,2.366119146347046,3.423762083053589,0.8509547710418701,0.0,0.3970353603363037,0.9936056137084961,884630.0,0.05205249786376953,57.0,29.0,28.0,26.297529220581055
0.7164433002471924,2.5597009658813477,2.4125423431396484,3.8941454887390137,6.004676342010498,5.440475702285767,4.1602256298065186,1.218721628189087,3.0437211990356445,0.49372148513793945,0.0,0.39476776123046875,0.8912079334259033,897669.0,0.055052757263183594,57.0,29.0,28.0,20.495781660079956
0.7650156021118164,2.581861972808838,2.339132070541382,3.8764796257019043,5.96181583404541,5.475094318389893,4.1865034103393555,1.2303290367126465,3.073244333267212,0.497450590133667,0.0,0.40146422386169434,0.8898172378540039,897669.0,0.04933905601501465,57.0,29.0,28.0,20.51809000968933
0.7654504776000977,2.579887866973877,2.341252088546753,14.968095779418945,5.962036848068237,8.859484195709229,6.408535003662109,2.470305919647217,3.4485905170440674,0.9770092964172363,0.0,0.40131640434265137,0.3237004280090332,897669.0,0.049262285232543945,57.0,29.0,28.0,26.0718412399292
0.7655761241912842,2.5856399536132812,2.353562355041504,15.047601461410522,5.980451583862305,8.378196001052856,6.009557485580444,2.3957180976867676,3.6281864643096924,0.895430326461792,0.0,0.4007301330566406,0.32437634468078613,897669.0,0.04952073097229004,57.0,29.0,28.0,25.8275945186615
0.5982789993286133,2.6530442237854004,2.712552547454834,3.862522840499878,6.28287148475647,5.329916477203369,4.035996437072754,1.2324974536895752,2.979337453842163,0.4849362373352051,0.0,0.37987327575683594,0.8765420913696289,908945.0,0.05532431602478027,57.0,29.0,28.0,20.526663780212402
0.7593069076538086,2.5791995525360107,2.4209110736846924,3.9285154342651367,6.040523529052734,5.4920501708984375,4.203935146331787,1.2268407344818115,3.095442533493042,0.497081995010376,0.0,0.3972618579864502,0.8996472358703613,908945.0,0.05336260795593262,57.0,29.0,28.0,20.683202028274536
0.7599213123321533,2.5565602779388428,2.4212827682495117,14.659706115722656,6.0185747146606445,8.50843334197998,6.190224885940552,2.391749143600464,3.4583120346069336,0.795428991317749,0.0,0.3970041275024414,0.3231654167175293,908945.0,0.053423166275024414,57.0,29.0,28.0,26.185035467147827
0.7583656311035156,2.5698230266571045,2.43164324760437,15.179460525512695,6.040674924850464,8.481289625167847,6.339752912521362,2.1604385375976562,3.8341290950775146,0.8540775775909424,0.0,0.3965911865234375,0.3286266326904297,908945.0,0.05339956283569336,57.0,29.0,28.0,25.939281940460205
0.7522556781768799,2.3727147579193115,2.339390754699707,3.8987934589385986,5.781808853149414,5.480872869491577,4.20126485824585,1.2189300060272217,3.097473621368408,0.5029346942901611,0.0,0.37863779067993164,0.8991422653198242,918652.0,0.05599188804626465,57.0,29.0,28.0,20.37024736404419
0.7831394672393799,2.4331204891204834,2.279747724533081,3.9146533012390137,5.780418157577515,5.448965787887573,4.162018775939941,1.2283129692077637,3.0729801654815674,0.49965476989746094,0.0,0.3965461254119873,0.8931436538696289,918652.0,0.053366899490356445,57.0,29.0,28.0,20.35213851928711
0.7827498912811279,2.4052248001098633,2.267578125,15.448832273483276,5.738690376281738,8.679811000823975,6.52506685256958,2.1513702869415283,3.6208136081695557,0.995387077331543,0.0,0.39542531967163086,0.32402563095092773,918652.0,0.053238868713378906,57.0,29.0,28.0,25.86103081703186
0.7841651439666748,2.4345688819885254,2.286210775375366,14.53913927078247,5.7898993492126465,8.337123394012451,6.098299503326416,2.238558769226074,3.502690553665161,1.0291898250579834,0.0,0.39591121673583984,0.3194699287414551,918652.0,0.05358123779296875,57.0,29.0,28.0,25.697162628173828
0.7070972919464111,2.592219352722168,2.50286865234375,3.9324631690979004,6.118160724639893,5.017561912536621,3.822019100189209,1.1366209983825684,2.8871562480926514,0.47714710235595703,0.0,0.39578723907470703,0.8633193969726562,927257.0,0.05310249328613281,57.0,29.0,28.0,20.034059047698975
0.6341781616210938,2.717437982559204,2.828134059906006,3.931877851486206,6.462297677993774,4.825799465179443,3.675375461578369,1.0886752605438232,2.575223684310913,0.6946630477905273,0.0,0.3964078426361084,0.6973364353179932,927257.0,0.05219149589538574,57.0,29.0,28.0,19.916098833084106
0.6343259811401367,2.68753981590271,2.8166067600250244,14.201536417007446,6.420360803604126,7.548102617263794,5.443007946014404,2.1249449253082275,3.3373520374298096,0.9857213497161865,0.0,0.39644789695739746,0.9539759159088135,927257.0,0.05206704139709473,57.0,29.0,28.0,26.511746644973755
0.6340453624725342,2.6855416297912598,2.7698781490325928,15.74655032157898,6.371092796325684,7.310492515563965,5.115951061248779,2.167281150817871,3.1794283390045166,0.7900068759918213,0.0,0.3951094150543213,0.9413607120513916,927257.0,0.05184316635131836,57.0,29.0,28.0,26.551285982131958
