eval,join,random shacl results,fdt,io,viz_hist,viz_pie,node_samples,group_by_node_split_feature,overall
0.0,0.0,0.0,0.0,0.0,0.0,0.0,0.001455545425415039,0.0,0.0
0.0,0.0,0.0,0.0,0.0,0.0,0.0,0.0013468265533447266,0.0,0.0
0.0,0.0,0.0,0.0,0.0,0.0,0.0,0.0012660026550292969,0.0,0.0
0.0,0.0,0.0,0.0,0.0,0.0,0.0,0.0012836456298828125,0.0,0.0
0.0,0.0,0.0,0.0,0.0,0.0,0.0,0.0012192726135253906,0.0,0.0
0.0,0.0,0.0,0.0,0.0,0.0,0.0,0.00286865234375,0.0,0.0
0.0,0.0,0.0,0.0,0.0,0.0,0.0,0.002900362014770508,0.0,0.0
0.0,0.0,0.0,0.0,0.0,0.0,0.0,0.002872467041015625,0.0,0.0
0.0,0.0,0.0,0.0,0.0,0.0,0.0,0.0031385421752929688,0.0,0.0
0.0,0.0,0.0,0.0,0.0,0.0,0.0,0.002805948257446289,0.0,0.0
0.0,0.0,0.0,0.0,0.0,0.0,0.0,0.0042912960052490234,0.0,0.0
0.0,0.0,0.0,0.0,0.0,0.0,0.0,0.0040891170501708984,0.0,0.0
0.0,0.0,0.0,0.0,0.0,0.0,0.0,0.003754854202270508,0.0,0.0
0.0,0.0,0.0,0.0,0.0,0.0,0.0,0.003759622573852539,0.0,0.0
0.0,0.0,0.0,0.0,0.0,0.0,0.0,0.0040476322174072266,0.0,0.0
0.0,0.0,0.0,0.0,0.0,0.0,0.0,0.006744861602783203,0.0,0.0
0.0,0.0,0.0,0.0,0.0,0.0,0.0,0.005390167236328125,0.0,0.0
0.0,0.0,0.0,0.0,0.0,0.0,0.0,0.0052754878997802734,0.0,0.0
0.0,0.0,0.0,0.0,0.0,0.0,0.0,0.0055217742919921875,0.0,0.0
0.0,0.0,0.0,0.0,0.0,0.0,0.0,0.005333662033081055,0.0,0.0
0.0,0.0,0.0,0.0,0.0,0.0,0.0,0.006728649139404297,0.0,0.0
0.0,0.0,0.0,0.0,0.0,0.0,0.0,0.006678104400634766,0.0,0.0
0.0,0.0,0.0,0.0,0.0,0.0,0.0,0.006841182708740234,0.0,0.0
0.0,0.0,0.0,0.0,0.0,0.0,0.0,0.006938934326171875,0.0,0.0
0.0,0.0,0.0,0.0,0.0,0.0,0.0,0.006957292556762695,0.0,0.0
0.0,0.0,0.0,0.0,0.0,0.0,0.0,0.0013663768768310547,0.0,0.0
0.0,0.0,0.0,0.0,0.0,0.0,0.0,0.0012826919555664062,0.0,0.0
0.0,0.0,0.0,0.0,0.0,0.0,0.0,0.001294851303100586,0.0,0.0
0.0,0.0,0.0,0.0,0.0,0.0,0.0,0.0013659000396728516,0.0,0.0
0.0,0.0,0.0,0.0,0.0,0.0,0.0,0.0012905597686767578,0.0,0.0
0.0,0.0,0.0,0.0,0.0,0.0,0.0,0.002683877944946289,0.0,0.0
0.0,0.0,0.0,0.0,0.0,0.0,0.0,0.0026297569274902344,0.0,0.0
0.0,0.0,0.0,0.0,0.0,0.0,0.0,0.0026674270629882812,0.0,0.0
0.0,0.0,0.0,0.0,0.0,0.0,0.0,0.002679109573364258,0.0,0.0
0.0,0.0,0.0,0.0,0.0,0.0,0.0,0.002768993377685547,0.0,0.0
0.0,0.0,0.0,0.0,0.0,0.0,0.0,0.004141569137573242,0.0,0.0
0.0,0.0,0.0,0.0,0.0,0.0,0.0,0.0064258575439453125,0.0,0.0
0.0,0.0,0.0,0.0,0.0,0.0,0.0,0.003864765167236328,0.0,0.0
0.0,0.0,0.0,0.0,0.0,0.0,0.0,0.003868579864501953,0.0,0.0
0.0,0.0,0.0,0.0,0.0,0.0,0.0,0.0040645599365234375,0.0,0.0
0.0,0.0,0.0,0.0,0.0,0.0,0.0,0.00459599494934082,0.0,0.0
0.0,0.0,0.0,0.0,0.0,0.0,0.0,0.004732370376586914,0.0,0.0
0.0,0.0,0.0,0.0,0.0,0.0,0.0,0.004744291305541992,0.0,0.0
0.0,0.0,0.0,0.0,0.0,0.0,0.0,0.0049915313720703125,0.0,0.0
0.0,0.0,0.0,0.0,0.0,0.0,0.0,0.004495382308959961,0.0,0.0
0.0,0.0,0.0,0.0,0.0,0.0,0.0,0.004753589630126953,0.0,0.0
0.0,0.0,0.0,0.0,0.0,0.0,0.0,0.00475001335144043,0.0,0.0
0.0,0.0,0.0,0.0,0.0,0.0,0.0,0.004754066467285156,0.0,0.0
0.0,0.0,0.0,0.0,0.0,0.0,0.0,0.004666805267333984,0.0,0.0
0.0,0.0,0.0,0.0,0.0,0.0,0.0,0.004870891571044922,0.0,0.0
0.0,0.0,0.0,0.0,0.0,0.0,0.0,0.0014586448669433594,0.0,0.0
0.0,0.0,0.0,0.0,0.0,0.0,0.0,0.0013685226440429688,0.0,0.0
0.0,0.0,0.0,0.0,0.0,0.0,0.0,0.0012946128845214844,0.0,0.0
0.0,0.0,0.0,0.0,0.0,0.0,0.0,0.0013828277587890625,0.0,0.0
0.0,0.0,0.0,0.0,0.0,0.0,0.0,0.0012907981872558594,0.0,0.0
0.0,0.0,0.0,0.0,0.0,0.0,0.0,0.0029764175415039062,0.0,0.0
0.0,0.0,0.0,0.0,0.0,0.0,0.0,0.003446817398071289,0.0,0.0
0.0,0.0,0.0,0.0,0.0,0.0,0.0,0.0029287338256835938,0.0,0.0
0.0,0.0,0.0,0.0,0.0,0.0,0.0,0.0028972625732421875,0.0,0.0
0.0,0.0,0.0,0.0,0.0,0.0,0.0,0.0029296875,0.0,0.0
0.0,0.0,0.0,0.0,0.0,0.0,0.0,0.00455164909362793,0.0,0.0
0.0,0.0,0.0,0.0,0.0,0.0,0.0,0.0045130252838134766,0.0,0.0
0.0,0.0,0.0,0.0,0.0,0.0,0.0,0.0047376155853271484,0.0,0.0
0.0,0.0,0.0,0.0,0.0,0.0,0.0,0.004523515701293945,0.0,0.0
0.0,0.0,0.0,0.0,0.0,0.0,0.0,0.0045969486236572266,0.0,0.0
0.0,0.0,0.0,0.0,0.0,0.0,0.0,0.006541013717651367,0.0,0.0
0.0,0.0,0.0,0.0,0.0,0.0,0.0,0.006501197814941406,0.0,0.0
0.0,0.0,0.0,0.0,0.0,0.0,0.0,0.006082057952880859,0.0,0.0
0.0,0.0,0.0,0.0,0.0,0.0,0.0,0.006212472915649414,0.0,0.0
0.0,0.0,0.0,0.0,0.0,0.0,0.0,0.007509946823120117,0.0,0.0
0.0,0.0,0.0,0.0,0.0,0.0,0.0,0.006349325180053711,0.0,0.0
0.0,0.0,0.0,0.0,0.0,0.0,0.0,0.006799936294555664,0.0,0.0
0.0,0.0,0.0,0.0,0.0,0.0,0.0,0.007220745086669922,0.0,0.0
0.0,0.0,0.0,0.0,0.0,0.0,0.0,0.006678581237792969,0.0,0.0
0.0,0.0,0.0,0.0,0.0,0.0,0.0,0.006808280944824219,0.0,0.0
0.0,0.0,0.0,0.0,0.0,0.0,0.0,0.002689838409423828,0.0,0.0
0.0,0.0,0.0,0.0,0.0,0.0,0.0,0.0013763904571533203,0.0,0.0
0.0,0.0,0.0,0.0,0.0,0.0,0.0,0.0014617443084716797,0.0,0.0
0.0,0.0,0.0,0.0,0.0,0.0,0.0,0.0014035701751708984,0.0,0.0
0.0,0.0,0.0,0.0,0.0,0.0,0.0,0.0015213489532470703,0.0,0.0
0.0,0.0,0.0,0.0,0.0,0.0,0.0,0.0034286975860595703,0.0,0.0
0.0,0.0,0.0,0.0,0.0,0.0,0.0,0.003494739532470703,0.0,0.0
0.0,0.0,0.0,0.0,0.0,0.0,0.0,0.0034105777740478516,0.0,0.0
0.0,0.0,0.0,0.0,0.0,0.0,0.0,0.0035495758056640625,0.0,0.0
0.0,0.0,0.0,0.0,0.0,0.0,0.0,0.003680706024169922,0.0,0.0
0.0,0.0,0.0,0.0,0.0,0.0,0.0,0.006047487258911133,0.0,0.0
0.0,0.0,0.0,0.0,0.0,0.0,0.0,0.00625300407409668,0.0,0.0
0.0,0.0,0.0,0.0,0.0,0.0,0.0,0.006310701370239258,0.0,0.0
0.0,0.0,0.0,0.0,0.0,0.0,0.0,0.006075859069824219,0.0,0.0
0.0,0.0,0.0,0.0,0.0,0.0,0.0,0.0068378448486328125,0.0,0.0
0.0,0.0,0.0,0.0,0.0,0.0,0.0,0.00989985466003418,0.0,0.0
0.0,0.0,0.0,0.0,0.0,0.0,0.0,0.009708404541015625,0.0,0.0
0.0,0.0,0.0,0.0,0.0,0.0,0.0,0.009803533554077148,0.0,0.0
0.0,0.0,0.0,0.0,0.0,0.0,0.0,0.010160207748413086,0.0,0.0
0.0,0.0,0.0,0.0,0.0,0.0,0.0,0.009490251541137695,0.0,0.0
0.0,0.0,0.0,0.0,0.0,0.0,0.0,0.015178680419921875,0.0,0.0
0.0,0.0,0.0,0.0,0.0,0.0,0.0,0.013461589813232422,0.0,0.0
0.0,0.0,0.0,0.0,0.0,0.0,0.0,0.014263153076171875,0.0,0.0
0.0,0.0,0.0,0.0,0.0,0.0,0.0,0.014651775360107422,0.0,0.0
0.0,0.0,0.0,0.0,0.0,0.0,0.0,0.014934062957763672,0.0,0.0
0.0,0.0,0.0,0.0,0.0,0.0,0.0,0.001592397689819336,0.0,0.0
0.0,0.0,0.0,0.0,0.0,0.0,0.0,0.0016472339630126953,0.0,0.0
0.0,0.0,0.0,0.0,0.0,0.0,0.0,0.0015420913696289062,0.0,0.0
0.0,0.0,0.0,0.0,0.0,0.0,0.0,0.0016772747039794922,0.0,0.0
0.0,0.0,0.0,0.0,0.0,0.0,0.0,0.0015828609466552734,0.0,0.0
0.0,0.0,0.0,0.0,0.0,0.0,0.0,0.004042387008666992,0.0,0.0
0.0,0.0,0.0,0.0,0.0,0.0,0.0,0.0038437843322753906,0.0,0.0
0.0,0.0,0.0,0.0,0.0,0.0,0.0,0.004182100296020508,0.0,0.0
0.0,0.0,0.0,0.0,0.0,0.0,0.0,0.003833770751953125,0.0,0.0
0.0,0.0,0.0,0.0,0.0,0.0,0.0,0.0040166378021240234,0.0,0.0
0.0,0.0,0.0,0.0,0.0,0.0,0.0,0.0068476200103759766,0.0,0.0
0.0,0.0,0.0,0.0,0.0,0.0,0.0,0.00683140754699707,0.0,0.0
0.0,0.0,0.0,0.0,0.0,0.0,0.0,0.00690913200378418,0.0,0.0
0.0,0.0,0.0,0.0,0.0,0.0,0.0,0.006842136383056641,0.0,0.0
0.0,0.0,0.0,0.0,0.0,0.0,0.0,0.006674766540527344,0.0,0.0
0.0,0.0,0.0,0.0,0.0,0.0,0.0,0.010760307312011719,0.0,0.0
0.0,0.0,0.0,0.0,0.0,0.0,0.0,0.010247945785522461,0.0,0.0
0.0,0.0,0.0,0.0,0.0,0.0,0.0,0.010177135467529297,0.0,0.0
0.0,0.0,0.0,0.0,0.0,0.0,0.0,0.010405302047729492,0.0,0.0
0.0,0.0,0.0,0.0,0.0,0.0,0.0,0.01014399528503418,0.0,0.0
0.0,0.0,0.0,0.0,0.0,0.0,0.0,0.011044740676879883,0.0,0.0
0.0,0.0,0.0,0.0,0.0,0.0,0.0,0.01116943359375,0.0,0.0
0.0,0.0,0.0,0.0,0.0,0.0,0.0,0.011089801788330078,0.0,0.0
0.0,0.0,0.0,0.0,0.0,0.0,0.0,0.011044979095458984,0.0,0.0
0.0,0.0,0.0,0.0,0.0,0.0,0.0,0.011124849319458008,0.0,0.0
0.0,0.0,0.0,0.0,0.0,0.0,0.0,0.0019037723541259766,0.0,0.0
0.0,0.0,0.0,0.0,0.0,0.0,0.0,0.0020117759704589844,0.0,0.0
0.0,0.0,0.0,0.0,0.0,0.0,0.0,0.0018863677978515625,0.0,0.0
0.0,0.0,0.0,0.0,0.0,0.0,0.0,0.0021169185638427734,0.0,0.0
0.0,0.0,0.0,0.0,0.0,0.0,0.0,0.0023353099822998047,0.0,0.0
0.0,0.0,0.0,0.0,0.0,0.0,0.0,0.004668235778808594,0.0,0.0
0.0,0.0,0.0,0.0,0.0,0.0,0.0,0.0043065547943115234,0.0,0.0
0.0,0.0,0.0,0.0,0.0,0.0,0.0,0.004362344741821289,0.0,0.0
0.0,0.0,0.0,0.0,0.0,0.0,0.0,0.004292726516723633,0.0,0.0
0.0,0.0,0.0,0.0,0.0,0.0,0.0,0.004339456558227539,0.0,0.0
0.0,0.0,0.0,0.0,0.0,0.0,0.0,0.011139154434204102,0.0,0.0
0.0,0.0,0.0,0.0,0.0,0.0,0.0,0.00915384292602539,0.0,0.0
0.0,0.0,0.0,0.0,0.0,0.0,0.0,0.009426116943359375,0.0,0.0
0.0,0.0,0.0,0.0,0.0,0.0,0.0,0.00930643081665039,0.0,0.0
0.0,0.0,0.0,0.0,0.0,0.0,0.0,0.009598493576049805,0.0,0.0
0.0,0.0,0.0,0.0,0.0,0.0,0.0,0.015106916427612305,0.0,0.0
0.0,0.0,0.0,0.0,0.0,0.0,0.0,0.01540064811706543,0.0,0.0
0.0,0.0,0.0,0.0,0.0,0.0,0.0,0.014317512512207031,0.0,0.0
0.0,0.0,0.0,0.0,0.0,0.0,0.0,0.014939546585083008,0.0,0.0
0.0,0.0,0.0,0.0,0.0,0.0,0.0,0.014497995376586914,0.0,0.0
0.0,0.0,0.0,0.0,0.0,0.0,0.0,0.018078327178955078,0.0,0.0
0.0,0.0,0.0,0.0,0.0,0.0,0.0,0.018096208572387695,0.0,0.0
0.0,0.0,0.0,0.0,0.0,0.0,0.0,0.018446922302246094,0.0,0.0
0.0,0.0,0.0,0.0,0.0,0.0,0.0,0.01866888999938965,0.0,0.0
0.0,0.0,0.0,0.0,0.0,0.0,0.0,0.0180509090423584,0.0,0.0
0.0,0.0,0.0,0.0,0.0,0.0,0.0,0.0025882720947265625,0.0,0.0
0.0,0.0,0.0,0.0,0.0,0.0,0.0,0.002495288848876953,0.0,0.0
0.0,0.0,0.0,0.0,0.0,0.0,0.0,0.002488851547241211,0.0,0.0
0.0,0.0,0.0,0.0,0.0,0.0,0.0,0.002507925033569336,0.0,0.0
0.0,0.0,0.0,0.0,0.0,0.0,0.0,0.002641439437866211,0.0,0.0
0.0,0.0,0.0,0.0,0.0,0.0,0.0,0.005376100540161133,0.0,0.0
0.0,0.0,0.0,0.0,0.0,0.0,0.0,0.005392551422119141,0.0,0.0
0.0,0.0,0.0,0.0,0.0,0.0,0.0,0.005367755889892578,0.0,0.0
0.0,0.0,0.0,0.0,0.0,0.0,0.0,0.005811929702758789,0.0,0.0
0.0,0.0,0.0,0.0,0.0,0.0,0.0,0.005320549011230469,0.0,0.0
0.0,0.0,0.0,0.0,0.0,0.0,0.0,0.01093602180480957,0.0,0.0
0.0,0.0,0.0,0.0,0.0,0.0,0.0,0.011138916015625,0.0,0.0
0.0,0.0,0.0,0.0,0.0,0.0,0.0,0.010650157928466797,0.0,0.0
0.0,0.0,0.0,0.0,0.0,0.0,0.0,0.010693550109863281,0.0,0.0
0.0,0.0,0.0,0.0,0.0,0.0,0.0,0.01036381721496582,0.0,0.0
0.0,0.0,0.0,0.0,0.0,0.0,0.0,0.015596389770507812,0.0,0.0
0.0,0.0,0.0,0.0,0.0,0.0,0.0,0.0158231258392334,0.0,0.0
0.0,0.0,0.0,0.0,0.0,0.0,0.0,0.01804208755493164,0.0,0.0
0.0,0.0,0.0,0.0,0.0,0.0,0.0,0.015835285186767578,0.0,0.0
0.0,0.0,0.0,0.0,0.0,0.0,0.0,0.01818704605102539,0.0,0.0
0.0,0.0,0.0,0.0,0.0,0.0,0.0,0.021239519119262695,0.0,0.0
0.0,0.0,0.0,0.0,0.0,0.0,0.0,0.021070003509521484,0.0,0.0
0.0,0.0,0.0,0.0,0.0,0.0,0.0,0.021951675415039062,0.0,0.0
0.0,0.0,0.0,0.0,0.0,0.0,0.0,0.02231574058532715,0.0,0.0
0.0,0.0,0.0,0.0,0.0,0.0,0.0,0.02218937873840332,0.0,0.0
0.0,0.0,0.0,0.0,0.0,0.0,0.0,0.0035834312438964844,0.0,0.0
0.0,0.0,0.0,0.0,0.0,0.0,0.0,0.0036056041717529297,0.0,0.0
0.0,0.0,0.0,0.0,0.0,0.0,0.0,0.0034945011138916016,0.0,0.0
0.0,0.0,0.0,0.0,0.0,0.0,0.0,0.0036220550537109375,0.0,0.0
0.0,0.0,0.0,0.0,0.0,0.0,0.0,0.003674030303955078,0.0,0.0
0.0,0.0,0.0,0.0,0.0,0.0,0.0,0.00744318962097168,0.0,0.0
0.0,0.0,0.0,0.0,0.0,0.0,0.0,0.0072743892669677734,0.0,0.0
0.0,0.0,0.0,0.0,0.0,0.0,0.0,0.007123231887817383,0.0,0.0
0.0,0.0,0.0,0.0,0.0,0.0,0.0,0.007314205169677734,0.0,0.0
0.0,0.0,0.0,0.0,0.0,0.0,0.0,0.0077362060546875,0.0,0.0
0.0,0.0,0.0,0.0,0.0,0.0,0.0,0.015391826629638672,0.0,0.0
0.0,0.0,0.0,0.0,0.0,0.0,0.0,0.015602350234985352,0.0,0.0
0.0,0.0,0.0,0.0,0.0,0.0,0.0,0.01635146141052246,0.0,0.0
0.0,0.0,0.0,0.0,0.0,0.0,0.0,0.016033649444580078,0.0,0.0
0.0,0.0,0.0,0.0,0.0,0.0,0.0,0.015546560287475586,0.0,0.0
0.0,0.0,0.0,0.0,0.0,0.0,0.0,0.029729604721069336,0.0,0.0
0.0,0.0,0.0,0.0,0.0,0.0,0.0,0.029817819595336914,0.0,0.0
0.0,0.0,0.0,0.0,0.0,0.0,0.0,0.029503345489501953,0.0,0.0
0.0,0.0,0.0,0.0,0.0,0.0,0.0,0.030550241470336914,0.0,0.0
0.0,0.0,0.0,0.0,0.0,0.0,0.0,0.030705690383911133,0.0,0.0
0.0,0.0,0.0,0.0,0.0,0.0,0.0,0.048215627670288086,0.0,0.0
0.0,0.0,0.0,0.0,0.0,0.0,0.0,0.04800605773925781,0.0,0.0
0.0,0.0,0.0,0.0,0.0,0.0,0.0,0.04726672172546387,0.0,0.0
0.0,0.0,0.0,0.0,0.0,0.0,0.0,0.05891704559326172,0.0,0.0
0.0,0.0,0.0,0.0,0.0,0.0,0.0,0.04729104042053223,0.0,0.0
0.0,0.0,0.0,0.0,0.0,0.0,0.0,0.005257129669189453,0.0,0.0
0.0,0.0,0.0,0.0,0.0,0.0,0.0,0.005283832550048828,0.0,0.0
0.0,0.0,0.0,0.0,0.0,0.0,0.0,0.0052509307861328125,0.0,0.0
0.0,0.0,0.0,0.0,0.0,0.0,0.0,0.0052564144134521484,0.0,0.0
0.0,0.0,0.0,0.0,0.0,0.0,0.0,0.005258083343505859,0.0,0.0
0.0,0.0,0.0,0.0,0.0,0.0,0.0,0.010410785675048828,0.0,0.0
0.0,0.0,0.0,0.0,0.0,0.0,0.0,0.01045536994934082,0.0,0.0
0.0,0.0,0.0,0.0,0.0,0.0,0.0,0.010973453521728516,0.0,0.0
0.0,0.0,0.0,0.0,0.0,0.0,0.0,0.010713338851928711,0.0,0.0
0.0,0.0,0.0,0.0,0.0,0.0,0.0,0.010369062423706055,0.0,0.0
0.0,0.0,0.0,0.0,0.0,0.0,0.0,0.020123720169067383,0.0,0.0
0.0,0.0,0.0,0.0,0.0,0.0,0.0,0.020457744598388672,0.0,0.0
0.0,0.0,0.0,0.0,0.0,0.0,0.0,0.020285606384277344,0.0,0.0
0.0,0.0,0.0,0.0,0.0,0.0,0.0,0.02048945426940918,0.0,0.0
0.0,0.0,0.0,0.0,0.0,0.0,0.0,0.02039361000061035,0.0,0.0
0.0,0.0,0.0,0.0,0.0,0.0,0.0,0.04585886001586914,0.0,0.0
0.0,0.0,0.0,0.0,0.0,0.0,0.0,0.044930458068847656,0.0,0.0
0.0,0.0,0.0,0.0,0.0,0.0,0.0,0.04518318176269531,0.0,0.0
0.0,0.0,0.0,0.0,0.0,0.0,0.0,0.04574704170227051,0.0,0.0
0.0,0.0,0.0,0.0,0.0,0.0,0.0,0.0452570915222168,0.0,0.0
0.0,0.0,0.0,0.0,0.0,0.0,0.0,0.08890199661254883,0.0,0.0
0.0,0.0,0.0,0.0,0.0,0.0,0.0,0.08758234977722168,0.0,0.0
0.0,0.0,0.0,0.0,0.0,0.0,0.0,0.08708500862121582,0.0,0.0
0.0,0.0,0.0,0.0,0.0,0.0,0.0,0.08981919288635254,0.0,0.0
0.0,0.0,0.0,0.0,0.0,0.0,0.0,0.08803081512451172,0.0,0.0
0.0,0.0,0.0,0.0,0.0,0.0,0.0,0.00837254524230957,0.0,0.0
0.0,0.0,0.0,0.0,0.0,0.0,0.0,0.008039712905883789,0.0,0.0
0.0,0.0,0.0,0.0,0.0,0.0,0.0,0.008465290069580078,0.0,0.0
0.0,0.0,0.0,0.0,0.0,0.0,0.0,0.00807642936706543,0.0,0.0
0.0,0.0,0.0,0.0,0.0,0.0,0.0,0.008307456970214844,0.0,0.0
0.0,0.0,0.0,0.0,0.0,0.0,0.0,0.015526771545410156,0.0,0.0
0.0,0.0,0.0,0.0,0.0,0.0,0.0,0.016011714935302734,0.0,0.0
0.0,0.0,0.0,0.0,0.0,0.0,0.0,0.015607118606567383,0.0,0.0
0.0,0.0,0.0,0.0,0.0,0.0,0.0,0.01623702049255371,0.0,0.0
0.0,0.0,0.0,0.0,0.0,0.0,0.0,0.016132116317749023,0.0,0.0
0.0,0.0,0.0,0.0,0.0,0.0,0.0,0.02860260009765625,0.0,0.0
0.0,0.0,0.0,0.0,0.0,0.0,0.0,0.028017044067382812,0.0,0.0
0.0,0.0,0.0,0.0,0.0,0.0,0.0,0.027922630310058594,0.0,0.0
0.0,0.0,0.0,0.0,0.0,0.0,0.0,0.027471303939819336,0.0,0.0
0.0,0.0,0.0,0.0,0.0,0.0,0.0,0.027947187423706055,0.0,0.0
0.0,0.0,0.0,0.0,0.0,0.0,0.0,0.055913686752319336,0.0,0.0
0.0,0.0,0.0,0.0,0.0,0.0,0.0,0.05621504783630371,0.0,0.0
0.0,0.0,0.0,0.0,0.0,0.0,0.0,0.05709719657897949,0.0,0.0
0.0,0.0,0.0,0.0,0.0,0.0,0.0,0.055284976959228516,0.0,0.0
0.0,0.0,0.0,0.0,0.0,0.0,0.0,0.05733966827392578,0.0,0.0
0.0,0.0,0.0,0.0,0.0,0.0,0.0,0.09407782554626465,0.0,0.0
0.0,0.0,0.0,0.0,0.0,0.0,0.0,0.10425257682800293,0.0,0.0
0.0,0.0,0.0,0.0,0.0,0.0,0.0,0.09413552284240723,0.0,0.0
0.0,0.0,0.0,0.0,0.0,0.0,0.0,0.0942847728729248,0.0,0.0
0.0,0.0,0.0,0.0,0.0,0.0,0.0,0.09907841682434082,0.0,0.0
0.0,0.0,0.0,0.0,0.0,0.0,0.0,0.014559507369995117,0.0,0.0
0.0,0.0,0.0,0.0,0.0,0.0,0.0,0.014673471450805664,0.0,0.0
0.0,0.0,0.0,0.0,0.0,0.0,0.0,0.014730691909790039,0.0,0.0
0.0,0.0,0.0,0.0,0.0,0.0,0.0,0.014774799346923828,0.0,0.0
0.0,0.0,0.0,0.0,0.0,0.0,0.0,0.014977693557739258,0.0,0.0
0.0,0.0,0.0,0.0,0.0,0.0,0.0,0.02725958824157715,0.0,0.0
0.0,0.0,0.0,0.0,0.0,0.0,0.0,0.02588629722595215,0.0,0.0
0.0,0.0,0.0,0.0,0.0,0.0,0.0,0.025484561920166016,0.0,0.0
0.0,0.0,0.0,0.0,0.0,0.0,0.0,0.02647233009338379,0.0,0.0
0.0,0.0,0.0,0.0,0.0,0.0,0.0,0.025840044021606445,0.0,0.0
0.0,0.0,0.0,0.0,0.0,0.0,0.0,0.041094064712524414,0.0,0.0
0.0,0.0,0.0,0.0,0.0,0.0,0.0,0.04066634178161621,0.0,0.0
0.0,0.0,0.0,0.0,0.0,0.0,0.0,0.03992271423339844,0.0,0.0
0.0,0.0,0.0,0.0,0.0,0.0,0.0,0.04105639457702637,0.0,0.0
0.0,0.0,0.0,0.0,0.0,0.0,0.0,0.040373802185058594,0.0,0.0
0.0,0.0,0.0,0.0,0.0,0.0,0.0,0.06519627571105957,0.0,0.0
0.0,0.0,0.0,0.0,0.0,0.0,0.0,0.06530284881591797,0.0,0.0
0.0,0.0,0.0,0.0,0.0,0.0,0.0,0.06638121604919434,0.0,0.0
0.0,0.0,0.0,0.0,0.0,0.0,0.0,0.06370067596435547,0.0,0.0
0.0,0.0,0.0,0.0,0.0,0.0,0.0,0.06527829170227051,0.0,0.0
0.0,0.0,0.0,0.0,0.0,0.0,0.0,0.0910038948059082,0.0,0.0
0.0,0.0,0.0,0.0,0.0,0.0,0.0,0.0927577018737793,0.0,0.0
0.0,0.0,0.0,0.0,0.0,0.0,0.0,0.09159588813781738,0.0,0.0
0.0,0.0,0.0,0.0,0.0,0.0,0.0,0.09252500534057617,0.0,0.0
0.0,0.0,0.0,0.0,0.0,0.0,0.0,0.09533071517944336,0.0,0.0
0.0,0.0,0.0,0.0,0.0,0.0,0.0,0.027409076690673828,0.0,0.0
0.0,0.0,0.0,0.0,0.0,0.0,0.0,0.027573585510253906,0.0,0.0
0.0,0.0,0.0,0.0,0.0,0.0,0.0,0.027805328369140625,0.0,0.0
0.0,0.0,0.0,0.0,0.0,0.0,0.0,0.027329444885253906,0.0,0.0
0.0,0.0,0.0,0.0,0.0,0.0,0.0,0.027404069900512695,0.0,0.0
0.0,0.0,0.0,0.0,0.0,0.0,0.0,0.043670654296875,0.0,0.0
0.0,0.0,0.0,0.0,0.0,0.0,0.0,0.04541754722595215,0.0,0.0
0.0,0.0,0.0,0.0,0.0,0.0,0.0,0.04493999481201172,0.0,0.0
0.0,0.0,0.0,0.0,0.0,0.0,0.0,0.044457435607910156,0.0,0.0
0.0,0.0,0.0,0.0,0.0,0.0,0.0,0.04599332809448242,0.0,0.0
0.0,0.0,0.0,0.0,0.0,0.0,0.0,0.06890630722045898,0.0,0.0
0.0,0.0,0.0,0.0,0.0,0.0,0.0,0.06917357444763184,0.0,0.0
0.0,0.0,0.0,0.0,0.0,0.0,0.0,0.0693197250366211,0.0,0.0
0.0,0.0,0.0,0.0,0.0,0.0,0.0,0.06902813911437988,0.0,0.0
0.0,0.0,0.0,0.0,0.0,0.0,0.0,0.06748604774475098,0.0,0.0
0.0,0.0,0.0,0.0,0.0,0.0,0.0,0.09755587577819824,0.0,0.0
0.0,0.0,0.0,0.0,0.0,0.0,0.0,0.09949207305908203,0.0,0.0
0.0,0.0,0.0,0.0,0.0,0.0,0.0,0.09775042533874512,0.0,0.0
0.0,0.0,0.0,0.0,0.0,0.0,0.0,0.09577155113220215,0.0,0.0
0.0,0.0,0.0,0.0,0.0,0.0,0.0,0.09804201126098633,0.0,0.0
0.0,0.0,0.0,0.0,0.0,0.0,0.0,0.1299285888671875,0.0,0.0
0.0,0.0,0.0,0.0,0.0,0.0,0.0,0.1288607120513916,0.0,0.0
0.0,0.0,0.0,0.0,0.0,0.0,0.0,0.13102126121520996,0.0,0.0
0.0,0.0,0.0,0.0,0.0,0.0,0.0,0.12960386276245117,0.0,0.0
0.0,0.0,0.0,0.0,0.0,0.0,0.0,0.13123750686645508,0.0,0.0
0.0,0.0,0.0,0.0,0.0,0.0,0.0,0.046660423278808594,0.0,0.0
0.0,0.0,0.0,0.0,0.0,0.0,0.0,0.04770040512084961,0.0,0.0
0.0,0.0,0.0,0.0,0.0,0.0,0.0,0.047392845153808594,0.0,0.0
0.0,0.0,0.0,0.0,0.0,0.0,0.0,0.04852604866027832,0.0,0.0
0.0,0.0,0.0,0.0,0.0,0.0,0.0,0.04678821563720703,0.0,0.0
0.0,0.0,0.0,0.0,0.0,0.0,0.0,0.0798807144165039,0.0,0.0
0.0,0.0,0.0,0.0,0.0,0.0,0.0,0.08009934425354004,0.0,0.0
0.0,0.0,0.0,0.0,0.0,0.0,0.0,0.07867240905761719,0.0,0.0
0.0,0.0,0.0,0.0,0.0,0.0,0.0,0.0824275016784668,0.0,0.0
0.0,0.0,0.0,0.0,0.0,0.0,0.0,0.08086323738098145,0.0,0.0
0.0,0.0,0.0,0.0,0.0,0.0,0.0,0.12388277053833008,0.0,0.0
0.0,0.0,0.0,0.0,0.0,0.0,0.0,0.12198019027709961,0.0,0.0
0.0,0.0,0.0,0.0,0.0,0.0,0.0,0.12290668487548828,0.0,0.0
0.0,0.0,0.0,0.0,0.0,0.0,0.0,0.12460756301879883,0.0,0.0
0.0,0.0,0.0,0.0,0.0,0.0,0.0,0.12212610244750977,0.0,0.0
0.0,0.0,0.0,0.0,0.0,0.0,0.0,0.19249558448791504,0.0,0.0
0.0,0.0,0.0,0.0,0.0,0.0,0.0,0.18990087509155273,0.0,0.0
0.0,0.0,0.0,0.0,0.0,0.0,0.0,0.18784809112548828,0.0,0.0
0.0,0.0,0.0,0.0,0.0,0.0,0.0,0.193314790725708,0.0,0.0
0.0,0.0,0.0,0.0,0.0,0.0,0.0,0.19590497016906738,0.0,0.0
0.0,0.0,0.0,0.0,0.0,0.0,0.0,0.29593372344970703,0.0,0.0
0.0,0.0,0.0,0.0,0.0,0.0,0.0,0.28575897216796875,0.0,0.0
0.0,0.0,0.0,0.0,0.0,0.0,0.0,0.28712916374206543,0.0,0.0
0.0,0.0,0.0,0.0,0.0,0.0,0.0,0.2856760025024414,0.0,0.0
0.0,0.0,0.0,0.0,0.0,0.0,0.0,0.2834815979003906,0.0,0.0
0.0,0.0,0.0,0.0,0.0,0.0,0.0,0.08772850036621094,0.0,0.0
0.0,0.0,0.0,0.0,0.0,0.0,0.0,0.08807134628295898,0.0,0.0
0.0,0.0,0.0,0.0,0.0,0.0,0.0,0.08891963958740234,0.0,0.0
0.0,0.0,0.0,0.0,0.0,0.0,0.0,0.0887136459350586,0.0,0.0
0.0,0.0,0.0,0.0,0.0,0.0,0.0,0.08811116218566895,0.0,0.0
0.0,0.0,0.0,0.0,0.0,0.0,0.0,0.14118480682373047,0.0,0.0
0.0,0.0,0.0,0.0,0.0,0.0,0.0,0.1409435272216797,0.0,0.0
0.0,0.0,0.0,0.0,0.0,0.0,0.0,0.14243054389953613,0.0,0.0
0.0,0.0,0.0,0.0,0.0,0.0,0.0,0.14377093315124512,0.0,0.0
0.0,0.0,0.0,0.0,0.0,0.0,0.0,0.15090727806091309,0.0,0.0
0.0,0.0,0.0,0.0,0.0,0.0,0.0,0.21072840690612793,0.0,0.0
0.0,0.0,0.0,0.0,0.0,0.0,0.0,0.2102048397064209,0.0,0.0
0.0,0.0,0.0,0.0,0.0,0.0,0.0,0.21948671340942383,0.0,0.0
0.0,0.0,0.0,0.0,0.0,0.0,0.0,0.21659302711486816,0.0,0.0
0.0,0.0,0.0,0.0,0.0,0.0,0.0,0.21295738220214844,0.0,0.0
0.0,0.0,0.0,0.0,0.0,0.0,0.0,0.31964635848999023,0.0,0.0
0.0,0.0,0.0,0.0,0.0,0.0,0.0,0.314359188079834,0.0,0.0
0.0,0.0,0.0,0.0,0.0,0.0,0.0,0.3109283447265625,0.0,0.0
0.0,0.0,0.0,0.0,0.0,0.0,0.0,0.3122527599334717,0.0,0.0
0.0,0.0,0.0,0.0,0.0,0.0,0.0,0.31415820121765137,0.0,0.0
0.0,0.0,0.0,0.0,0.0,0.0,0.0,0.4366440773010254,0.0,0.0
0.0,0.0,0.0,0.0,0.0,0.0,0.0,0.43038272857666016,0.0,0.0
0.0,0.0,0.0,0.0,0.0,0.0,0.0,0.42988014221191406,0.0,0.0
0.0,0.0,0.0,0.0,0.0,0.0,0.0,0.44750070571899414,0.0,0.0
0.0,0.0,0.0,0.0,0.0,0.0,0.0,0.4341850280761719,0.0,0.0
0.0,0.0,0.0,0.0,0.0,0.0,0.0,0.15902352333068848,0.0,0.0
0.0,0.0,0.0,0.0,0.0,0.0,0.0,0.16067981719970703,0.0,0.0
0.0,0.0,0.0,0.0,0.0,0.0,0.0,0.16488862037658691,0.0,0.0
0.0,0.0,0.0,0.0,0.0,0.0,0.0,0.15770888328552246,0.0,0.0
0.0,0.0,0.0,0.0,0.0,0.0,0.0,0.1753532886505127,0.0,0.0
0.0,0.0,0.0,0.0,0.0,0.0,0.0,0.277543306350708,0.0,0.0
0.0,0.0,0.0,0.0,0.0,0.0,0.0,0.26096606254577637,0.0,0.0
0.0,0.0,0.0,0.0,0.0,0.0,0.0,0.2641725540161133,0.0,0.0
0.0,0.0,0.0,0.0,0.0,0.0,0.0,0.2636094093322754,0.0,0.0
0.0,0.0,0.0,0.0,0.0,0.0,0.0,0.26030397415161133,0.0,0.0
0.0,0.0,0.0,0.0,0.0,0.0,0.0,0.37561869621276855,0.0,0.0
0.0,0.0,0.0,0.0,0.0,0.0,0.0,0.3672051429748535,0.0,0.0
0.0,0.0,0.0,0.0,0.0,0.0,0.0,0.3785672187805176,0.0,0.0
0.0,0.0,0.0,0.0,0.0,0.0,0.0,0.36920166015625,0.0,0.0
0.0,0.0,0.0,0.0,0.0,0.0,0.0,0.37508678436279297,0.0,0.0
0.0,0.0,0.0,0.0,0.0,0.0,0.0,0.5335264205932617,0.0,0.0
0.0,0.0,0.0,0.0,0.0,0.0,0.0,0.5348248481750488,0.0,0.0
0.0,0.0,0.0,0.0,0.0,0.0,0.0,0.5311002731323242,0.0,0.0
0.0,0.0,0.0,0.0,0.0,0.0,0.0,0.5291836261749268,0.0,0.0
0.0,0.0,0.0,0.0,0.0,0.0,0.0,0.5311555862426758,0.0,0.0
0.0,0.0,0.0,0.0,0.0,0.0,0.0,0.6740353107452393,0.0,0.0
0.0,0.0,0.0,0.0,0.0,0.0,0.0,0.6788778305053711,0.0,0.0
0.0,0.0,0.0,0.0,0.0,0.0,0.0,0.6779830455780029,0.0,0.0
0.0,0.0,0.0,0.0,0.0,0.0,0.0,0.6736166477203369,0.0,0.0
0.0,0.0,0.0,0.0,0.0,0.0,0.0,0.6871864795684814,0.0,0.0
0.0,0.0,0.0,0.0,0.0,0.0,0.0,0.30155158042907715,0.0,0.0
0.0,0.0,0.0,0.0,0.0,0.0,0.0,0.29872608184814453,0.0,0.0
0.0,0.0,0.0,0.0,0.0,0.0,0.0,0.29723620414733887,0.0,0.0
0.0,0.0,0.0,0.0,0.0,0.0,0.0,0.3014073371887207,0.0,0.0
0.0,0.0,0.0,0.0,0.0,0.0,0.0,0.30229783058166504,0.0,0.0
0.0,0.0,0.0,0.0,0.0,0.0,0.0,0.47734951972961426,0.0,0.0
0.0,0.0,0.0,0.0,0.0,0.0,0.0,0.47954416275024414,0.0,0.0
0.0,0.0,0.0,0.0,0.0,0.0,0.0,0.48093676567077637,0.0,0.0
0.0,0.0,0.0,0.0,0.0,0.0,0.0,0.4849364757537842,0.0,0.0
0.0,0.0,0.0,0.0,0.0,0.0,0.0,0.47202634811401367,0.0,0.0
0.0,0.0,0.0,0.0,0.0,0.0,0.0,0.6728634834289551,0.0,0.0
0.0,0.0,0.0,0.0,0.0,0.0,0.0,0.6777675151824951,0.0,0.0
0.0,0.0,0.0,0.0,0.0,0.0,0.0,0.6896226406097412,0.0,0.0
0.0,0.0,0.0,0.0,0.0,0.0,0.0,0.6775388717651367,0.0,0.0
0.0,0.0,0.0,0.0,0.0,0.0,0.0,0.6853303909301758,0.0,0.0
0.0,0.0,0.0,0.0,0.0,0.0,0.0,0.9273834228515625,0.0,0.0
0.0,0.0,0.0,0.0,0.0,0.0,0.0,0.9168233871459961,0.0,0.0
0.0,0.0,0.0,0.0,0.0,0.0,0.0,0.9183990955352783,0.0,0.0
0.0,0.0,0.0,0.0,0.0,0.0,0.0,0.9041883945465088,0.0,0.0
0.0,0.0,0.0,0.0,0.0,0.0,0.0,0.9195489883422852,0.0,0.0
0.0,0.0,0.0,0.0,0.0,0.0,0.0,1.1195018291473389,0.0,0.0
0.0,0.0,0.0,0.0,0.0,0.0,0.0,1.123253345489502,0.0,0.0
0.0,0.0,0.0,0.0,0.0,0.0,0.0,1.1188602447509766,0.0,0.0
0.0,0.0,0.0,0.0,0.0,0.0,0.0,1.1196396350860596,0.0,0.0
0.0,0.0,0.0,0.0,0.0,0.0,0.0,1.1223835945129395,0.0,0.0
0.0,0.0,0.0,0.0,0.0,0.0,0.0,0.552565336227417,0.0,0.0
0.0,0.0,0.0,0.0,0.0,0.0,0.0,0.5354793071746826,0.0,0.0
0.0,0.0,0.0,0.0,0.0,0.0,0.0,0.549994707107544,0.0,0.0
0.0,0.0,0.0,0.0,0.0,0.0,0.0,0.5482137203216553,0.0,0.0
0.0,0.0,0.0,0.0,0.0,0.0,0.0,0.5592319965362549,0.0,0.0
0.0,0.0,0.0,0.0,0.0,0.0,0.0,0.886322021484375,0.0,0.0
0.0,0.0,0.0,0.0,0.0,0.0,0.0,0.8896398544311523,0.0,0.0
0.0,0.0,0.0,0.0,0.0,0.0,0.0,0.8970260620117188,0.0,0.0
0.0,0.0,0.0,0.0,0.0,0.0,0.0,0.88887619972229,0.0,0.0
0.0,0.0,0.0,0.0,0.0,0.0,0.0,0.8930625915527344,0.0,0.0
0.0,0.0,0.0,0.0,0.0,0.0,0.0,1.2312426567077637,0.0,0.0
0.0,0.0,0.0,0.0,0.0,0.0,0.0,1.232508897781372,0.0,0.0
0.0,0.0,0.0,0.0,0.0,0.0,0.0,1.2255964279174805,0.0,0.0
0.0,0.0,0.0,0.0,0.0,0.0,0.0,1.233482837677002,0.0,0.0
0.0,0.0,0.0,0.0,0.0,0.0,0.0,1.248124122619629,0.0,0.0
0.0,0.0,0.0,0.0,0.0,0.0,0.0,1.6644690036773682,0.0,0.0
0.0,0.0,0.0,0.0,0.0,0.0,0.0,1.6419382095336914,0.0,0.0
0.0,0.0,0.0,0.0,0.0,0.0,0.0,1.6249358654022217,0.0,0.0
0.0,0.0,0.0,0.0,0.0,0.0,0.0,1.632669448852539,0.0,0.0
0.0,0.0,0.0,0.0,0.0,0.0,0.0,1.6392161846160889,0.0,0.0
0.0,0.0,0.0,0.0,0.0,0.0,0.0,2.0469815731048584,0.0,0.0
0.0,0.0,0.0,0.0,0.0,0.0,0.0,2.053408622741699,0.0,0.0
0.0,0.0,0.0,0.0,0.0,0.0,0.0,2.0235819816589355,0.0,0.0
0.0,0.0,0.0,0.0,0.0,0.0,0.0,2.0073812007904053,0.0,0.0
0.0,0.0,0.0,0.0,0.0,0.0,0.0,2.0124590396881104,0.0,0.0
0.0,0.0,0.0,0.0,0.0,0.0,0.0,1.0025949478149414,0.0,0.0
0.0,0.0,0.0,0.0,0.0,0.0,0.0,0.9996337890625,0.0,0.0
0.0,0.0,0.0,0.0,0.0,0.0,0.0,1.0211660861968994,0.0,0.0
0.0,0.0,0.0,0.0,0.0,0.0,0.0,1.0288429260253906,0.0,0.0
0.0,0.0,0.0,0.0,0.0,0.0,0.0,0.9898886680603027,0.0,0.0
0.0,0.0,0.0,0.0,0.0,0.0,0.0,1.604276418685913,0.0,0.0
0.0,0.0,0.0,0.0,0.0,0.0,0.0,1.6100378036499023,0.0,0.0
0.0,0.0,0.0,0.0,0.0,0.0,0.0,1.6273996829986572,0.0,0.0
0.0,0.0,0.0,0.0,0.0,0.0,0.0,1.6784827709197998,0.0,0.0
0.0,0.0,0.0,0.0,0.0,0.0,0.0,1.617569923400879,0.0,0.0
0.0,0.0,0.0,0.0,0.0,0.0,0.0,2.3109488487243652,0.0,0.0
0.0,0.0,0.0,0.0,0.0,0.0,0.0,2.269904613494873,0.0,0.0
0.0,0.0,0.0,0.0,0.0,0.0,0.0,2.269960641860962,0.0,0.0
0.0,0.0,0.0,0.0,0.0,0.0,0.0,2.2574939727783203,0.0,0.0
0.0,0.0,0.0,0.0,0.0,0.0,0.0,2.271743059158325,0.0,0.0
0.0,0.0,0.0,0.0,0.0,0.0,0.0,3.084019184112549,0.0,0.0
0.0,0.0,0.0,0.0,0.0,0.0,0.0,3.1123313903808594,0.0,0.0
0.0,0.0,0.0,0.0,0.0,0.0,0.0,3.012453079223633,0.0,0.0
0.0,0.0,0.0,0.0,0.0,0.0,0.0,3.0419859886169434,0.0,0.0
0.0,0.0,0.0,0.0,0.0,0.0,0.0,3.0533549785614014,0.0,0.0
0.0,0.0,0.0,0.0,0.0,0.0,0.0,3.855294942855835,0.0,0.0
0.0,0.0,0.0,0.0,0.0,0.0,0.0,3.802842378616333,0.0,0.0
0.0,0.0,0.0,0.0,0.0,0.0,0.0,3.779041290283203,0.0,0.0
0.0,0.0,0.0,0.0,0.0,0.0,0.0,3.798604965209961,0.0,0.0
0.0,0.0,0.0,0.0,0.0,0.0,0.0,3.777806043624878,0.0,0.0
0.0,0.0,0.0,0.0,0.0,0.0,0.0,1.8236510753631592,0.0,0.0
0.0,0.0,0.0,0.0,0.0,0.0,0.0,1.8125207424163818,0.0,0.0
0.0,0.0,0.0,0.0,0.0,0.0,0.0,1.8447201251983643,0.0,0.0
0.0,0.0,0.0,0.0,0.0,0.0,0.0,1.855975866317749,0.0,0.0
0.0,0.0,0.0,0.0,0.0,0.0,0.0,1.8173644542694092,0.0,0.0
0.0,0.0,0.0,0.0,0.0,0.0,0.0,2.916792392730713,0.0,0.0
0.0,0.0,0.0,0.0,0.0,0.0,0.0,2.917167901992798,0.0,0.0
0.0,0.0,0.0,0.0,0.0,0.0,0.0,2.951815366744995,0.0,0.0
0.0,0.0,0.0,0.0,0.0,0.0,0.0,2.929598331451416,0.0,0.0
0.0,0.0,0.0,0.0,0.0,0.0,0.0,2.922020673751831,0.0,0.0
0.0,0.0,0.0,0.0,0.0,0.0,0.0,4.171525955200195,0.0,0.0
0.0,0.0,0.0,0.0,0.0,0.0,0.0,4.0645177364349365,0.0,0.0
0.0,0.0,0.0,0.0,0.0,0.0,0.0,4.014418840408325,0.0,0.0
0.0,0.0,0.0,0.0,0.0,0.0,0.0,4.049508333206177,0.0,0.0
0.0,0.0,0.0,0.0,0.0,0.0,0.0,3.9973483085632324,0.0,0.0
0.0,0.0,0.0,0.0,0.0,0.0,0.0,5.315217971801758,0.0,0.0
0.0,0.0,0.0,0.0,0.0,0.0,0.0,5.194223642349243,0.0,0.0
0.0,0.0,0.0,0.0,0.0,0.0,0.0,5.19713020324707,0.0,0.0
0.0,0.0,0.0,0.0,0.0,0.0,0.0,5.197415113449097,0.0,0.0
0.0,0.0,0.0,0.0,0.0,0.0,0.0,5.18730616569519,0.0,0.0
0.0,0.0,0.0,0.0,0.0,0.0,0.0,6.999053716659546,0.0,0.0
0.0,0.0,0.0,0.0,0.0,0.0,0.0,6.859463691711426,0.0,0.0
0.0,0.0,0.0,0.0,0.0,0.0,0.0,6.86160135269165,0.0,0.0
0.0,0.0,0.0,0.0,0.0,0.0,0.0,6.955620765686035,0.0,0.0
0.0,0.0,0.0,0.0,0.0,0.0,0.0,7.103846549987793,0.0,0.0
0.0,0.0,0.0,0.0,0.0,0.0,0.0,3.3360142707824707,0.0,0.0
0.0,0.0,0.0,0.0,0.0,0.0,0.0,3.375767946243286,0.0,0.0
0.0,0.0,0.0,0.0,0.0,0.0,0.0,3.3571670055389404,0.0,0.0
0.0,0.0,0.0,0.0,0.0,0.0,0.0,3.321183204650879,0.0,0.0
0.0,0.0,0.0,0.0,0.0,0.0,0.0,3.389927625656128,0.0,0.0
0.0,0.0,0.0,0.0,0.0,0.0,0.0,5.4669458866119385,0.0,0.0
0.0,0.0,0.0,0.0,0.0,0.0,0.0,5.394882678985596,0.0,0.0
0.0,0.0,0.0,0.0,0.0,0.0,0.0,5.489607572555542,0.0,0.0
0.0,0.0,0.0,0.0,0.0,0.0,0.0,5.4521894454956055,0.0,0.0
0.0,0.0,0.0,0.0,0.0,0.0,0.0,5.400365829467773,0.0,0.0
0.0,0.0,0.0,0.0,0.0,0.0,0.0,8.150137901306152,0.0,0.0
0.0,0.0,0.0,0.0,0.0,0.0,0.0,8.103425741195679,0.0,0.0
0.0,0.0,0.0,0.0,0.0,0.0,0.0,8.06287693977356,0.0,0.0
0.0,0.0,0.0,0.0,0.0,0.0,0.0,8.359332084655762,0.0,0.0
0.0,0.0,0.0,0.0,0.0,0.0,0.0,8.158790826797485,0.0,0.0
0.0,0.0,0.0,0.0,0.0,0.0,0.0,10.886562824249268,0.0,0.0
0.0,0.0,0.0,0.0,0.0,0.0,0.0,10.250704050064087,0.0,0.0
0.0,0.0,0.0,0.0,0.0,0.0,0.0,10.269874811172485,0.0,0.0
0.0,0.0,0.0,0.0,0.0,0.0,0.0,10.381081104278564,0.0,0.0
0.0,0.0,0.0,0.0,0.0,0.0,0.0,10.414614915847778,0.0,0.0
0.0,0.0,0.0,0.0,0.0,0.0,0.0,22.378118991851807,0.0,0.0
0.0,0.0,0.0,0.0,0.0,0.0,0.0,13.736496448516846,0.0,0.0
0.0,0.0,0.0,0.0,0.0,0.0,0.0,13.401265859603882,0.0,0.0
0.0,0.0,0.0,0.0,0.0,0.0,0.0,13.290270566940308,0.0,0.0
0.0,0.0,0.0,0.0,0.0,0.0,0.0,13.271255731582642,0.0,0.0
0.0,0.0,0.0,0.0,0.0,0.0,0.0,0.0027513504028320312,0.0,0.0
0.0,0.0,0.0,0.0,0.0,0.0,0.0,0.0017857551574707031,0.0,0.0
0.0,0.0,0.0,0.0,0.0,0.0,0.0,0.0015974044799804688,0.0,0.0
0.0,0.0,0.0,0.0,0.0,0.0,0.0,0.0015189647674560547,0.0,0.0
0.0,0.0,0.0,0.0,0.0,0.0,0.0,0.0015456676483154297,0.0,0.0
0.0,0.0,0.0,0.0,0.0,0.0,0.0,0.004884004592895508,0.0,0.0
0.0,0.0,0.0,0.0,0.0,0.0,0.0,0.0038499832153320312,0.0,0.0
0.0,0.0,0.0,0.0,0.0,0.0,0.0,0.0042877197265625,0.0,0.0
0.0,0.0,0.0,0.0,0.0,0.0,0.0,0.004484653472900391,0.0,0.0
0.0,0.0,0.0,0.0,0.0,0.0,0.0,0.004781007766723633,0.0,0.0
0.0,0.0,0.0,0.0,0.0,0.0,0.0,0.006092548370361328,0.0,0.0
0.0,0.0,0.0,0.0,0.0,0.0,0.0,0.005721092224121094,0.0,0.0
0.0,0.0,0.0,0.0,0.0,0.0,0.0,0.0057811737060546875,0.0,0.0
0.0,0.0,0.0,0.0,0.0,0.0,0.0,0.005837917327880859,0.0,0.0
0.0,0.0,0.0,0.0,0.0,0.0,0.0,0.00603795051574707,0.0,0.0
0.0,0.0,0.0,0.0,0.0,0.0,0.0,0.009139537811279297,0.0,0.0
0.0,0.0,0.0,0.0,0.0,0.0,0.0,0.009151458740234375,0.0,0.0
0.0,0.0,0.0,0.0,0.0,0.0,0.0,0.008762121200561523,0.0,0.0
0.0,0.0,0.0,0.0,0.0,0.0,0.0,0.008428573608398438,0.0,0.0
0.0,0.0,0.0,0.0,0.0,0.0,0.0,0.00852513313293457,0.0,0.0
0.0,0.0,0.0,0.0,0.0,0.0,0.0,0.010833024978637695,0.0,0.0
0.0,0.0,0.0,0.0,0.0,0.0,0.0,0.01091146469116211,0.0,0.0
0.0,0.0,0.0,0.0,0.0,0.0,0.0,0.012585163116455078,0.0,0.0
0.0,0.0,0.0,0.0,0.0,0.0,0.0,0.011259078979492188,0.0,0.0
0.0,0.0,0.0,0.0,0.0,0.0,0.0,0.012663602828979492,0.0,0.0
0.0,0.0,0.0,0.0,0.0,0.0,0.0,0.0017409324645996094,0.0,0.0
0.0,0.0,0.0,0.0,0.0,0.0,0.0,0.0018286705017089844,0.0,0.0
0.0,0.0,0.0,0.0,0.0,0.0,0.0,0.0021004676818847656,0.0,0.0
0.0,0.0,0.0,0.0,0.0,0.0,0.0,0.0016369819641113281,0.0,0.0
0.0,0.0,0.0,0.0,0.0,0.0,0.0,0.001703500747680664,0.0,0.0
0.0,0.0,0.0,0.0,0.0,0.0,0.0,0.00439453125,0.0,0.0
0.0,0.0,0.0,0.0,0.0,0.0,0.0,0.0041925907135009766,0.0,0.0
0.0,0.0,0.0,0.0,0.0,0.0,0.0,0.004530429840087891,0.0,0.0
0.0,0.0,0.0,0.0,0.0,0.0,0.0,0.004572868347167969,0.0,0.0
0.0,0.0,0.0,0.0,0.0,0.0,0.0,0.004250526428222656,0.0,0.0
0.0,0.0,0.0,0.0,0.0,0.0,0.0,0.006233930587768555,0.0,0.0
0.0,0.0,0.0,0.0,0.0,0.0,0.0,0.006017208099365234,0.0,0.0
0.0,0.0,0.0,0.0,0.0,0.0,0.0,0.0060405731201171875,0.0,0.0
0.0,0.0,0.0,0.0,0.0,0.0,0.0,0.005979061126708984,0.0,0.0
0.0,0.0,0.0,0.0,0.0,0.0,0.0,0.006056070327758789,0.0,0.0
0.0,0.0,0.0,0.0,0.0,0.0,0.0,0.006896018981933594,0.0,0.0
0.0,0.0,0.0,0.0,0.0,0.0,0.0,0.006806612014770508,0.0,0.0
0.0,0.0,0.0,0.0,0.0,0.0,0.0,0.006573677062988281,0.0,0.0
0.0,0.0,0.0,0.0,0.0,0.0,0.0,0.00677180290222168,0.0,0.0
0.0,0.0,0.0,0.0,0.0,0.0,0.0,0.0065517425537109375,0.0,0.0
0.0,0.0,0.0,0.0,0.0,0.0,0.0,0.007528543472290039,0.0,0.0
0.0,0.0,0.0,0.0,0.0,0.0,0.0,0.007399559020996094,0.0,0.0
0.0,0.0,0.0,0.0,0.0,0.0,0.0,0.007605314254760742,0.0,0.0
0.0,0.0,0.0,0.0,0.0,0.0,0.0,0.008268356323242188,0.0,0.0
0.0,0.0,0.0,0.0,0.0,0.0,0.0,0.007264614105224609,0.0,0.0
0.0,0.0,0.0,0.0,0.0,0.0,0.0,0.0017852783203125,0.0,0.0
0.0,0.0,0.0,0.0,0.0,0.0,0.0,0.001786947250366211,0.0,0.0
0.0,0.0,0.0,0.0,0.0,0.0,0.0,0.0017724037170410156,0.0,0.0
0.0,0.0,0.0,0.0,0.0,0.0,0.0,0.0017178058624267578,0.0,0.0
0.0,0.0,0.0,0.0,0.0,0.0,0.0,0.002084493637084961,0.0,0.0
0.0,0.0,0.0,0.0,0.0,0.0,0.0,0.004426240921020508,0.0,0.0
0.0,0.0,0.0,0.0,0.0,0.0,0.0,0.004615306854248047,0.0,0.0
0.0,0.0,0.0,0.0,0.0,0.0,0.0,0.0046155452728271484,0.0,0.0
0.0,0.0,0.0,0.0,0.0,0.0,0.0,0.0046045780181884766,0.0,0.0
0.0,0.0,0.0,0.0,0.0,0.0,0.0,0.00477290153503418,0.0,0.0
0.0,0.0,0.0,0.0,0.0,0.0,0.0,0.007433652877807617,0.0,0.0
0.0,0.0,0.0,0.0,0.0,0.0,0.0,0.007777690887451172,0.0,0.0
0.0,0.0,0.0,0.0,0.0,0.0,0.0,0.007712602615356445,0.0,0.0
0.0,0.0,0.0,0.0,0.0,0.0,0.0,0.008111953735351562,0.0,0.0
0.0,0.0,0.0,0.0,0.0,0.0,0.0,0.0074770450592041016,0.0,0.0
0.0,0.0,0.0,0.0,0.0,0.0,0.0,0.010992288589477539,0.0,0.0
0.0,0.0,0.0,0.0,0.0,0.0,0.0,0.010747909545898438,0.0,0.0
0.0,0.0,0.0,0.0,0.0,0.0,0.0,0.01067805290222168,0.0,0.0
0.0,0.0,0.0,0.0,0.0,0.0,0.0,0.010748863220214844,0.0,0.0
0.0,0.0,0.0,0.0,0.0,0.0,0.0,0.010615348815917969,0.0,0.0
0.0,0.0,0.0,0.0,0.0,0.0,0.0,0.011224031448364258,0.0,0.0
0.0,0.0,0.0,0.0,0.0,0.0,0.0,0.010778188705444336,0.0,0.0
0.0,0.0,0.0,0.0,0.0,0.0,0.0,0.011804819107055664,0.0,0.0
0.0,0.0,0.0,0.0,0.0,0.0,0.0,0.010814189910888672,0.0,0.0
0.0,0.0,0.0,0.0,0.0,0.0,0.0,0.011132001876831055,0.0,0.0
0.0,0.0,0.0,0.0,0.0,0.0,0.0,0.0018458366394042969,0.0,0.0
0.0,0.0,0.0,0.0,0.0,0.0,0.0,0.0022656917572021484,0.0,0.0
0.0,0.0,0.0,0.0,0.0,0.0,0.0,0.0018496513366699219,0.0,0.0
0.0,0.0,0.0,0.0,0.0,0.0,0.0,0.0020847320556640625,0.0,0.0
0.0,0.0,0.0,0.0,0.0,0.0,0.0,0.0018155574798583984,0.0,0.0
0.0,0.0,0.0,0.0,0.0,0.0,0.0,0.00557708740234375,0.0,0.0
0.0,0.0,0.0,0.0,0.0,0.0,0.0,0.0055468082427978516,0.0,0.0
0.0,0.0,0.0,0.0,0.0,0.0,0.0,0.00556492805480957,0.0,0.0
0.0,0.0,0.0,0.0,0.0,0.0,0.0,0.005558013916015625,0.0,0.0
0.0,0.0,0.0,0.0,0.0,0.0,0.0,0.005411386489868164,0.0,0.0
0.0,0.0,0.0,0.0,0.0,0.0,0.0,0.011134147644042969,0.0,0.0
0.0,0.0,0.0,0.0,0.0,0.0,0.0,0.01061105728149414,0.0,0.0
0.0,0.0,0.0,0.0,0.0,0.0,0.0,0.010617971420288086,0.0,0.0
0.0,0.0,0.0,0.0,0.0,0.0,0.0,0.010206222534179688,0.0,0.0
0.0,0.0,0.0,0.0,0.0,0.0,0.0,0.011777877807617188,0.0,0.0
0.0,0.0,0.0,0.0,0.0,0.0,0.0,0.016599416732788086,0.0,0.0
0.0,0.0,0.0,0.0,0.0,0.0,0.0,0.016805648803710938,0.0,0.0
0.0,0.0,0.0,0.0,0.0,0.0,0.0,0.016376018524169922,0.0,0.0
0.0,0.0,0.0,0.0,0.0,0.0,0.0,0.01639103889465332,0.0,0.0
0.0,0.0,0.0,0.0,0.0,0.0,0.0,0.016489744186401367,0.0,0.0
0.0,0.0,0.0,0.0,0.0,0.0,0.0,0.02510523796081543,0.0,0.0
0.0,0.0,0.0,0.0,0.0,0.0,0.0,0.025957822799682617,0.0,0.0
0.0,0.0,0.0,0.0,0.0,0.0,0.0,0.025628089904785156,0.0,0.0
0.0,0.0,0.0,0.0,0.0,0.0,0.0,0.025599241256713867,0.0,0.0
0.0,0.0,0.0,0.0,0.0,0.0,0.0,0.025768280029296875,0.0,0.0
0.0,0.0,0.0,0.0,0.0,0.0,0.0,0.0020110607147216797,0.0,0.0
0.0,0.0,0.0,0.0,0.0,0.0,0.0,0.0021431446075439453,0.0,0.0
0.0,0.0,0.0,0.0,0.0,0.0,0.0,0.0022542476654052734,0.0,0.0
0.0,0.0,0.0,0.0,0.0,0.0,0.0,0.0021550655364990234,0.0,0.0
0.0,0.0,0.0,0.0,0.0,0.0,0.0,0.002191305160522461,0.0,0.0
0.0,0.0,0.0,0.0,0.0,0.0,0.0,0.006394147872924805,0.0,0.0
0.0,0.0,0.0,0.0,0.0,0.0,0.0,0.006335020065307617,0.0,0.0
0.0,0.0,0.0,0.0,0.0,0.0,0.0,0.006453037261962891,0.0,0.0
0.0,0.0,0.0,0.0,0.0,0.0,0.0,0.006090402603149414,0.0,0.0
0.0,0.0,0.0,0.0,0.0,0.0,0.0,0.006060361862182617,0.0,0.0
0.0,0.0,0.0,0.0,0.0,0.0,0.0,0.013277053833007812,0.0,0.0
0.0,0.0,0.0,0.0,0.0,0.0,0.0,0.013272762298583984,0.0,0.0
0.0,0.0,0.0,0.0,0.0,0.0,0.0,0.014025211334228516,0.0,0.0
0.0,0.0,0.0,0.0,0.0,0.0,0.0,0.013819217681884766,0.0,0.0
0.0,0.0,0.0,0.0,0.0,0.0,0.0,0.013573646545410156,0.0,0.0
0.0,0.0,0.0,0.0,0.0,0.0,0.0,0.021123409271240234,0.0,0.0
0.0,0.0,0.0,0.0,0.0,0.0,0.0,0.021341323852539062,0.0,0.0
0.0,0.0,0.0,0.0,0.0,0.0,0.0,0.02152562141418457,0.0,0.0
0.0,0.0,0.0,0.0,0.0,0.0,0.0,0.02221536636352539,0.0,0.0
0.0,0.0,0.0,0.0,0.0,0.0,0.0,0.020823240280151367,0.0,0.0
0.0,0.0,0.0,0.0,0.0,0.0,0.0,0.023609399795532227,0.0,0.0
0.0,0.0,0.0,0.0,0.0,0.0,0.0,0.023305892944335938,0.0,0.0
0.0,0.0,0.0,0.0,0.0,0.0,0.0,0.024997949600219727,0.0,0.0
0.0,0.0,0.0,0.0,0.0,0.0,0.0,0.02351999282836914,0.0,0.0
0.0,0.0,0.0,0.0,0.0,0.0,0.0,0.023343801498413086,0.0,0.0
0.0,0.0,0.0,0.0,0.0,0.0,0.0,0.002717256546020508,0.0,0.0
0.0,0.0,0.0,0.0,0.0,0.0,0.0,0.002593994140625,0.0,0.0
0.0,0.0,0.0,0.0,0.0,0.0,0.0,0.002595663070678711,0.0,0.0
0.0,0.0,0.0,0.0,0.0,0.0,0.0,0.003366708755493164,0.0,0.0
0.0,0.0,0.0,0.0,0.0,0.0,0.0,0.002735137939453125,0.0,0.0
0.0,0.0,0.0,0.0,0.0,0.0,0.0,0.008014678955078125,0.0,0.0
0.0,0.0,0.0,0.0,0.0,0.0,0.0,0.0078046321868896484,0.0,0.0
0.0,0.0,0.0,0.0,0.0,0.0,0.0,0.00745844841003418,0.0,0.0
0.0,0.0,0.0,0.0,0.0,0.0,0.0,0.007531642913818359,0.0,0.0
0.0,0.0,0.0,0.0,0.0,0.0,0.0,0.007838010787963867,0.0,0.0
0.0,0.0,0.0,0.0,0.0,0.0,0.0,0.019672632217407227,0.0,0.0
0.0,0.0,0.0,0.0,0.0,0.0,0.0,0.020092248916625977,0.0,0.0
0.0,0.0,0.0,0.0,0.0,0.0,0.0,0.019931554794311523,0.0,0.0
0.0,0.0,0.0,0.0,0.0,0.0,0.0,0.020056486129760742,0.0,0.0
0.0,0.0,0.0,0.0,0.0,0.0,0.0,0.020319700241088867,0.0,0.0
0.0,0.0,0.0,0.0,0.0,0.0,0.0,0.03990650177001953,0.0,0.0
0.0,0.0,0.0,0.0,0.0,0.0,0.0,0.03534245491027832,0.0,0.0
0.0,0.0,0.0,0.0,0.0,0.0,0.0,0.0359649658203125,0.0,0.0
0.0,0.0,0.0,0.0,0.0,0.0,0.0,0.0413823127746582,0.0,0.0
0.0,0.0,0.0,0.0,0.0,0.0,0.0,0.03714752197265625,0.0,0.0
0.0,0.0,0.0,0.0,0.0,0.0,0.0,0.049445152282714844,0.0,0.0
0.0,0.0,0.0,0.0,0.0,0.0,0.0,0.04937100410461426,0.0,0.0
0.0,0.0,0.0,0.0,0.0,0.0,0.0,0.04824113845825195,0.0,0.0
0.0,0.0,0.0,0.0,0.0,0.0,0.0,0.04876589775085449,0.0,0.0
0.0,0.0,0.0,0.0,0.0,0.0,0.0,0.048618316650390625,0.0,0.0
0.0,0.0,0.0,0.0,0.0,0.0,0.0,0.0033626556396484375,0.0,0.0
0.0,0.0,0.0,0.0,0.0,0.0,0.0,0.0035965442657470703,0.0,0.0
0.0,0.0,0.0,0.0,0.0,0.0,0.0,0.0037038326263427734,0.0,0.0
0.0,0.0,0.0,0.0,0.0,0.0,0.0,0.0035583972930908203,0.0,0.0
0.0,0.0,0.0,0.0,0.0,0.0,0.0,0.0033550262451171875,0.0,0.0
0.0,0.0,0.0,0.0,0.0,0.0,0.0,0.010172128677368164,0.0,0.0
0.0,0.0,0.0,0.0,0.0,0.0,0.0,0.010654687881469727,0.0,0.0
0.0,0.0,0.0,0.0,0.0,0.0,0.0,0.010602474212646484,0.0,0.0
0.0,0.0,0.0,0.0,0.0,0.0,0.0,0.010267972946166992,0.0,0.0
0.0,0.0,0.0,0.0,0.0,0.0,0.0,0.010509729385375977,0.0,0.0
0.0,0.0,0.0,0.0,0.0,0.0,0.0,0.02766704559326172,0.0,0.0
0.0,0.0,0.0,0.0,0.0,0.0,0.0,0.02660989761352539,0.0,0.0
0.0,0.0,0.0,0.0,0.0,0.0,0.0,0.026515960693359375,0.0,0.0
0.0,0.0,0.0,0.0,0.0,0.0,0.0,0.026120662689208984,0.0,0.0
0.0,0.0,0.0,0.0,0.0,0.0,0.0,0.02570199966430664,0.0,0.0
0.0,0.0,0.0,0.0,0.0,0.0,0.0,0.04425930976867676,0.0,0.0
0.0,0.0,0.0,0.0,0.0,0.0,0.0,0.044119834899902344,0.0,0.0
0.0,0.0,0.0,0.0,0.0,0.0,0.0,0.04273653030395508,0.0,0.0
0.0,0.0,0.0,0.0,0.0,0.0,0.0,0.044734954833984375,0.0,0.0
0.0,0.0,0.0,0.0,0.0,0.0,0.0,0.0443263053894043,0.0,0.0
0.0,0.0,0.0,0.0,0.0,0.0,0.0,0.06942200660705566,0.0,0.0
0.0,0.0,0.0,0.0,0.0,0.0,0.0,0.06960749626159668,0.0,0.0
0.0,0.0,0.0,0.0,0.0,0.0,0.0,0.07247781753540039,0.0,0.0
0.0,0.0,0.0,0.0,0.0,0.0,0.0,0.06759309768676758,0.0,0.0
0.0,0.0,0.0,0.0,0.0,0.0,0.0,0.0704960823059082,0.0,0.0
0.0,0.0,0.0,0.0,0.0,0.0,0.0,0.005011558532714844,0.0,0.0
0.0,0.0,0.0,0.0,0.0,0.0,0.0,0.005045175552368164,0.0,0.0
0.0,0.0,0.0,0.0,0.0,0.0,0.0,0.005233287811279297,0.0,0.0
0.0,0.0,0.0,0.0,0.0,0.0,0.0,0.0052700042724609375,0.0,0.0
0.0,0.0,0.0,0.0,0.0,0.0,0.0,0.005257606506347656,0.0,0.0
0.0,0.0,0.0,0.0,0.0,0.0,0.0,0.01524209976196289,0.0,0.0
0.0,0.0,0.0,0.0,0.0,0.0,0.0,0.015761137008666992,0.0,0.0
0.0,0.0,0.0,0.0,0.0,0.0,0.0,0.014777898788452148,0.0,0.0
0.0,0.0,0.0,0.0,0.0,0.0,0.0,0.015107393264770508,0.0,0.0
0.0,0.0,0.0,0.0,0.0,0.0,0.0,0.01557016372680664,0.0,0.0
0.0,0.0,0.0,0.0,0.0,0.0,0.0,0.04926705360412598,0.0,0.0
0.0,0.0,0.0,0.0,0.0,0.0,0.0,0.050820350646972656,0.0,0.0
0.0,0.0,0.0,0.0,0.0,0.0,0.0,0.0482635498046875,0.0,0.0
0.0,0.0,0.0,0.0,0.0,0.0,0.0,0.048544883728027344,0.0,0.0
0.0,0.0,0.0,0.0,0.0,0.0,0.0,0.04744839668273926,0.0,0.0
0.0,0.0,0.0,0.0,0.0,0.0,0.0,0.11128735542297363,0.0,0.0
0.0,0.0,0.0,0.0,0.0,0.0,0.0,0.11074948310852051,0.0,0.0
0.0,0.0,0.0,0.0,0.0,0.0,0.0,0.11028170585632324,0.0,0.0
0.0,0.0,0.0,0.0,0.0,0.0,0.0,0.11020708084106445,0.0,0.0
0.0,0.0,0.0,0.0,0.0,0.0,0.0,0.11008596420288086,0.0,0.0
0.0,0.0,0.0,0.0,0.0,0.0,0.0,0.2248396873474121,0.0,0.0
0.0,0.0,0.0,0.0,0.0,0.0,0.0,0.22128510475158691,0.0,0.0
0.0,0.0,0.0,0.0,0.0,0.0,0.0,0.220231294631958,0.0,0.0
0.0,0.0,0.0,0.0,0.0,0.0,0.0,0.21771574020385742,0.0,0.0
0.0,0.0,0.0,0.0,0.0,0.0,0.0,0.22002577781677246,0.0,0.0
0.0,0.0,0.0,0.0,0.0,0.0,0.0,0.007516622543334961,0.0,0.0
0.0,0.0,0.0,0.0,0.0,0.0,0.0,0.007697105407714844,0.0,0.0
0.0,0.0,0.0,0.0,0.0,0.0,0.0,0.00773310661315918,0.0,0.0
0.0,0.0,0.0,0.0,0.0,0.0,0.0,0.00795745849609375,0.0,0.0
0.0,0.0,0.0,0.0,0.0,0.0,0.0,0.007715702056884766,0.0,0.0
0.0,0.0,0.0,0.0,0.0,0.0,0.0,0.023136138916015625,0.0,0.0
0.0,0.0,0.0,0.0,0.0,0.0,0.0,0.0237886905670166,0.0,0.0
0.0,0.0,0.0,0.0,0.0,0.0,0.0,0.023283004760742188,0.0,0.0
0.0,0.0,0.0,0.0,0.0,0.0,0.0,0.023664474487304688,0.0,0.0
0.0,0.0,0.0,0.0,0.0,0.0,0.0,0.0239255428314209,0.0,0.0
0.0,0.0,0.0,0.0,0.0,0.0,0.0,0.08286118507385254,0.0,0.0
0.0,0.0,0.0,0.0,0.0,0.0,0.0,0.07905054092407227,0.0,0.0
0.0,0.0,0.0,0.0,0.0,0.0,0.0,0.07986760139465332,0.0,0.0
0.0,0.0,0.0,0.0,0.0,0.0,0.0,0.08012628555297852,0.0,0.0
0.0,0.0,0.0,0.0,0.0,0.0,0.0,0.07980155944824219,0.0,0.0
0.0,0.0,0.0,0.0,0.0,0.0,0.0,0.241532564163208,0.0,0.0
0.0,0.0,0.0,0.0,0.0,0.0,0.0,0.24120378494262695,0.0,0.0
0.0,0.0,0.0,0.0,0.0,0.0,0.0,0.24017548561096191,0.0,0.0
0.0,0.0,0.0,0.0,0.0,0.0,0.0,0.2593724727630615,0.0,0.0
0.0,0.0,0.0,0.0,0.0,0.0,0.0,0.24456024169921875,0.0,0.0
0.0,0.0,0.0,0.0,0.0,0.0,0.0,0.6596114635467529,0.0,0.0
0.0,0.0,0.0,0.0,0.0,0.0,0.0,0.6463932991027832,0.0,0.0
0.0,0.0,0.0,0.0,0.0,0.0,0.0,0.6555728912353516,0.0,0.0
0.0,0.0,0.0,0.0,0.0,0.0,0.0,0.6622028350830078,0.0,0.0
0.0,0.0,0.0,0.0,0.0,0.0,0.0,0.6418659687042236,0.0,0.0
0.0,0.0,0.0,0.0,0.0,0.0,0.0,0.01237630844116211,0.0,0.0
0.0,0.0,0.0,0.0,0.0,0.0,0.0,0.01275491714477539,0.0,0.0
0.0,0.0,0.0,0.0,0.0,0.0,0.0,0.013188600540161133,0.0,0.0
0.0,0.0,0.0,0.0,0.0,0.0,0.0,0.012812137603759766,0.0,0.0
0.0,0.0,0.0,0.0,0.0,0.0,0.0,0.012581586837768555,0.0,0.0
0.0,0.0,0.0,0.0,0.0,0.0,0.0,0.035852909088134766,0.0,0.0
0.0,0.0,0.0,0.0,0.0,0.0,0.0,0.04107189178466797,0.0,0.0
0.0,0.0,0.0,0.0,0.0,0.0,0.0,0.036742210388183594,0.0,0.0
0.0,0.0,0.0,0.0,0.0,0.0,0.0,0.03653144836425781,0.0,0.0
0.0,0.0,0.0,0.0,0.0,0.0,0.0,0.03666400909423828,0.0,0.0
0.0,0.0,0.0,0.0,0.0,0.0,0.0,0.11712527275085449,0.0,0.0
0.0,0.0,0.0,0.0,0.0,0.0,0.0,0.12070727348327637,0.0,0.0
0.0,0.0,0.0,0.0,0.0,0.0,0.0,0.1212761402130127,0.0,0.0
0.0,0.0,0.0,0.0,0.0,0.0,0.0,0.11945748329162598,0.0,0.0
0.0,0.0,0.0,0.0,0.0,0.0,0.0,0.11952733993530273,0.0,0.0
0.0,0.0,0.0,0.0,0.0,0.0,0.0,0.36607909202575684,0.0,0.0
0.0,0.0,0.0,0.0,0.0,0.0,0.0,0.3715980052947998,0.0,0.0
0.0,0.0,0.0,0.0,0.0,0.0,0.0,0.36209535598754883,0.0,0.0
0.0,0.0,0.0,0.0,0.0,0.0,0.0,0.36977505683898926,0.0,0.0
0.0,0.0,0.0,0.0,0.0,0.0,0.0,0.36826276779174805,0.0,0.0
0.0,0.0,0.0,0.0,0.0,0.0,0.0,0.9371867179870605,0.0,0.0
0.0,0.0,0.0,0.0,0.0,0.0,0.0,0.9346516132354736,0.0,0.0
0.0,0.0,0.0,0.0,0.0,0.0,0.0,0.9435667991638184,0.0,0.0
0.0,0.0,0.0,0.0,0.0,0.0,0.0,0.9428572654724121,0.0,0.0
0.0,0.0,0.0,0.0,0.0,0.0,0.0,0.9419593811035156,0.0,0.0
0.0,0.0,0.0,0.0,0.0,0.0,0.0,0.022544145584106445,0.0,0.0
0.0,0.0,0.0,0.0,0.0,0.0,0.0,0.022696733474731445,0.0,0.0
0.0,0.0,0.0,0.0,0.0,0.0,0.0,0.02216053009033203,0.0,0.0
0.0,0.0,0.0,0.0,0.0,0.0,0.0,0.02249288558959961,0.0,0.0
0.0,0.0,0.0,0.0,0.0,0.0,0.0,0.02336573600769043,0.0,0.0
0.0,0.0,0.0,0.0,0.0,0.0,0.0,0.06496596336364746,0.0,0.0
0.0,0.0,0.0,0.0,0.0,0.0,0.0,0.06447505950927734,0.0,0.0
0.0,0.0,0.0,0.0,0.0,0.0,0.0,0.06628155708312988,0.0,0.0
0.0,0.0,0.0,0.0,0.0,0.0,0.0,0.06558966636657715,0.0,0.0
0.0,0.0,0.0,0.0,0.0,0.0,0.0,0.0664663314819336,0.0,0.0
0.0,0.0,0.0,0.0,0.0,0.0,0.0,0.1924591064453125,0.0,0.0
0.0,0.0,0.0,0.0,0.0,0.0,0.0,0.2059948444366455,0.0,0.0
0.0,0.0,0.0,0.0,0.0,0.0,0.0,0.18957185745239258,0.0,0.0
0.0,0.0,0.0,0.0,0.0,0.0,0.0,0.18839716911315918,0.0,0.0
0.0,0.0,0.0,0.0,0.0,0.0,0.0,0.18670058250427246,0.0,0.0
0.0,0.0,0.0,0.0,0.0,0.0,0.0,0.43230605125427246,0.0,0.0
0.0,0.0,0.0,0.0,0.0,0.0,0.0,0.42577075958251953,0.0,0.0
0.0,0.0,0.0,0.0,0.0,0.0,0.0,0.42293262481689453,0.0,0.0
0.0,0.0,0.0,0.0,0.0,0.0,0.0,0.43012237548828125,0.0,0.0
0.0,0.0,0.0,0.0,0.0,0.0,0.0,0.42226338386535645,0.0,0.0
0.0,0.0,0.0,0.0,0.0,0.0,0.0,0.8439874649047852,0.0,0.0
0.0,0.0,0.0,0.0,0.0,0.0,0.0,0.8591864109039307,0.0,0.0
0.0,0.0,0.0,0.0,0.0,0.0,0.0,0.840935468673706,0.0,0.0
0.0,0.0,0.0,0.0,0.0,0.0,0.0,0.8416903018951416,0.0,0.0
0.0,0.0,0.0,0.0,0.0,0.0,0.0,0.8395824432373047,0.0,0.0
0.0,0.0,0.0,0.0,0.0,0.0,0.0,0.040967702865600586,0.0,0.0
0.0,0.0,0.0,0.0,0.0,0.0,0.0,0.043152570724487305,0.0,0.0
0.0,0.0,0.0,0.0,0.0,0.0,0.0,0.04051375389099121,0.0,0.0
0.0,0.0,0.0,0.0,0.0,0.0,0.0,0.04112720489501953,0.0,0.0
0.0,0.0,0.0,0.0,0.0,0.0,0.0,0.04237651824951172,0.0,0.0
0.0,0.0,0.0,0.0,0.0,0.0,0.0,0.11906003952026367,0.0,0.0
0.0,0.0,0.0,0.0,0.0,0.0,0.0,0.11983799934387207,0.0,0.0
0.0,0.0,0.0,0.0,0.0,0.0,0.0,0.13013863563537598,0.0,0.0
0.0,0.0,0.0,0.0,0.0,0.0,0.0,0.11655473709106445,0.0,0.0
0.0,0.0,0.0,0.0,0.0,0.0,0.0,0.13516950607299805,0.0,0.0
0.0,0.0,0.0,0.0,0.0,0.0,0.0,0.3517634868621826,0.0,0.0
0.0,0.0,0.0,0.0,0.0,0.0,0.0,0.35767388343811035,0.0,0.0
0.0,0.0,0.0,0.0,0.0,0.0,0.0,0.3476402759552002,0.0,0.0
0.0,0.0,0.0,0.0,0.0,0.0,0.0,0.35067176818847656,0.0,0.0
0.0,0.0,0.0,0.0,0.0,0.0,0.0,0.34499120712280273,0.0,0.0
0.0,0.0,0.0,0.0,0.0,0.0,0.0,0.7462637424468994,0.0,0.0
0.0,0.0,0.0,0.0,0.0,0.0,0.0,0.7267172336578369,0.0,0.0
0.0,0.0,0.0,0.0,0.0,0.0,0.0,0.7404041290283203,0.0,0.0
0.0,0.0,0.0,0.0,0.0,0.0,0.0,0.7244277000427246,0.0,0.0
0.0,0.0,0.0,0.0,0.0,0.0,0.0,0.7499933242797852,0.0,0.0
0.0,0.0,0.0,0.0,0.0,0.0,0.0,1.4951181411743164,0.0,0.0
0.0,0.0,0.0,0.0,0.0,0.0,0.0,1.5272502899169922,0.0,0.0
0.0,0.0,0.0,0.0,0.0,0.0,0.0,1.5721700191497803,0.0,0.0
0.0,0.0,0.0,0.0,0.0,0.0,0.0,1.4832673072814941,0.0,0.0
0.0,0.0,0.0,0.0,0.0,0.0,0.0,1.5036914348602295,0.0,0.0
0.0,0.0,0.0,0.0,0.0,0.0,0.0,0.0710287094116211,0.0,0.0
0.0,0.0,0.0,0.0,0.0,0.0,0.0,0.07163333892822266,0.0,0.0
0.0,0.0,0.0,0.0,0.0,0.0,0.0,0.07201600074768066,0.0,0.0
0.0,0.0,0.0,0.0,0.0,0.0,0.0,0.07682657241821289,0.0,0.0
0.0,0.0,0.0,0.0,0.0,0.0,0.0,0.07471680641174316,0.0,0.0
0.0,0.0,0.0,0.0,0.0,0.0,0.0,0.2160930633544922,0.0,0.0
0.0,0.0,0.0,0.0,0.0,0.0,0.0,0.22560739517211914,0.0,0.0
0.0,0.0,0.0,0.0,0.0,0.0,0.0,0.21562910079956055,0.0,0.0
0.0,0.0,0.0,0.0,0.0,0.0,0.0,0.21773576736450195,0.0,0.0
0.0,0.0,0.0,0.0,0.0,0.0,0.0,0.20867037773132324,0.0,0.0
0.0,0.0,0.0,0.0,0.0,0.0,0.0,0.698493480682373,0.0,0.0
0.0,0.0,0.0,0.0,0.0,0.0,0.0,0.6994636058807373,0.0,0.0
0.0,0.0,0.0,0.0,0.0,0.0,0.0,0.7250971794128418,0.0,0.0
0.0,0.0,0.0,0.0,0.0,0.0,0.0,0.7047684192657471,0.0,0.0
0.0,0.0,0.0,0.0,0.0,0.0,0.0,0.706263542175293,0.0,0.0
0.0,0.0,0.0,0.0,0.0,0.0,0.0,2.366936683654785,0.0,0.0
0.0,0.0,0.0,0.0,0.0,0.0,0.0,2.334526538848877,0.0,0.0
0.0,0.0,0.0,0.0,0.0,0.0,0.0,2.3333659172058105,0.0,0.0
0.0,0.0,0.0,0.0,0.0,0.0,0.0,2.37715744972229,0.0,0.0
0.0,0.0,0.0,0.0,0.0,0.0,0.0,2.3098437786102295,0.0,0.0
0.0,0.0,0.0,0.0,0.0,0.0,0.0,7.739079236984253,0.0,0.0
0.0,0.0,0.0,0.0,0.0,0.0,0.0,7.877954721450806,0.0,0.0
0.0,0.0,0.0,0.0,0.0,0.0,0.0,7.82546067237854,0.0,0.0
0.0,0.0,0.0,0.0,0.0,0.0,0.0,7.8097851276397705,0.0,0.0
0.0,0.0,0.0,0.0,0.0,0.0,0.0,7.689579010009766,0.0,0.0
0.0,0.0,0.0,0.0,0.0,0.0,0.0,0.13444256782531738,0.0,0.0
0.0,0.0,0.0,0.0,0.0,0.0,0.0,0.1395425796508789,0.0,0.0
0.0,0.0,0.0,0.0,0.0,0.0,0.0,0.1378312110900879,0.0,0.0
0.0,0.0,0.0,0.0,0.0,0.0,0.0,0.13066601753234863,0.0,0.0
0.0,0.0,0.0,0.0,0.0,0.0,0.0,0.14775395393371582,0.0,0.0
0.0,0.0,0.0,0.0,0.0,0.0,0.0,0.4074556827545166,0.0,0.0
0.0,0.0,0.0,0.0,0.0,0.0,0.0,0.39374637603759766,0.0,0.0
0.0,0.0,0.0,0.0,0.0,0.0,0.0,0.39476490020751953,0.0,0.0
0.0,0.0,0.0,0.0,0.0,0.0,0.0,0.3884878158569336,0.0,0.0
0.0,0.0,0.0,0.0,0.0,0.0,0.0,0.39290547370910645,0.0,0.0
0.0,0.0,0.0,0.0,0.0,0.0,0.0,1.3387799263000488,0.0,0.0
0.0,0.0,0.0,0.0,0.0,0.0,0.0,1.333489179611206,0.0,0.0
0.0,0.0,0.0,0.0,0.0,0.0,0.0,1.327850103378296,0.0,0.0
0.0,0.0,0.0,0.0,0.0,0.0,0.0,1.3586013317108154,0.0,0.0
0.0,0.0,0.0,0.0,0.0,0.0,0.0,1.347776174545288,0.0,0.0
0.0,0.0,0.0,0.0,0.0,0.0,0.0,4.496540546417236,0.0,0.0
0.0,0.0,0.0,0.0,0.0,0.0,0.0,4.507263898849487,0.0,0.0
0.0,0.0,0.0,0.0,0.0,0.0,0.0,4.458377122879028,0.0,0.0
0.0,0.0,0.0,0.0,0.0,0.0,0.0,4.424755096435547,0.0,0.0
0.0,0.0,0.0,0.0,0.0,0.0,0.0,4.441698312759399,0.0,0.0
0.0,0.0,0.0,0.0,0.0,0.0,0.0,13.121275424957275,0.0,0.0
0.0,0.0,0.0,0.0,0.0,0.0,0.0,12.9842369556427,0.0,0.0
0.0,0.0,0.0,0.0,0.0,0.0,0.0,12.99253249168396,0.0,0.0
0.0,0.0,0.0,0.0,0.0,0.0,0.0,13.029598236083984,0.0,0.0
0.0,0.0,0.0,0.0,0.0,0.0,0.0,12.994081020355225,0.0,0.0
0.0,0.0,0.0,0.0,0.0,0.0,0.0,0.23444724082946777,0.0,0.0
0.0,0.0,0.0,0.0,0.0,0.0,0.0,0.22955012321472168,0.0,0.0
0.0,0.0,0.0,0.0,0.0,0.0,0.0,0.2306995391845703,0.0,0.0
0.0,0.0,0.0,0.0,0.0,0.0,0.0,0.22791028022766113,0.0,0.0
0.0,0.0,0.0,0.0,0.0,0.0,0.0,0.23500919342041016,0.0,0.0
0.0,0.0,0.0,0.0,0.0,0.0,0.0,0.6292290687561035,0.0,0.0
0.0,0.0,0.0,0.0,0.0,0.0,0.0,0.638338565826416,0.0,0.0
0.0,0.0,0.0,0.0,0.0,0.0,0.0,0.6286273002624512,0.0,0.0
0.0,0.0,0.0,0.0,0.0,0.0,0.0,0.632296085357666,0.0,0.0
0.0,0.0,0.0,0.0,0.0,0.0,0.0,0.641282320022583,0.0,0.0
0.0,0.0,0.0,0.0,0.0,0.0,0.0,2.1018898487091064,0.0,0.0
0.0,0.0,0.0,0.0,0.0,0.0,0.0,2.086857318878174,0.0,0.0
0.0,0.0,0.0,0.0,0.0,0.0,0.0,2.079939365386963,0.0,0.0
0.0,0.0,0.0,0.0,0.0,0.0,0.0,2.1223397254943848,0.0,0.0
0.0,0.0,0.0,0.0,0.0,0.0,0.0,2.163910388946533,0.0,0.0
0.0,0.0,0.0,0.0,0.0,0.0,0.0,6.233119487762451,0.0,0.0
0.0,0.0,0.0,0.0,0.0,0.0,0.0,6.245338678359985,0.0,0.0
0.0,0.0,0.0,0.0,0.0,0.0,0.0,6.249037265777588,0.0,0.0
0.0,0.0,0.0,0.0,0.0,0.0,0.0,6.204979181289673,0.0,0.0
0.0,0.0,0.0,0.0,0.0,0.0,0.0,6.2164764404296875,0.0,0.0
0.0,0.0,0.0,0.0,0.0,0.0,0.0,16.3259220123291,0.0,0.0
0.0,0.0,0.0,0.0,0.0,0.0,0.0,16.51028871536255,0.0,0.0
0.0,0.0,0.0,0.0,0.0,0.0,0.0,16.5444073677063,0.0,0.0
0.0,0.0,0.0,0.0,0.0,0.0,0.0,16.46026086807251,0.0,0.0
0.0,0.0,0.0,0.0,0.0,0.0,0.0,16.28790545463562,0.0,0.0
0.0,0.0,0.0,0.0,0.0,0.0,0.0,0.41374802589416504,0.0,0.0
0.0,0.0,0.0,0.0,0.0,0.0,0.0,0.4268069267272949,0.0,0.0
0.0,0.0,0.0,0.0,0.0,0.0,0.0,0.42847299575805664,0.0,0.0
0.0,0.0,0.0,0.0,0.0,0.0,0.0,0.41432857513427734,0.0,0.0
0.0,0.0,0.0,0.0,0.0,0.0,0.0,0.4213874340057373,0.0,0.0
0.0,0.0,0.0,0.0,0.0,0.0,0.0,1.1460204124450684,0.0,0.0
0.0,0.0,0.0,0.0,0.0,0.0,0.0,1.1130781173706055,0.0,0.0
0.0,0.0,0.0,0.0,0.0,0.0,0.0,1.1152544021606445,0.0,0.0
0.0,0.0,0.0,0.0,0.0,0.0,0.0,1.1087491512298584,0.0,0.0
0.0,0.0,0.0,0.0,0.0,0.0,0.0,1.1134414672851562,0.0,0.0
0.0,0.0,0.0,0.0,0.0,0.0,0.0,3.251018524169922,0.0,0.0
0.0,0.0,0.0,0.0,0.0,0.0,0.0,3.255887508392334,0.0,0.0
0.0,0.0,0.0,0.0,0.0,0.0,0.0,3.352483034133911,0.0,0.0
0.0,0.0,0.0,0.0,0.0,0.0,0.0,3.2887351512908936,0.0,0.0
0.0,0.0,0.0,0.0,0.0,0.0,0.0,3.3415257930755615,0.0,0.0
0.0,0.0,0.0,0.0,0.0,0.0,0.0,7.511294364929199,0.0,0.0
0.0,0.0,0.0,0.0,0.0,0.0,0.0,7.437595367431641,0.0,0.0
0.0,0.0,0.0,0.0,0.0,0.0,0.0,7.543684959411621,0.0,0.0
0.0,0.0,0.0,0.0,0.0,0.0,0.0,7.571012258529663,0.0,0.0
0.0,0.0,0.0,0.0,0.0,0.0,0.0,7.345951557159424,0.0,0.0
0.0,0.0,0.0,0.0,0.0,0.0,0.0,15.499326467514038,0.0,0.0
0.0,0.0,0.0,0.0,0.0,0.0,0.0,15.59641981124878,0.0,0.0
0.0,0.0,0.0,0.0,0.0,0.0,0.0,15.511664152145386,0.0,0.0
0.0,0.0,0.0,0.0,0.0,0.0,0.0,15.674525499343872,0.0,0.0
0.0,0.0,0.0,0.0,0.0,0.0,0.0,15.503536224365234,0.0,0.0
0.0,0.0,0.0,0.0,0.0,0.0,0.0,0.7903213500976562,0.0,0.0
0.0,0.0,0.0,0.0,0.0,0.0,0.0,0.7962648868560791,0.0,0.0
0.0,0.0,0.0,0.0,0.0,0.0,0.0,0.7986323833465576,0.0,0.0
0.0,0.0,0.0,0.0,0.0,0.0,0.0,0.785952091217041,0.0,0.0
0.0,0.0,0.0,0.0,0.0,0.0,0.0,0.7780752182006836,0.0,0.0
0.0,0.0,0.0,0.0,0.0,0.0,0.0,2.1059021949768066,0.0,0.0
0.0,0.0,0.0,0.0,0.0,0.0,0.0,2.111372947692871,0.0,0.0
0.0,0.0,0.0,0.0,0.0,0.0,0.0,2.1053857803344727,0.0,0.0
0.0,0.0,0.0,0.0,0.0,0.0,0.0,2.092844009399414,0.0,0.0
0.0,0.0,0.0,0.0,0.0,0.0,0.0,2.099848985671997,0.0,0.0
0.0,0.0,0.0,0.0,0.0,0.0,0.0,6.983438730239868,0.0,0.0
0.0,0.0,0.0,0.0,0.0,0.0,0.0,6.790428876876831,0.0,0.0
0.0,0.0,0.0,0.0,0.0,0.0,0.0,6.71495795249939,0.0,0.0
0.0,0.0,0.0,0.0,0.0,0.0,0.0,6.951132297515869,0.0,0.0
0.0,0.0,0.0,0.0,0.0,0.0,0.0,6.906780004501343,0.0,0.0
0.0,0.0,0.0,0.0,0.0,0.0,0.0,16.999903202056885,0.0,0.0
0.0,0.0,0.0,0.0,0.0,0.0,0.0,17.15554189682007,0.0,0.0
0.0,0.0,0.0,0.0,0.0,0.0,0.0,17.114979028701782,0.0,0.0
0.0,0.0,0.0,0.0,0.0,0.0,0.0,17.093288898468018,0.0,0.0
0.0,0.0,0.0,0.0,0.0,0.0,0.0,17.275790214538574,0.0,0.0
0.0,0.0,0.0,0.0,0.0,0.0,0.0,31.458685398101807,0.0,0.0
0.0,0.0,0.0,0.0,0.0,0.0,0.0,31.57510280609131,0.0,0.0
0.0,0.0,0.0,0.0,0.0,0.0,0.0,31.446156978607178,0.0,0.0
0.0,0.0,0.0,0.0,0.0,0.0,0.0,31.456541299819946,0.0,0.0
0.0,0.0,0.0,0.0,0.0,0.0,0.0,31.567041635513306,0.0,0.0
0.0,0.0,0.0,0.0,0.0,0.0,0.0,1.3861582279205322,0.0,0.0
0.0,0.0,0.0,0.0,0.0,0.0,0.0,1.4425063133239746,0.0,0.0
0.0,0.0,0.0,0.0,0.0,0.0,0.0,1.387727975845337,0.0,0.0
0.0,0.0,0.0,0.0,0.0,0.0,0.0,1.3968005180358887,0.0,0.0
0.0,0.0,0.0,0.0,0.0,0.0,0.0,1.3720037937164307,0.0,0.0
0.0,0.0,0.0,0.0,0.0,0.0,0.0,3.596768856048584,0.0,0.0
0.0,0.0,0.0,0.0,0.0,0.0,0.0,3.553783655166626,0.0,0.0
0.0,0.0,0.0,0.0,0.0,0.0,0.0,3.541494846343994,0.0,0.0
0.0,0.0,0.0,0.0,0.0,0.0,0.0,3.5076053142547607,0.0,0.0
0.0,0.0,0.0,0.0,0.0,0.0,0.0,3.6895713806152344,0.0,0.0
0.0,0.0,0.0,0.0,0.0,0.0,0.0,11.558464527130127,0.0,0.0
0.0,0.0,0.0,0.0,0.0,0.0,0.0,11.58374810218811,0.0,0.0
0.0,0.0,0.0,0.0,0.0,0.0,0.0,11.475343465805054,0.0,0.0
0.0,0.0,0.0,0.0,0.0,0.0,0.0,11.452069759368896,0.0,0.0
0.0,0.0,0.0,0.0,0.0,0.0,0.0,11.493748903274536,0.0,0.0
0.0,0.0,0.0,0.0,0.0,0.0,0.0,33.08026933670044,0.0,0.0
0.0,0.0,0.0,0.0,0.0,0.0,0.0,33.71932411193848,0.0,0.0
0.0,0.0,0.0,0.0,0.0,0.0,0.0,32.666728019714355,0.0,0.0
0.0,0.0,0.0,0.0,0.0,0.0,0.0,33.30723857879639,0.0,0.0
0.0,0.0,0.0,0.0,0.0,0.0,0.0,33.40943169593811,0.0,0.0
0.0,0.0,0.0,0.0,0.0,0.0,0.0,82.2868824005127,0.0,0.0
0.0,0.0,0.0,0.0,0.0,0.0,0.0,82.51755023002625,0.0,0.0
0.0,0.0,0.0,0.0,0.0,0.0,0.0,81.91943788528442,0.0,0.0
0.0,0.0,0.0,0.0,0.0,0.0,0.0,81.34630131721497,0.0,0.0
0.0,0.0,0.0,0.0,0.0,0.0,0.0,82.17368698120117,0.0,0.0
0.0,0.0,0.0,0.0,0.0,0.0,0.0,2.6252310276031494,0.0,0.0
0.0,0.0,0.0,0.0,0.0,0.0,0.0,2.6580255031585693,0.0,0.0
0.0,0.0,0.0,0.0,0.0,0.0,0.0,2.5836217403411865,0.0,0.0
0.0,0.0,0.0,0.0,0.0,0.0,0.0,2.6041436195373535,0.0,0.0
0.0,0.0,0.0,0.0,0.0,0.0,0.0,2.6021382808685303,0.0,0.0
0.0,0.0,0.0,0.0,0.0,0.0,0.0,6.622789621353149,0.0,0.0
0.0,0.0,0.0,0.0,0.0,0.0,0.0,6.598968982696533,0.0,0.0
0.0,0.0,0.0,0.0,0.0,0.0,0.0,6.679821014404297,0.0,0.0
0.0,0.0,0.0,0.0,0.0,0.0,0.0,6.684613466262817,0.0,0.0
0.0,0.0,0.0,0.0,0.0,0.0,0.0,6.582472324371338,0.0,0.0
0.0,0.0,0.0,0.0,0.0,0.0,0.0,14.962023735046387,0.0,0.0
0.0,0.0,0.0,0.0,0.0,0.0,0.0,14.868696928024292,0.0,0.0
0.0,0.0,0.0,0.0,0.0,0.0,0.0,15.105602025985718,0.0,0.0
0.0,0.0,0.0,0.0,0.0,0.0,0.0,15.10508942604065,0.0,0.0
0.0,0.0,0.0,0.0,0.0,0.0,0.0,14.665894985198975,0.0,0.0
0.0,0.0,0.0,0.0,0.0,0.0,0.0,23.225321292877197,0.0,0.0
0.0,0.0,0.0,0.0,0.0,0.0,0.0,23.324254751205444,0.0,0.0
0.0,0.0,0.0,0.0,0.0,0.0,0.0,23.126523971557617,0.0,0.0
0.0,0.0,0.0,0.0,0.0,0.0,0.0,23.100602865219116,0.0,0.0
0.0,0.0,0.0,0.0,0.0,0.0,0.0,23.043994665145874,0.0,0.0
0.0,0.0,0.0,0.0,0.0,0.0,0.0,39.95783185958862,0.0,0.0
0.0,0.0,0.0,0.0,0.0,0.0,0.0,40.389623403549194,0.0,0.0
0.0,0.0,0.0,0.0,0.0,0.0,0.0,40.987324953079224,0.0,0.0
0.0,0.0,0.0,0.0,0.0,0.0,0.0,40.62991261482239,0.0,0.0
0.0,0.0,0.0,0.0,0.0,0.0,0.0,40.65989446640015,0.0,0.0
0.0,0.0,0.0,0.0,0.0,0.0,0.0,4.831358432769775,0.0,0.0
0.0,0.0,0.0,0.0,0.0,0.0,0.0,4.855428695678711,0.0,0.0
0.0,0.0,0.0,0.0,0.0,0.0,0.0,4.840972185134888,0.0,0.0
0.0,0.0,0.0,0.0,0.0,0.0,0.0,4.855481147766113,0.0,0.0
0.0,0.0,0.0,0.0,0.0,0.0,0.0,4.749292850494385,0.0,0.0
0.0,0.0,0.0,0.0,0.0,0.0,0.0,13.090479612350464,0.0,0.0
0.0,0.0,0.0,0.0,0.0,0.0,0.0,13.13203740119934,0.0,0.0
0.0,0.0,0.0,0.0,0.0,0.0,0.0,13.274539709091187,0.0,0.0
0.0,0.0,0.0,0.0,0.0,0.0,0.0,13.207420110702515,0.0,0.0
0.0,0.0,0.0,0.0,0.0,0.0,0.0,13.042962074279785,0.0,0.0
0.0,0.0,0.0,0.0,0.0,0.0,0.0,46.075374603271484,0.0,0.0
0.0,0.0,0.0,0.0,0.0,0.0,0.0,45.75899910926819,0.0,0.0
0.0,0.0,0.0,0.0,0.0,0.0,0.0,45.28261065483093,0.0,0.0
0.0,0.0,0.0,0.0,0.0,0.0,0.0,45.322457790374756,0.0,0.0
0.0,0.0,0.0,0.0,0.0,0.0,0.0,45.29032039642334,0.0,0.0
0.0,0.0,0.0,0.0,0.0,0.0,0.0,169.3517243862152,0.0,0.0
0.0,0.0,0.0,0.0,0.0,0.0,0.0,169.52916622161865,0.0,0.0
0.0,0.0,0.0,0.0,0.0,0.0,0.0,170.32854843139648,0.0,0.0
0.0,0.0,0.0,0.0,0.0,0.0,0.0,169.0910382270813,0.0,0.0
0.0,0.0,0.0,0.0,0.0,0.0,0.0,169.66101503372192,0.0,0.0
0.0,0.0,0.0,0.0,0.0,0.0,0.0,674.732396364212,0.0,0.0
0.0,0.0,0.0,0.0,0.0,0.0,0.0,661.9340357780457,0.0,0.0
0.0,0.0,0.0,0.0,0.0,0.0,0.0,657.4445822238922,0.0,0.0
0.0,0.0,0.0,0.0,0.0,0.0,0.0,650.6545391082764,0.0,0.0
0.0,0.0,0.0,0.0,0.0,0.0,0.0,657.5689022541046,0.0,0.0
0.0,0.0,0.0,0.0,0.0,0.0,0.0,0.025693178176879883,0.0,0.0
0.0,0.0,0.0,0.0,0.0,0.0,0.0,0.023163795471191406,0.0,0.0
0.0,0.0,0.0,0.0,0.0,0.0,0.0,0.024308204650878906,0.0,0.0
0.0,0.0,0.0,0.0,0.0,0.0,0.0,0.02283477783203125,0.0,0.0
0.0,0.0,0.0,0.0,0.0,0.0,0.0,0.023602962493896484,0.0,0.0
0.0,0.0,0.0,0.0,0.0,0.0,0.0,0.023191213607788086,0.0,0.0
0.0,0.0,0.0,0.0,0.0,0.0,0.0,0.0233001708984375,0.0,0.0
0.0,0.0,0.0,0.0,0.0,0.0,0.0,0.02379894256591797,0.0,0.0
0.0,0.0,0.0,0.0,0.0,0.0,0.0,0.023660898208618164,0.0,0.0
0.0,0.0,0.0,0.0,0.0,0.0,0.0,0.02345132827758789,0.0,0.0
0.0,0.0,0.0,0.0,0.0,0.0,0.0,0.023181915283203125,0.0,0.0
0.0,0.0,0.0,0.0,0.0,0.0,0.0,0.023144006729125977,0.0,0.0
0.0,0.0,0.0,0.0,0.0,0.0,0.0,0.023429393768310547,0.0,0.0
0.0,0.0,0.0,0.0,0.0,0.0,0.0,0.02318263053894043,0.0,0.0
0.0,0.0,0.0,0.0,0.0,0.0,0.0,0.023585796356201172,0.0,0.0
0.0,0.0,0.0,0.0,0.0,0.0,0.0,0.0241546630859375,0.0,0.0
0.0,0.0,0.0,0.0,0.0,0.0,0.0,0.023337125778198242,0.0,0.0
0.0,0.0,0.0,0.0,0.0,0.0,0.0,0.023589611053466797,0.0,0.0
0.0,0.0,0.0,0.0,0.0,0.0,0.0,0.02281928062438965,0.0,0.0
0.0,0.0,0.0,0.0,0.0,0.0,0.0,0.02375936508178711,0.0,0.0
0.0,0.0,0.0,0.0,0.0,0.0,0.0,0.02397322654724121,0.0,0.0
0.0,0.0,0.0,0.0,0.0,0.0,0.0,0.02444744110107422,0.0,0.0
0.0,0.0,0.0,0.0,0.0,0.0,0.0,0.024050474166870117,0.0,0.0
0.0,0.0,0.0,0.0,0.0,0.0,0.0,0.02417445182800293,0.0,0.0
0.0,0.0,0.0,0.0,0.0,0.0,0.0,0.024049043655395508,0.0,0.0
0.0,0.0,0.0,0.0,0.0,0.0,0.0,0.03953194618225098,0.0,0.0
0.0,0.0,0.0,0.0,0.0,0.0,0.0,0.03982138633728027,0.0,0.0
0.0,0.0,0.0,0.0,0.0,0.0,0.0,0.03943181037902832,0.0,0.0
0.0,0.0,0.0,0.0,0.0,0.0,0.0,0.04113507270812988,0.0,0.0
0.0,0.0,0.0,0.0,0.0,0.0,0.0,0.04434466361999512,0.0,0.0
0.0,0.0,0.0,0.0,0.0,0.0,0.0,0.04136490821838379,0.0,0.0
0.0,0.0,0.0,0.0,0.0,0.0,0.0,0.041869163513183594,0.0,0.0
0.0,0.0,0.0,0.0,0.0,0.0,0.0,0.04924345016479492,0.0,0.0
0.0,0.0,0.0,0.0,0.0,0.0,0.0,0.04117703437805176,0.0,0.0
0.0,0.0,0.0,0.0,0.0,0.0,0.0,0.03923630714416504,0.0,0.0
0.0,0.0,0.0,0.0,0.0,0.0,0.0,0.040119171142578125,0.0,0.0
0.0,0.0,0.0,0.0,0.0,0.0,0.0,0.045160770416259766,0.0,0.0
0.0,0.0,0.0,0.0,0.0,0.0,0.0,0.04069948196411133,0.0,0.0
0.0,0.0,0.0,0.0,0.0,0.0,0.0,0.03992056846618652,0.0,0.0
0.0,0.0,0.0,0.0,0.0,0.0,0.0,0.04118824005126953,0.0,0.0
0.0,0.0,0.0,0.0,0.0,0.0,0.0,0.040607452392578125,0.0,0.0
0.0,0.0,0.0,0.0,0.0,0.0,0.0,0.04177975654602051,0.0,0.0
0.0,0.0,0.0,0.0,0.0,0.0,0.0,0.03993940353393555,0.0,0.0
0.0,0.0,0.0,0.0,0.0,0.0,0.0,0.04019308090209961,0.0,0.0
0.0,0.0,0.0,0.0,0.0,0.0,0.0,0.04240870475769043,0.0,0.0
0.0,0.0,0.0,0.0,0.0,0.0,0.0,0.04135847091674805,0.0,0.0
0.0,0.0,0.0,0.0,0.0,0.0,0.0,0.04055285453796387,0.0,0.0
0.0,0.0,0.0,0.0,0.0,0.0,0.0,0.04145622253417969,0.0,0.0
0.0,0.0,0.0,0.0,0.0,0.0,0.0,0.042635202407836914,0.0,0.0
0.0,0.0,0.0,0.0,0.0,0.0,0.0,0.04202008247375488,0.0,0.0
0.0,0.0,0.0,0.0,0.0,0.0,0.0,0.06973910331726074,0.0,0.0
0.0,0.0,0.0,0.0,0.0,0.0,0.0,0.07320094108581543,0.0,0.0
0.0,0.0,0.0,0.0,0.0,0.0,0.0,0.07058167457580566,0.0,0.0
0.0,0.0,0.0,0.0,0.0,0.0,0.0,0.07374715805053711,0.0,0.0
0.0,0.0,0.0,0.0,0.0,0.0,0.0,0.08432507514953613,0.0,0.0
0.0,0.0,0.0,0.0,0.0,0.0,0.0,0.0726630687713623,0.0,0.0
0.0,0.0,0.0,0.0,0.0,0.0,0.0,0.07517623901367188,0.0,0.0
0.0,0.0,0.0,0.0,0.0,0.0,0.0,0.07283687591552734,0.0,0.0
0.0,0.0,0.0,0.0,0.0,0.0,0.0,0.07176733016967773,0.0,0.0
0.0,0.0,0.0,0.0,0.0,0.0,0.0,0.07079172134399414,0.0,0.0
0.0,0.0,0.0,0.0,0.0,0.0,0.0,0.07083868980407715,0.0,0.0
0.0,0.0,0.0,0.0,0.0,0.0,0.0,0.07079362869262695,0.0,0.0
0.0,0.0,0.0,0.0,0.0,0.0,0.0,0.07706427574157715,0.0,0.0
0.0,0.0,0.0,0.0,0.0,0.0,0.0,0.07574105262756348,0.0,0.0
0.0,0.0,0.0,0.0,0.0,0.0,0.0,0.0709843635559082,0.0,0.0
0.0,0.0,0.0,0.0,0.0,0.0,0.0,0.07161521911621094,0.0,0.0
0.0,0.0,0.0,0.0,0.0,0.0,0.0,0.07523584365844727,0.0,0.0
0.0,0.0,0.0,0.0,0.0,0.0,0.0,0.07133769989013672,0.0,0.0
0.0,0.0,0.0,0.0,0.0,0.0,0.0,0.07164478302001953,0.0,0.0
0.0,0.0,0.0,0.0,0.0,0.0,0.0,0.07411670684814453,0.0,0.0
0.0,0.0,0.0,0.0,0.0,0.0,0.0,0.07327532768249512,0.0,0.0
0.0,0.0,0.0,0.0,0.0,0.0,0.0,0.07107162475585938,0.0,0.0
0.0,0.0,0.0,0.0,0.0,0.0,0.0,0.07313990592956543,0.0,0.0
0.0,0.0,0.0,0.0,0.0,0.0,0.0,0.07233476638793945,0.0,0.0
0.0,0.0,0.0,0.0,0.0,0.0,0.0,0.07146310806274414,0.0,0.0
0.0,0.0,0.0,0.0,0.0,0.0,0.0,0.12858867645263672,0.0,0.0
0.0,0.0,0.0,0.0,0.0,0.0,0.0,0.12639403343200684,0.0,0.0
0.0,0.0,0.0,0.0,0.0,0.0,0.0,0.12575483322143555,0.0,0.0
0.0,0.0,0.0,0.0,0.0,0.0,0.0,0.1279919147491455,0.0,0.0
0.0,0.0,0.0,0.0,0.0,0.0,0.0,0.12912678718566895,0.0,0.0
0.0,0.0,0.0,0.0,0.0,0.0,0.0,0.12916088104248047,0.0,0.0
0.0,0.0,0.0,0.0,0.0,0.0,0.0,0.12894558906555176,0.0,0.0
0.0,0.0,0.0,0.0,0.0,0.0,0.0,0.12705326080322266,0.0,0.0
0.0,0.0,0.0,0.0,0.0,0.0,0.0,0.13459229469299316,0.0,0.0
0.0,0.0,0.0,0.0,0.0,0.0,0.0,0.13369417190551758,0.0,0.0
0.0,0.0,0.0,0.0,0.0,0.0,0.0,0.1279900074005127,0.0,0.0
0.0,0.0,0.0,0.0,0.0,0.0,0.0,0.13192200660705566,0.0,0.0
0.0,0.0,0.0,0.0,0.0,0.0,0.0,0.13335394859313965,0.0,0.0
0.0,0.0,0.0,0.0,0.0,0.0,0.0,0.13387179374694824,0.0,0.0
0.0,0.0,0.0,0.0,0.0,0.0,0.0,0.13213109970092773,0.0,0.0
0.0,0.0,0.0,0.0,0.0,0.0,0.0,0.1264326572418213,0.0,0.0
0.0,0.0,0.0,0.0,0.0,0.0,0.0,0.12818026542663574,0.0,0.0
0.0,0.0,0.0,0.0,0.0,0.0,0.0,0.12696146965026855,0.0,0.0
0.0,0.0,0.0,0.0,0.0,0.0,0.0,0.12689924240112305,0.0,0.0
0.0,0.0,0.0,0.0,0.0,0.0,0.0,0.12627172470092773,0.0,0.0
0.0,0.0,0.0,0.0,0.0,0.0,0.0,0.12766480445861816,0.0,0.0
0.0,0.0,0.0,0.0,0.0,0.0,0.0,0.12737441062927246,0.0,0.0
0.0,0.0,0.0,0.0,0.0,0.0,0.0,0.1288774013519287,0.0,0.0
0.0,0.0,0.0,0.0,0.0,0.0,0.0,0.13061261177062988,0.0,0.0
0.0,0.0,0.0,0.0,0.0,0.0,0.0,0.13536381721496582,0.0,0.0
0.0,0.0,0.0,0.0,0.0,0.0,0.0,0.23478126525878906,0.0,0.0
0.0,0.0,0.0,0.0,0.0,0.0,0.0,0.22649765014648438,0.0,0.0
0.0,0.0,0.0,0.0,0.0,0.0,0.0,0.2311115264892578,0.0,0.0
0.0,0.0,0.0,0.0,0.0,0.0,0.0,0.2323284149169922,0.0,0.0
0.0,0.0,0.0,0.0,0.0,0.0,0.0,0.23136115074157715,0.0,0.0
0.0,0.0,0.0,0.0,0.0,0.0,0.0,0.22873520851135254,0.0,0.0
0.0,0.0,0.0,0.0,0.0,0.0,0.0,0.23424816131591797,0.0,0.0
0.0,0.0,0.0,0.0,0.0,0.0,0.0,0.23757052421569824,0.0,0.0
0.0,0.0,0.0,0.0,0.0,0.0,0.0,0.22713041305541992,0.0,0.0
0.0,0.0,0.0,0.0,0.0,0.0,0.0,0.22673892974853516,0.0,0.0
0.0,0.0,0.0,0.0,0.0,0.0,0.0,0.2395308017730713,0.0,0.0
0.0,0.0,0.0,0.0,0.0,0.0,0.0,0.22806453704833984,0.0,0.0
0.0,0.0,0.0,0.0,0.0,0.0,0.0,0.22985291481018066,0.0,0.0
0.0,0.0,0.0,0.0,0.0,0.0,0.0,0.23584508895874023,0.0,0.0
0.0,0.0,0.0,0.0,0.0,0.0,0.0,0.23232555389404297,0.0,0.0
0.0,0.0,0.0,0.0,0.0,0.0,0.0,0.23659968376159668,0.0,0.0
0.0,0.0,0.0,0.0,0.0,0.0,0.0,0.2360520362854004,0.0,0.0
0.0,0.0,0.0,0.0,0.0,0.0,0.0,0.2365405559539795,0.0,0.0
0.0,0.0,0.0,0.0,0.0,0.0,0.0,0.23586249351501465,0.0,0.0
0.0,0.0,0.0,0.0,0.0,0.0,0.0,0.23253822326660156,0.0,0.0
0.0,0.0,0.0,0.0,0.0,0.0,0.0,0.22850871086120605,0.0,0.0
0.0,0.0,0.0,0.0,0.0,0.0,0.0,0.23418211936950684,0.0,0.0
0.0,0.0,0.0,0.0,0.0,0.0,0.0,0.2382969856262207,0.0,0.0
0.0,0.0,0.0,0.0,0.0,0.0,0.0,0.22762775421142578,0.0,0.0
0.0,0.0,0.0,0.0,0.0,0.0,0.0,0.22698760032653809,0.0,0.0
0.0,0.0,0.0,0.0,0.0,0.0,0.0,0.4092707633972168,0.0,0.0
0.0,0.0,0.0,0.0,0.0,0.0,0.0,0.3997526168823242,0.0,0.0
0.0,0.0,0.0,0.0,0.0,0.0,0.0,0.40460920333862305,0.0,0.0
0.0,0.0,0.0,0.0,0.0,0.0,0.0,0.41207432746887207,0.0,0.0
0.0,0.0,0.0,0.0,0.0,0.0,0.0,0.4091212749481201,0.0,0.0
0.0,0.0,0.0,0.0,0.0,0.0,0.0,0.41283679008483887,0.0,0.0
0.0,0.0,0.0,0.0,0.0,0.0,0.0,0.4282078742980957,0.0,0.0
0.0,0.0,0.0,0.0,0.0,0.0,0.0,0.41388773918151855,0.0,0.0
0.0,0.0,0.0,0.0,0.0,0.0,0.0,0.41573500633239746,0.0,0.0
0.0,0.0,0.0,0.0,0.0,0.0,0.0,0.42284178733825684,0.0,0.0
0.0,0.0,0.0,0.0,0.0,0.0,0.0,0.4280228614807129,0.0,0.0
0.0,0.0,0.0,0.0,0.0,0.0,0.0,0.43369603157043457,0.0,0.0
0.0,0.0,0.0,0.0,0.0,0.0,0.0,0.43668317794799805,0.0,0.0
0.0,0.0,0.0,0.0,0.0,0.0,0.0,0.4289121627807617,0.0,0.0
0.0,0.0,0.0,0.0,0.0,0.0,0.0,0.4335639476776123,0.0,0.0
0.0,0.0,0.0,0.0,0.0,0.0,0.0,0.41983819007873535,0.0,0.0
0.0,0.0,0.0,0.0,0.0,0.0,0.0,0.4307441711425781,0.0,0.0
0.0,0.0,0.0,0.0,0.0,0.0,0.0,0.4137105941772461,0.0,0.0
0.0,0.0,0.0,0.0,0.0,0.0,0.0,0.41998863220214844,0.0,0.0
0.0,0.0,0.0,0.0,0.0,0.0,0.0,0.4119446277618408,0.0,0.0
0.0,0.0,0.0,0.0,0.0,0.0,0.0,0.434551477432251,0.0,0.0
0.0,0.0,0.0,0.0,0.0,0.0,0.0,0.41910862922668457,0.0,0.0
0.0,0.0,0.0,0.0,0.0,0.0,0.0,0.4202704429626465,0.0,0.0
0.0,0.0,0.0,0.0,0.0,0.0,0.0,0.41982436180114746,0.0,0.0
0.0,0.0,0.0,0.0,0.0,0.0,0.0,0.42573022842407227,0.0,0.0
0.0,0.0,0.0,0.0,0.0,0.0,0.0,0.733590841293335,0.0,0.0
0.0,0.0,0.0,0.0,0.0,0.0,0.0,0.7309930324554443,0.0,0.0
0.0,0.0,0.0,0.0,0.0,0.0,0.0,0.7434592247009277,0.0,0.0
0.0,0.0,0.0,0.0,0.0,0.0,0.0,0.7394623756408691,0.0,0.0
0.0,0.0,0.0,0.0,0.0,0.0,0.0,0.7255446910858154,0.0,0.0
0.0,0.0,0.0,0.0,0.0,0.0,0.0,0.7480573654174805,0.0,0.0
0.0,0.0,0.0,0.0,0.0,0.0,0.0,0.7155253887176514,0.0,0.0
0.0,0.0,0.0,0.0,0.0,0.0,0.0,0.7568178176879883,0.0,0.0
0.0,0.0,0.0,0.0,0.0,0.0,0.0,0.7236759662628174,0.0,0.0
0.0,0.0,0.0,0.0,0.0,0.0,0.0,0.7561943531036377,0.0,0.0
0.0,0.0,0.0,0.0,0.0,0.0,0.0,0.728567361831665,0.0,0.0
0.0,0.0,0.0,0.0,0.0,0.0,0.0,0.7215542793273926,0.0,0.0
0.0,0.0,0.0,0.0,0.0,0.0,0.0,0.728001594543457,0.0,0.0
0.0,0.0,0.0,0.0,0.0,0.0,0.0,0.7458221912384033,0.0,0.0
0.0,0.0,0.0,0.0,0.0,0.0,0.0,0.7641820907592773,0.0,0.0
0.0,0.0,0.0,0.0,0.0,0.0,0.0,0.7556853294372559,0.0,0.0
0.0,0.0,0.0,0.0,0.0,0.0,0.0,0.7407824993133545,0.0,0.0
0.0,0.0,0.0,0.0,0.0,0.0,0.0,0.7749879360198975,0.0,0.0
0.0,0.0,0.0,0.0,0.0,0.0,0.0,0.7288529872894287,0.0,0.0
0.0,0.0,0.0,0.0,0.0,0.0,0.0,0.779179573059082,0.0,0.0
0.0,0.0,0.0,0.0,0.0,0.0,0.0,0.7428157329559326,0.0,0.0
0.0,0.0,0.0,0.0,0.0,0.0,0.0,0.7831172943115234,0.0,0.0
0.0,0.0,0.0,0.0,0.0,0.0,0.0,0.7247521877288818,0.0,0.0
0.0,0.0,0.0,0.0,0.0,0.0,0.0,0.7855303287506104,0.0,0.0
0.0,0.0,0.0,0.0,0.0,0.0,0.0,0.762596845626831,0.0,0.0
0.0,0.0,0.0,0.0,0.0,0.0,0.0,1.2921721935272217,0.0,0.0
0.0,0.0,0.0,0.0,0.0,0.0,0.0,1.2840068340301514,0.0,0.0
0.0,0.0,0.0,0.0,0.0,0.0,0.0,1.2950160503387451,0.0,0.0
0.0,0.0,0.0,0.0,0.0,0.0,0.0,1.293929100036621,0.0,0.0
0.0,0.0,0.0,0.0,0.0,0.0,0.0,1.3363006114959717,0.0,0.0
0.0,0.0,0.0,0.0,0.0,0.0,0.0,1.318798303604126,0.0,0.0
0.0,0.0,0.0,0.0,0.0,0.0,0.0,1.3336372375488281,0.0,0.0
0.0,0.0,0.0,0.0,0.0,0.0,0.0,1.3377118110656738,0.0,0.0
0.0,0.0,0.0,0.0,0.0,0.0,0.0,1.3255128860473633,0.0,0.0
0.0,0.0,0.0,0.0,0.0,0.0,0.0,1.345747470855713,0.0,0.0
0.0,0.0,0.0,0.0,0.0,0.0,0.0,1.3072633743286133,0.0,0.0
0.0,0.0,0.0,0.0,0.0,0.0,0.0,1.2937431335449219,0.0,0.0
0.0,0.0,0.0,0.0,0.0,0.0,0.0,1.308030605316162,0.0,0.0
0.0,0.0,0.0,0.0,0.0,0.0,0.0,1.331495761871338,0.0,0.0
0.0,0.0,0.0,0.0,0.0,0.0,0.0,1.3300020694732666,0.0,0.0
0.0,0.0,0.0,0.0,0.0,0.0,0.0,1.3713371753692627,0.0,0.0
0.0,0.0,0.0,0.0,0.0,0.0,0.0,1.3507757186889648,0.0,0.0
0.0,0.0,0.0,0.0,0.0,0.0,0.0,1.3379936218261719,0.0,0.0
0.0,0.0,0.0,0.0,0.0,0.0,0.0,1.3319427967071533,0.0,0.0
0.0,0.0,0.0,0.0,0.0,0.0,0.0,1.3496439456939697,0.0,0.0
0.0,0.0,0.0,0.0,0.0,0.0,0.0,1.3621375560760498,0.0,0.0
0.0,0.0,0.0,0.0,0.0,0.0,0.0,1.3743457794189453,0.0,0.0
0.0,0.0,0.0,0.0,0.0,0.0,0.0,1.4205596446990967,0.0,0.0
0.0,0.0,0.0,0.0,0.0,0.0,0.0,1.3727805614471436,0.0,0.0
0.0,0.0,0.0,0.0,0.0,0.0,0.0,1.3520176410675049,0.0,0.0
0.0,0.0,0.0,0.0,0.0,0.0,0.0,2.3959240913391113,0.0,0.0
0.0,0.0,0.0,0.0,0.0,0.0,0.0,2.329525947570801,0.0,0.0
0.0,0.0,0.0,0.0,0.0,0.0,0.0,2.3259212970733643,0.0,0.0
0.0,0.0,0.0,0.0,0.0,0.0,0.0,2.38505220413208,0.0,0.0
0.0,0.0,0.0,0.0,0.0,0.0,0.0,2.34680438041687,0.0,0.0
0.0,0.0,0.0,0.0,0.0,0.0,0.0,2.345838785171509,0.0,0.0
0.0,0.0,0.0,0.0,0.0,0.0,0.0,2.3954617977142334,0.0,0.0
0.0,0.0,0.0,0.0,0.0,0.0,0.0,2.359429359436035,0.0,0.0
0.0,0.0,0.0,0.0,0.0,0.0,0.0,2.3785083293914795,0.0,0.0
0.0,0.0,0.0,0.0,0.0,0.0,0.0,2.398998260498047,0.0,0.0
0.0,0.0,0.0,0.0,0.0,0.0,0.0,2.4430532455444336,0.0,0.0
0.0,0.0,0.0,0.0,0.0,0.0,0.0,2.438088893890381,0.0,0.0
0.0,0.0,0.0,0.0,0.0,0.0,0.0,2.471946954727173,0.0,0.0
0.0,0.0,0.0,0.0,0.0,0.0,0.0,2.4512012004852295,0.0,0.0
0.0,0.0,0.0,0.0,0.0,0.0,0.0,2.350292205810547,0.0,0.0
0.0,0.0,0.0,0.0,0.0,0.0,0.0,2.330136775970459,0.0,0.0
0.0,0.0,0.0,0.0,0.0,0.0,0.0,2.4941086769104004,0.0,0.0
0.0,0.0,0.0,0.0,0.0,0.0,0.0,2.37131404876709,0.0,0.0
0.0,0.0,0.0,0.0,0.0,0.0,0.0,2.4449689388275146,0.0,0.0
0.0,0.0,0.0,0.0,0.0,0.0,0.0,2.37144136428833,0.0,0.0
0.0,0.0,0.0,0.0,0.0,0.0,0.0,2.4042742252349854,0.0,0.0
0.0,0.0,0.0,0.0,0.0,0.0,0.0,2.3852040767669678,0.0,0.0
0.0,0.0,0.0,0.0,0.0,0.0,0.0,2.5429182052612305,0.0,0.0
0.0,0.0,0.0,0.0,0.0,0.0,0.0,2.502011299133301,0.0,0.0
0.0,0.0,0.0,0.0,0.0,0.0,0.0,2.4987456798553467,0.0,0.0
0.0,0.0,0.0,0.0,0.0,0.0,0.0,4.214785814285278,0.0,0.0
0.0,0.0,0.0,0.0,0.0,0.0,0.0,4.302102088928223,0.0,0.0
0.0,0.0,0.0,0.0,0.0,0.0,0.0,4.158806800842285,0.0,0.0
0.0,0.0,0.0,0.0,0.0,0.0,0.0,4.254895925521851,0.0,0.0
0.0,0.0,0.0,0.0,0.0,0.0,0.0,4.271430969238281,0.0,0.0
0.0,0.0,0.0,0.0,0.0,0.0,0.0,4.29059362411499,0.0,0.0
0.0,0.0,0.0,0.0,0.0,0.0,0.0,4.197563648223877,0.0,0.0
0.0,0.0,0.0,0.0,0.0,0.0,0.0,4.226628065109253,0.0,0.0
0.0,0.0,0.0,0.0,0.0,0.0,0.0,4.224745512008667,0.0,0.0
0.0,0.0,0.0,0.0,0.0,0.0,0.0,4.311359643936157,0.0,0.0
0.0,0.0,0.0,0.0,0.0,0.0,0.0,4.313689708709717,0.0,0.0
0.0,0.0,0.0,0.0,0.0,0.0,0.0,4.239902973175049,0.0,0.0
0.0,0.0,0.0,0.0,0.0,0.0,0.0,4.255289316177368,0.0,0.0
0.0,0.0,0.0,0.0,0.0,0.0,0.0,4.253031015396118,0.0,0.0
0.0,0.0,0.0,0.0,0.0,0.0,0.0,4.382995843887329,0.0,0.0
0.0,0.0,0.0,0.0,0.0,0.0,0.0,4.406433582305908,0.0,0.0
0.0,0.0,0.0,0.0,0.0,0.0,0.0,4.257349014282227,0.0,0.0
0.0,0.0,0.0,0.0,0.0,0.0,0.0,4.2644782066345215,0.0,0.0
0.0,0.0,0.0,0.0,0.0,0.0,0.0,4.185130834579468,0.0,0.0
0.0,0.0,0.0,0.0,0.0,0.0,0.0,4.368823289871216,0.0,0.0
0.0,0.0,0.0,0.0,0.0,0.0,0.0,4.436725854873657,0.0,0.0
0.0,0.0,0.0,0.0,0.0,0.0,0.0,4.381381034851074,0.0,0.0
0.0,0.0,0.0,0.0,0.0,0.0,0.0,4.2181501388549805,0.0,0.0
0.0,0.0,0.0,0.0,0.0,0.0,0.0,4.304763078689575,0.0,0.0
0.0,0.0,0.0,0.0,0.0,0.0,0.0,4.27114462852478,0.0,0.0
0.0,0.0,0.0,0.0,0.0,0.0,0.0,7.634023904800415,0.0,0.0
0.0,0.0,0.0,0.0,0.0,0.0,0.0,7.643587589263916,0.0,0.0
0.0,0.0,0.0,0.0,0.0,0.0,0.0,7.579623222351074,0.0,0.0
0.0,0.0,0.0,0.0,0.0,0.0,0.0,7.664649486541748,0.0,0.0
0.0,0.0,0.0,0.0,0.0,0.0,0.0,7.681034326553345,0.0,0.0
0.0,0.0,0.0,0.0,0.0,0.0,0.0,7.925557851791382,0.0,0.0
0.0,0.0,0.0,0.0,0.0,0.0,0.0,7.644824504852295,0.0,0.0
0.0,0.0,0.0,0.0,0.0,0.0,0.0,7.492007732391357,0.0,0.0
0.0,0.0,0.0,0.0,0.0,0.0,0.0,7.443275451660156,0.0,0.0
0.0,0.0,0.0,0.0,0.0,0.0,0.0,7.415076732635498,0.0,0.0
0.0,0.0,0.0,0.0,0.0,0.0,0.0,7.552338361740112,0.0,0.0
0.0,0.0,0.0,0.0,0.0,0.0,0.0,7.525493860244751,0.0,0.0
0.0,0.0,0.0,0.0,0.0,0.0,0.0,7.411954402923584,0.0,0.0
0.0,0.0,0.0,0.0,0.0,0.0,0.0,7.644800901412964,0.0,0.0
0.0,0.0,0.0,0.0,0.0,0.0,0.0,7.805870532989502,0.0,0.0
0.0,0.0,0.0,0.0,0.0,0.0,0.0,7.646822929382324,0.0,0.0
0.0,0.0,0.0,0.0,0.0,0.0,0.0,7.780908107757568,0.0,0.0
0.0,0.0,0.0,0.0,0.0,0.0,0.0,7.638434886932373,0.0,0.0
0.0,0.0,0.0,0.0,0.0,0.0,0.0,7.914908409118652,0.0,0.0
0.0,0.0,0.0,0.0,0.0,0.0,0.0,7.6319358348846436,0.0,0.0
0.0,0.0,0.0,0.0,0.0,0.0,0.0,7.6998677253723145,0.0,0.0
0.0,0.0,0.0,0.0,0.0,0.0,0.0,7.702825307846069,0.0,0.0
0.0,0.0,0.0,0.0,0.0,0.0,0.0,7.729153633117676,0.0,0.0
0.0,0.0,0.0,0.0,0.0,0.0,0.0,7.715561389923096,0.0,0.0
0.0,0.0,0.0,0.0,0.0,0.0,0.0,7.577819585800171,0.0,0.0
0.0,0.0,0.0,0.0,0.0,0.0,0.0,13.297509670257568,0.0,0.0
0.0,0.0,0.0,0.0,0.0,0.0,0.0,13.835392713546753,0.0,0.0
0.0,0.0,0.0,0.0,0.0,0.0,0.0,13.868756294250488,0.0,0.0
0.0,0.0,0.0,0.0,0.0,0.0,0.0,13.500902652740479,0.0,0.0
0.0,0.0,0.0,0.0,0.0,0.0,0.0,13.766726970672607,0.0,0.0
0.0,0.0,0.0,0.0,0.0,0.0,0.0,13.562999725341797,0.0,0.0
0.0,0.0,0.0,0.0,0.0,0.0,0.0,13.906924724578857,0.0,0.0
0.0,0.0,0.0,0.0,0.0,0.0,0.0,13.678014039993286,0.0,0.0
0.0,0.0,0.0,0.0,0.0,0.0,0.0,13.911903858184814,0.0,0.0
0.0,0.0,0.0,0.0,0.0,0.0,0.0,13.476724624633789,0.0,0.0
0.0,0.0,0.0,0.0,0.0,0.0,0.0,13.728588581085205,0.0,0.0
0.0,0.0,0.0,0.0,0.0,0.0,0.0,13.871113777160645,0.0,0.0
0.0,0.0,0.0,0.0,0.0,0.0,0.0,14.147469520568848,0.0,0.0
0.0,0.0,0.0,0.0,0.0,0.0,0.0,13.978406429290771,0.0,0.0
0.0,0.0,0.0,0.0,0.0,0.0,0.0,13.645609378814697,0.0,0.0
0.0,0.0,0.0,0.0,0.0,0.0,0.0,13.986253261566162,0.0,0.0
0.0,0.0,0.0,0.0,0.0,0.0,0.0,13.743326187133789,0.0,0.0
0.0,0.0,0.0,0.0,0.0,0.0,0.0,13.831859827041626,0.0,0.0
0.0,0.0,0.0,0.0,0.0,0.0,0.0,13.893910884857178,0.0,0.0
0.0,0.0,0.0,0.0,0.0,0.0,0.0,13.744312763214111,0.0,0.0
0.0,0.0,0.0,0.0,0.0,0.0,0.0,13.65836215019226,0.0,0.0
0.0,0.0,0.0,0.0,0.0,0.0,0.0,13.755752325057983,0.0,0.0
0.0,0.0,0.0,0.0,0.0,0.0,0.0,13.919347524642944,0.0,0.0
0.0,0.0,0.0,0.0,0.0,0.0,0.0,13.885902643203735,0.0,0.0
0.0,0.0,0.0,0.0,0.0,0.0,0.0,13.787653684616089,0.0,0.0
0.0,0.0,0.0,0.0,0.0,0.0,0.0,24.456753969192505,0.0,0.0
0.0,0.0,0.0,0.0,0.0,0.0,0.0,24.74794292449951,0.0,0.0
0.0,0.0,0.0,0.0,0.0,0.0,0.0,24.427983045578003,0.0,0.0
0.0,0.0,0.0,0.0,0.0,0.0,0.0,24.3433198928833,0.0,0.0
0.0,0.0,0.0,0.0,0.0,0.0,0.0,24.409573078155518,0.0,0.0
0.0,0.0,0.0,0.0,0.0,0.0,0.0,24.473302364349365,0.0,0.0
0.0,0.0,0.0,0.0,0.0,0.0,0.0,24.709632873535156,0.0,0.0
0.0,0.0,0.0,0.0,0.0,0.0,0.0,24.94290542602539,0.0,0.0
0.0,0.0,0.0,0.0,0.0,0.0,0.0,25.067834615707397,0.0,0.0
0.0,0.0,0.0,0.0,0.0,0.0,0.0,24.685834646224976,0.0,0.0
0.0,0.0,0.0,0.0,0.0,0.0,0.0,25.225467205047607,0.0,0.0
0.0,0.0,0.0,0.0,0.0,0.0,0.0,24.79460310935974,0.0,0.0
0.0,0.0,0.0,0.0,0.0,0.0,0.0,24.133829593658447,0.0,0.0
0.0,0.0,0.0,0.0,0.0,0.0,0.0,24.20721673965454,0.0,0.0
0.0,0.0,0.0,0.0,0.0,0.0,0.0,24.132044792175293,0.0,0.0
0.0,0.0,0.0,0.0,0.0,0.0,0.0,24.556025981903076,0.0,0.0
0.0,0.0,0.0,0.0,0.0,0.0,0.0,24.284645318984985,0.0,0.0
0.0,0.0,0.0,0.0,0.0,0.0,0.0,23.646075010299683,0.0,0.0
0.0,0.0,0.0,0.0,0.0,0.0,0.0,23.93027639389038,0.0,0.0
0.0,0.0,0.0,0.0,0.0,0.0,0.0,23.700204133987427,0.0,0.0
0.0,0.0,0.0,0.0,0.0,0.0,0.0,23.903701782226562,0.0,0.0
0.0,0.0,0.0,0.0,0.0,0.0,0.0,24.030198097229004,0.0,0.0
0.0,0.0,0.0,0.0,0.0,0.0,0.0,23.899603128433228,0.0,0.0
0.0,0.0,0.0,0.0,0.0,0.0,0.0,23.925976991653442,0.0,0.0
0.0,0.0,0.0,0.0,0.0,0.0,0.0,23.93459916114807,0.0,0.0
0.0,0.0,0.0,0.0,0.0,0.0,0.0,42.00382351875305,0.0,0.0
0.0,0.0,0.0,0.0,0.0,0.0,0.0,41.62259912490845,0.0,0.0
0.0,0.0,0.0,0.0,0.0,0.0,0.0,41.71163582801819,0.0,0.0
0.0,0.0,0.0,0.0,0.0,0.0,0.0,42.68378734588623,0.0,0.0
0.0,0.0,0.0,0.0,0.0,0.0,0.0,42.11777186393738,0.0,0.0
0.0,0.0,0.0,0.0,0.0,0.0,0.0,41.89412212371826,0.0,0.0
0.0,0.0,0.0,0.0,0.0,0.0,0.0,41.89489459991455,0.0,0.0
0.0,0.0,0.0,0.0,0.0,0.0,0.0,42.68116044998169,0.0,0.0
0.0,0.0,0.0,0.0,0.0,0.0,0.0,42.91594934463501,0.0,0.0
0.0,0.0,0.0,0.0,0.0,0.0,0.0,42.458216428756714,0.0,0.0
0.0,0.0,0.0,0.0,0.0,0.0,0.0,42.545679569244385,0.0,0.0
0.0,0.0,0.0,0.0,0.0,0.0,0.0,43.22526836395264,0.0,0.0
0.0,0.0,0.0,0.0,0.0,0.0,0.0,42.38286852836609,0.0,0.0
0.0,0.0,0.0,0.0,0.0,0.0,0.0,42.43597078323364,0.0,0.0
0.0,0.0,0.0,0.0,0.0,0.0,0.0,42.47116208076477,0.0,0.0
0.0,0.0,0.0,0.0,0.0,0.0,0.0,42.72448515892029,0.0,0.0
0.0,0.0,0.0,0.0,0.0,0.0,0.0,42.665594816207886,0.0,0.0
0.0,0.0,0.0,0.0,0.0,0.0,0.0,42.657188177108765,0.0,0.0
0.0,0.0,0.0,0.0,0.0,0.0,0.0,42.80990958213806,0.0,0.0
0.0,0.0,0.0,0.0,0.0,0.0,0.0,42.65425491333008,0.0,0.0
0.0,0.0,0.0,0.0,0.0,0.0,0.0,42.68324947357178,0.0,0.0
0.0,0.0,0.0,0.0,0.0,0.0,0.0,43.758272886276245,0.0,0.0
0.0,0.0,0.0,0.0,0.0,0.0,0.0,43.02968788146973,0.0,0.0
0.0,0.0,0.0,0.0,0.0,0.0,0.0,43.00915884971619,0.0,0.0
0.0,0.0,0.0,0.0,0.0,0.0,0.0,42.83670234680176,0.0,0.0
0.0,0.0,0.0,0.0,0.0,0.0,0.0,75.36753058433533,0.0,0.0
0.0,0.0,0.0,0.0,0.0,0.0,0.0,75.12047147750854,0.0,0.0
0.0,0.0,0.0,0.0,0.0,0.0,0.0,75.45082926750183,0.0,0.0
0.0,0.0,0.0,0.0,0.0,0.0,0.0,75.88656091690063,0.0,0.0
0.0,0.0,0.0,0.0,0.0,0.0,0.0,75.75088715553284,0.0,0.0
0.0,0.0,0.0,0.0,0.0,0.0,0.0,77.09491109848022,0.0,0.0
0.0,0.0,0.0,0.0,0.0,0.0,0.0,76.21632504463196,0.0,0.0
0.0,0.0,0.0,0.0,0.0,0.0,0.0,75.8852276802063,0.0,0.0
0.0,0.0,0.0,0.0,0.0,0.0,0.0,76.50443887710571,0.0,0.0
0.0,0.0,0.0,0.0,0.0,0.0,0.0,75.4842803478241,0.0,0.0
0.0,0.0,0.0,0.0,0.0,0.0,0.0,75.33725166320801,0.0,0.0
0.0,0.0,0.0,0.0,0.0,0.0,0.0,75.80571579933167,0.0,0.0
0.0,0.0,0.0,0.0,0.0,0.0,0.0,76.19087243080139,0.0,0.0
0.0,0.0,0.0,0.0,0.0,0.0,0.0,75.92358136177063,0.0,0.0
0.0,0.0,0.0,0.0,0.0,0.0,0.0,75.77100825309753,0.0,0.0
0.0,0.0,0.0,0.0,0.0,0.0,0.0,76.31493544578552,0.0,0.0
0.0,0.0,0.0,0.0,0.0,0.0,0.0,76.06279110908508,0.0,0.0
0.0,0.0,0.0,0.0,0.0,0.0,0.0,76.79331660270691,0.0,0.0
0.0,0.0,0.0,0.0,0.0,0.0,0.0,76.25817918777466,0.0,0.0
0.0,0.0,0.0,0.0,0.0,0.0,0.0,76.85808300971985,0.0,0.0
0.0,0.0,0.0,0.0,0.0,0.0,0.0,76.19717478752136,0.0,0.0
0.0,0.0,0.0,0.0,0.0,0.0,0.0,76.48083519935608,0.0,0.0
0.0,0.0,0.0,0.0,0.0,0.0,0.0,76.56791520118713,0.0,0.0
0.0,0.0,0.0,0.0,0.0,0.0,0.0,76.3754768371582,0.0,0.0
0.0,0.0,0.0,0.0,0.0,0.0,0.0,78.24338150024414,0.0,0.0
0.0,0.0,0.0,0.0,0.0,0.0,0.0,135.62623143196106,0.0,0.0
0.0,0.0,0.0,0.0,0.0,0.0,0.0,135.6474962234497,0.0,0.0
0.0,0.0,0.0,0.0,0.0,0.0,0.0,137.1959090232849,0.0,0.0
0.0,0.0,0.0,0.0,0.0,0.0,0.0,137.17369771003723,0.0,0.0
0.0,0.0,0.0,0.0,0.0,0.0,0.0,137.00862431526184,0.0,0.0
0.0,0.0,0.0,0.0,0.0,0.0,0.0,140.39348316192627,0.0,0.0
0.0,0.0,0.0,0.0,0.0,0.0,0.0,139.07937145233154,0.0,0.0
0.0,0.0,0.0,0.0,0.0,0.0,0.0,136.59893083572388,0.0,0.0
0.0,0.0,0.0,0.0,0.0,0.0,0.0,140.4004726409912,0.0,0.0
0.0,0.0,0.0,0.0,0.0,0.0,0.0,136.74770498275757,0.0,0.0
0.0,0.0,0.0,0.0,0.0,0.0,0.0,138.49894666671753,0.0,0.0
0.0,0.0,0.0,0.0,0.0,0.0,0.0,136.83109331130981,0.0,0.0
0.0,0.0,0.0,0.0,0.0,0.0,0.0,138.993554353714,0.0,0.0
0.0,0.0,0.0,0.0,0.0,0.0,0.0,139.07746863365173,0.0,0.0
0.0,0.0,0.0,0.0,0.0,0.0,0.0,138.192941904068,0.0,0.0
0.0,0.0,0.0,0.0,0.0,0.0,0.0,139.79783868789673,0.0,0.0
0.0,0.0,0.0,0.0,0.0,0.0,0.0,141.75013422966003,0.0,0.0
0.0,0.0,0.0,0.0,0.0,0.0,0.0,141.18819427490234,0.0,0.0
0.0,0.0,0.0,0.0,0.0,0.0,0.0,142.30118942260742,0.0,0.0
0.0,0.0,0.0,0.0,0.0,0.0,0.0,142.32941937446594,0.0,0.0
0.0,0.0,0.0,0.0,0.0,0.0,0.0,142.79864382743835,0.0,0.0
0.0,0.0,0.0,0.0,0.0,0.0,0.0,143.00180196762085,0.0,0.0
0.0,0.0,0.0,0.0,0.0,0.0,0.0,142.33719277381897,0.0,0.0
0.0,0.0,0.0,0.0,0.0,0.0,0.0,141.72696232795715,0.0,0.0
0.0,0.0,0.0,0.0,0.0,0.0,0.0,141.23047041893005,0.0,0.0
0.0,0.0,0.0,0.0,0.0,0.0,0.0,250.6715865135193,0.0,0.0
0.0,0.0,0.0,0.0,0.0,0.0,0.0,246.35952019691467,0.0,0.0
0.0,0.0,0.0,0.0,0.0,0.0,0.0,246.01927495002747,0.0,0.0
0.0,0.0,0.0,0.0,0.0,0.0,0.0,250.7930932044983,0.0,0.0
0.0,0.0,0.0,0.0,0.0,0.0,0.0,251.31448483467102,0.0,0.0
0.0,0.0,0.0,0.0,0.0,0.0,0.0,253.77430391311646,0.0,0.0
0.0,0.0,0.0,0.0,0.0,0.0,0.0,246.06828141212463,0.0,0.0
0.0,0.0,0.0,0.0,0.0,0.0,0.0,242.68175768852234,0.0,0.0
0.0,0.0,0.0,0.0,0.0,0.0,0.0,247.6525764465332,0.0,0.0
0.0,0.0,0.0,0.0,0.0,0.0,0.0,244.8194444179535,0.0,0.0
0.0,0.0,0.0,0.0,0.0,0.0,0.0,248.22481679916382,0.0,0.0
0.0,0.0,0.0,0.0,0.0,0.0,0.0,246.60426831245422,0.0,0.0
0.0,0.0,0.0,0.0,0.0,0.0,0.0,246.90348529815674,0.0,0.0
0.0,0.0,0.0,0.0,0.0,0.0,0.0,249.0681312084198,0.0,0.0
0.0,0.0,0.0,0.0,0.0,0.0,0.0,250.08171439170837,0.0,0.0
0.0,0.0,0.0,0.0,0.0,0.0,0.0,252.74344539642334,0.0,0.0
0.0,0.0,0.0,0.0,0.0,0.0,0.0,247.10866570472717,0.0,0.0
0.0,0.0,0.0,0.0,0.0,0.0,0.0,249.28818726539612,0.0,0.0
0.0,0.0,0.0,0.0,0.0,0.0,0.0,250.06133246421814,0.0,0.0
0.0,0.0,0.0,0.0,0.0,0.0,0.0,249.94925141334534,0.0,0.0
0.0,0.0,0.0,0.0,0.0,0.0,0.0,251.02691292762756,0.0,0.0
0.0,0.0,0.0,0.0,0.0,0.0,0.0,253.63028478622437,0.0,0.0
0.0,0.0,0.0,0.0,0.0,0.0,0.0,251.98604464530945,0.0,0.0
0.0,0.0,0.0,0.0,0.0,0.0,0.0,251.3505449295044,0.0,0.0
0.0,0.0,0.0,0.0,0.0,0.0,0.0,251.77101182937622,0.0,0.0
